episode_id,scene_seed,instruction_zh,parsed_instruction_json,normalized_target_label_zh,normalized_target_label_en,target_name,target_type,target_color,target_position_x,target_position_y,target_position_z,candidate_id,action_x,action_y,action_z,yaw,gripper_width,approach_height,center_score,reachability_score,collision_score,height_score,gripper_width_score,yaw_score,baseline_score,selected,success,rgb_path,depth_path,object_states_path,candidate_json_path,error_msg
episode_000001,0,抓起中间的物体,"{""confidence"": 0.6, ""intent"": ""pick"", ""language"": ""zh"", ""normalized_target_label_en"": ""center"", ""normalized_target_label_zh"": ""中间的物体"", ""raw_instruction"": ""抓起中间的物体"", ""target_color"": null, ""target_position_hint"": ""center"", ""target_type"": null}",中间的物体,center,blue_cylinder,cylinder,blue,0.518411431616617,0.025178335005859268,0.07,4,0.518411431616617,0.025178335005859268,0.07,0.0,0.025,0.15,1.0,0.8783013617869568,0.95,1.0,1.0,1.0,0.9656602723573915,True,True,data/grasp_success/raw/episode_000001/rgb.png,data/grasp_success/raw/episode_000001/depth.npy,data/grasp_success/raw/episode_000001/object_states.json,data/grasp_success/raw/episode_000001/candidates.json,
episode_000001,0,抓起中间的物体,"{""confidence"": 0.6, ""intent"": ""pick"", ""language"": ""zh"", ""normalized_target_label_en"": ""center"", ""normalized_target_label_zh"": ""中间的物体"", ""raw_instruction"": ""抓起中间的物体"", ""target_color"": null, ""target_position_hint"": ""center"", ""target_type"": null}",中间的物体,center,blue_cylinder,cylinder,blue,0.518411431616617,0.025178335005859268,0.07,3,0.518411431616617,-0.004821664994140731,0.07,0.0,0.025,0.15,0.625,0.8850869184575297,0.44999999999999996,1.0,1.0,1.0,0.754517383691506,False,,data/grasp_success/raw/episode_000001/rgb.png,data/grasp_success/raw/episode_000001/depth.npy,data/grasp_success/raw/episode_000001/object_states.json,data/grasp_success/raw/episode_000001/candidates.json,
episode_000001,0,抓起中间的物体,"{""confidence"": 0.6, ""intent"": ""pick"", ""language"": ""zh"", ""normalized_target_label_en"": ""center"", ""normalized_target_label_zh"": ""中间的物体"", ""raw_instruction"": ""抓起中间的物体"", ""target_color"": null, ""target_position_hint"": ""center"", ""target_type"": null}",中间的物体,center,blue_cylinder,cylinder,blue,0.518411431616617,0.025178335005859268,0.07,5,0.518411431616617,0.055178335005859266,0.07,0.0,0.025,0.15,0.625,0.8683013617869568,0.4477192281277128,1.0,1.0,1.0,0.7507041179829339,False,,data/grasp_success/raw/episode_000001/rgb.png,data/grasp_success/raw/episode_000001/depth.npy,data/grasp_success/raw/episode_000001/object_states.json,data/grasp_success/raw/episode_000001/candidates.json,
episode_000001,0,抓起中间的物体,"{""confidence"": 0.6, ""intent"": ""pick"", ""language"": ""zh"", ""normalized_target_label_en"": ""center"", ""normalized_target_label_zh"": ""中间的物体"", ""raw_instruction"": ""抓起中间的物体"", ""target_color"": null, ""target_position_hint"": ""center"", ""target_type"": null}",中间的物体,center,blue_cylinder,cylinder,blue,0.518411431616617,0.025178335005859268,0.07,7,0.548411431616617,0.025178335005859268,0.07,0.0,0.025,0.15,0.6249999999999997,0.8655740890596841,0.44999999999999996,1.0,1.0,1.0,0.7506148178119367,False,,data/grasp_success/raw/episode_000001/rgb.png,data/grasp_success/raw/episode_000001/depth.npy,data/grasp_success/raw/episode_000001/object_states.json,data/grasp_success/raw/episode_000001/candidates.json,
episode_000001,0,抓起中间的物体,"{""confidence"": 0.6, ""intent"": ""pick"", ""language"": ""zh"", ""normalized_target_label_en"": ""center"", ""normalized_target_label_zh"": ""中间的物体"", ""raw_instruction"": ""抓起中间的物体"", ""target_color"": null, ""target_position_hint"": ""center"", ""target_type"": null}",中间的物体,center,blue_cylinder,cylinder,blue,0.518411431616617,0.025178335005859268,0.07,1,0.48841143161661693,0.025178335005859268,0.07,0.0,0.025,0.15,0.6249999999999997,0.8910286345142296,0.40971461119814934,1.0,1.0,1.0,0.7476486491424758,False,,data/grasp_success/raw/episode_000001/rgb.png,data/grasp_success/raw/episode_000001/depth.npy,data/grasp_success/raw/episode_000001/object_states.json,data/grasp_success/raw/episode_000001/candidates.json,
episode_000001,0,抓起中间的物体,"{""confidence"": 0.6, ""intent"": ""pick"", ""language"": ""zh"", ""normalized_target_label_en"": ""center"", ""normalized_target_label_zh"": ""中间的物体"", ""raw_instruction"": ""抓起中间的物体"", ""target_color"": null, ""target_position_hint"": ""center"", ""target_type"": null}",中间的物体,center,blue_cylinder,cylinder,blue,0.518411431616617,0.025178335005859268,0.07,10,0.48841143161661693,0.025178335005859268,0.07,0.7853981633974483,0.025,0.15,0.6249999999999997,0.8910286345142296,0.3597146111981494,1.0,1.0,1.0,0.7376486491424757,False,,data/grasp_success/raw/episode_000001/rgb.png,data/grasp_success/raw/episode_000001/depth.npy,data/grasp_success/raw/episode_000001/object_states.json,data/grasp_success/raw/episode_000001/candidates.json,
episode_000001,0,抓起中间的物体,"{""confidence"": 0.6, ""intent"": ""pick"", ""language"": ""zh"", ""normalized_target_label_en"": ""center"", ""normalized_target_label_zh"": ""中间的物体"", ""raw_instruction"": ""抓起中间的物体"", ""target_color"": null, ""target_position_hint"": ""center"", ""target_type"": null}",中间的物体,center,blue_cylinder,cylinder,blue,0.518411431616617,0.025178335005859268,0.07,6,0.548411431616617,-0.004821664994140731,0.07,0.0,0.025,0.15,0.4696699141100892,0.872359645730257,0.44999999999999996,1.0,1.0,1.0,0.7053729033790782,False,,data/grasp_success/raw/episode_000001/rgb.png,data/grasp_success/raw/episode_000001/depth.npy,data/grasp_success/raw/episode_000001/object_states.json,data/grasp_success/raw/episode_000001/candidates.json,
episode_000001,0,抓起中间的物体,"{""confidence"": 0.6, ""intent"": ""pick"", ""language"": ""zh"", ""normalized_target_label_en"": ""center"", ""normalized_target_label_zh"": ""中间的物体"", ""raw_instruction"": ""抓起中间的物体"", ""target_color"": null, ""target_position_hint"": ""center"", ""target_type"": null}",中间的物体,center,blue_cylinder,cylinder,blue,0.518411431616617,0.025178335005859268,0.07,8,0.548411431616617,0.055178335005859266,0.07,0.0,0.025,0.15,0.4696699141100892,0.8555740890596841,0.44999999999999996,1.0,1.0,1.0,0.7020157920449636,False,,data/grasp_success/raw/episode_000001/rgb.png,data/grasp_success/raw/episode_000001/depth.npy,data/grasp_success/raw/episode_000001/object_states.json,data/grasp_success/raw/episode_000001/candidates.json,
episode_000002,1,抓起蓝色圆柱,"{""confidence"": 0.8500000000000001, ""intent"": ""pick"", ""language"": ""zh"", ""normalized_target_label_en"": ""blue cylinder"", ""normalized_target_label_zh"": ""蓝色圆柱"", ""raw_instruction"": ""抓起蓝色圆柱"", ""target_color"": ""blue"", ""target_position_hint"": null, ""target_type"": ""cylinder""}",蓝色圆柱,blue cylinder,blue_cylinder,cylinder,blue,0.5252754923795323,0.025101380514788434,0.07,4,0.5252754923795323,0.025101380514788434,0.07,0.0,0.025,0.15,1.0,0.875414987505774,0.95,1.0,1.0,1.0,0.9650829975011548,True,True,data/grasp_success/raw/episode_000002/rgb.png,data/grasp_success/raw/episode_000002/depth.npy,data/grasp_success/raw/episode_000002/object_states.json,data/grasp_success/raw/episode_000002/candidates.json,
episode_000002,1,抓起蓝色圆柱,"{""confidence"": 0.8500000000000001, ""intent"": ""pick"", ""language"": ""zh"", ""normalized_target_label_en"": ""blue cylinder"", ""normalized_target_label_zh"": ""蓝色圆柱"", ""raw_instruction"": ""抓起蓝色圆柱"", ""target_color"": ""blue"", ""target_position_hint"": null, ""target_type"": ""cylinder""}",蓝色圆柱,blue cylinder,blue_cylinder,cylinder,blue,0.5252754923795323,0.025101380514788434,0.07,3,0.5252754923795323,-0.004898619485211565,0.07,0.0,0.025,0.15,0.625,0.8821492411822995,0.44999999999999996,1.0,1.0,1.0,0.7539298482364599,False,,data/grasp_success/raw/episode_000002/rgb.png,data/grasp_success/raw/episode_000002/depth.npy,data/grasp_success/raw/episode_000002/object_states.json,data/grasp_success/raw/episode_000002/candidates.json,
episode_000002,1,抓起蓝色圆柱,"{""confidence"": 0.8500000000000001, ""intent"": ""pick"", ""language"": ""zh"", ""normalized_target_label_en"": ""blue cylinder"", ""normalized_target_label_zh"": ""蓝色圆柱"", ""raw_instruction"": ""抓起蓝色圆柱"", ""target_color"": ""blue"", ""target_position_hint"": null, ""target_type"": ""cylinder""}",蓝色圆柱,blue cylinder,blue_cylinder,cylinder,blue,0.5252754923795323,0.025101380514788434,0.07,1,0.4952754923795323,0.025101380514788434,0.07,0.0,0.025,0.15,0.6249999999999997,0.8881422602330468,0.43655483453232524,1.0,1.0,1.0,0.7524394189530743,False,,data/grasp_success/raw/episode_000002/rgb.png,data/grasp_success/raw/episode_000002/depth.npy,data/grasp_success/raw/episode_000002/object_states.json,data/grasp_success/raw/episode_000002/candidates.json,
episode_000002,1,抓起蓝色圆柱,"{""confidence"": 0.8500000000000001, ""intent"": ""pick"", ""language"": ""zh"", ""normalized_target_label_en"": ""blue cylinder"", ""normalized_target_label_zh"": ""蓝色圆柱"", ""raw_instruction"": ""抓起蓝色圆柱"", ""target_color"": ""blue"", ""target_position_hint"": null, ""target_type"": ""cylinder""}",蓝色圆柱,blue cylinder,blue_cylinder,cylinder,blue,0.5252754923795323,0.025101380514788434,0.07,5,0.5252754923795323,0.05510138051478843,0.07,0.0,0.025,0.15,0.625,0.865414987505774,0.44999999999999996,1.0,1.0,1.0,0.7505829975011549,False,,data/grasp_success/raw/episode_000002/rgb.png,data/grasp_success/raw/episode_000002/depth.npy,data/grasp_success/raw/episode_000002/object_states.json,data/grasp_success/raw/episode_000002/candidates.json,
episode_000002,1,抓起蓝色圆柱,"{""confidence"": 0.8500000000000001, ""intent"": ""pick"", ""language"": ""zh"", ""normalized_target_label_en"": ""blue cylinder"", ""normalized_target_label_zh"": ""蓝色圆柱"", ""raw_instruction"": ""抓起蓝色圆柱"", ""target_color"": ""blue"", ""target_position_hint"": null, ""target_type"": ""cylinder""}",蓝色圆柱,blue cylinder,blue_cylinder,cylinder,blue,0.5252754923795323,0.025101380514788434,0.07,7,0.5552754923795323,0.025101380514788434,0.07,0.0,0.025,0.15,0.6249999999999997,0.8626877147785013,0.44999999999999996,1.0,1.0,1.0,0.7500375429557001,False,,data/grasp_success/raw/episode_000002/rgb.png,data/grasp_success/raw/episode_000002/depth.npy,data/grasp_success/raw/episode_000002/object_states.json,data/grasp_success/raw/episode_000002/candidates.json,
episode_000002,1,抓起蓝色圆柱,"{""confidence"": 0.8500000000000001, ""intent"": ""pick"", ""language"": ""zh"", ""normalized_target_label_en"": ""blue cylinder"", ""normalized_target_label_zh"": ""蓝色圆柱"", ""raw_instruction"": ""抓起蓝色圆柱"", ""target_color"": ""blue"", ""target_position_hint"": null, ""target_type"": ""cylinder""}",蓝色圆柱,blue cylinder,blue_cylinder,cylinder,blue,0.5252754923795323,0.025101380514788434,0.07,10,0.4952754923795323,0.025101380514788434,0.07,0.7853981633974483,0.025,0.15,0.6249999999999997,0.8881422602330468,0.3865548345323253,1.0,1.0,1.0,0.7424394189530743,False,,data/grasp_success/raw/episode_000002/rgb.png,data/grasp_success/raw/episode_000002/depth.npy,data/grasp_success/raw/episode_000002/object_states.json,data/grasp_success/raw/episode_000002/candidates.json,
episode_000002,1,抓起蓝色圆柱,"{""confidence"": 0.8500000000000001, ""intent"": ""pick"", ""language"": ""zh"", ""normalized_target_label_en"": ""blue cylinder"", ""normalized_target_label_zh"": ""蓝色圆柱"", ""raw_instruction"": ""抓起蓝色圆柱"", ""target_color"": ""blue"", ""target_position_hint"": null, ""target_type"": ""cylinder""}",蓝色圆柱,blue cylinder,blue_cylinder,cylinder,blue,0.5252754923795323,0.025101380514788434,0.07,0,0.4952754923795323,-0.004898619485211565,0.07,0.0,0.025,0.15,0.4696699141100892,0.8948765139095723,0.4286711175984472,1.0,1.0,1.0,0.7056105005346307,False,,data/grasp_success/raw/episode_000002/rgb.png,data/grasp_success/raw/episode_000002/depth.npy,data/grasp_success/raw/episode_000002/object_states.json,data/grasp_success/raw/episode_000002/candidates.json,
episode_000002,1,抓起蓝色圆柱,"{""confidence"": 0.8500000000000001, ""intent"": ""pick"", ""language"": ""zh"", ""normalized_target_label_en"": ""blue cylinder"", ""normalized_target_label_zh"": ""蓝色圆柱"", ""raw_instruction"": ""抓起蓝色圆柱"", ""target_color"": ""blue"", ""target_position_hint"": null, ""target_type"": ""cylinder""}",蓝色圆柱,blue cylinder,blue_cylinder,cylinder,blue,0.5252754923795323,0.025101380514788434,0.07,6,0.5552754923795323,-0.004898619485211565,0.07,0.0,0.025,0.15,0.4696699141100892,0.8694219684550268,0.44999999999999996,1.0,1.0,1.0,0.7047853679240321,False,,data/grasp_success/raw/episode_000002/rgb.png,data/grasp_success/raw/episode_000002/depth.npy,data/grasp_success/raw/episode_000002/object_states.json,data/grasp_success/raw/episode_000002/candidates.json,
episode_000003,2,抓起红色方块,"{""confidence"": 0.8500000000000001, ""intent"": ""pick"", ""language"": ""zh"", ""normalized_target_label_en"": ""red cube"", ""normalized_target_label_zh"": ""红色方块"", ""raw_instruction"": ""抓起红色方块"", ""target_color"": ""red"", ""target_position_hint"": null, ""target_type"": ""cube""}",红色方块,red cube,red_cube,cube,red,0.459120685437785,-0.11104345025881301,0.045,4,0.459120685437785,-0.11104345025881301,0.045,0.0,0.035,0.15,1.0,0.8535821710085468,0.95,1.0,1.0,1.0,0.9607164342017094,True,False,data/grasp_success/raw/episode_000003/rgb.png,data/grasp_success/raw/episode_000003/depth.npy,data/grasp_success/raw/episode_000003/object_states.json,data/grasp_success/raw/episode_000003/candidates.json,
episode_000003,2,抓起红色方块,"{""confidence"": 0.8500000000000001, ""intent"": ""pick"", ""language"": ""zh"", ""normalized_target_label_en"": ""red cube"", ""normalized_target_label_zh"": ""红色方块"", ""raw_instruction"": ""抓起红色方块"", ""target_color"": ""red"", ""target_position_hint"": null, ""target_type"": ""cube""}",红色方块,red cube,red_cube,cube,red,0.459120685437785,-0.11104345025881301,0.045,3,0.459120685437785,-0.141043450258813,0.045,0.0,0.035,0.15,0.625,0.8435821710085469,0.44999999999999996,1.0,1.0,1.0,0.7462164342017095,False,,data/grasp_success/raw/episode_000003/rgb.png,data/grasp_success/raw/episode_000003/depth.npy,data/grasp_success/raw/episode_000003/object_states.json,data/grasp_success/raw/episode_000003/candidates.json,
episode_000003,2,抓起红色方块,"{""confidence"": 0.8500000000000001, ""intent"": ""pick"", ""language"": ""zh"", ""normalized_target_label_en"": ""red cube"", ""normalized_target_label_zh"": ""红色方块"", ""raw_instruction"": ""抓起红色方块"", ""target_color"": ""red"", ""target_position_hint"": null, ""target_type"": ""cube""}",红色方块,red cube,red_cube,cube,red,0.459120685437785,-0.11104345025881301,0.045,1,0.42912068543778503,-0.11104345025881301,0.045,0.0,0.035,0.15,0.6250000000000004,0.8408548982812742,0.44999999999999996,1.0,1.0,1.0,0.7456709796562551,False,,data/grasp_success/raw/episode_000003/rgb.png,data/grasp_success/raw/episode_000003/depth.npy,data/grasp_success/raw/episode_000003/object_states.json,data/grasp_success/raw/episode_000003/candidates.json,
episode_000003,2,抓起红色方块,"{""confidence"": 0.8500000000000001, ""intent"": ""pick"", ""language"": ""zh"", ""normalized_target_label_en"": ""red cube"", ""normalized_target_label_zh"": ""红色方块"", ""raw_instruction"": ""抓起红色方块"", ""target_color"": ""red"", ""target_position_hint"": null, ""target_type"": ""cube""}",红色方块,red cube,red_cube,cube,red,0.459120685437785,-0.11104345025881301,0.045,7,0.489120685437785,-0.11104345025881301,0.045,0.0,0.035,0.15,0.6250000000000004,0.8543282560916384,0.4254899926620389,1.0,1.0,1.0,0.7434636497507356,False,,data/grasp_success/raw/episode_000003/rgb.png,data/grasp_success/raw/episode_000003/depth.npy,data/grasp_success/raw/episode_000003/object_states.json,data/grasp_success/raw/episode_000003/candidates.json,
episode_000003,2,抓起红色方块,"{""confidence"": 0.8500000000000001, ""intent"": ""pick"", ""language"": ""zh"", ""normalized_target_label_en"": ""red cube"", ""normalized_target_label_zh"": ""红色方块"", ""raw_instruction"": ""抓起红色方块"", ""target_color"": ""red"", ""target_position_hint"": null, ""target_type"": ""cube""}",红色方块,red cube,red_cube,cube,red,0.459120685437785,-0.11104345025881301,0.045,5,0.459120685437785,-0.08104345025881302,0.045,0.0,0.035,0.15,0.625,0.863582171008547,0.3381993005552101,1.0,1.0,1.0,0.7278562943127515,False,,data/grasp_success/raw/episode_000003/rgb.png,data/grasp_success/raw/episode_000003/depth.npy,data/grasp_success/raw/episode_000003/object_states.json,data/grasp_success/raw/episode_000003/candidates.json,
episode_000003,2,抓起红色方块,"{""confidence"": 0.8500000000000001, ""intent"": ""pick"", ""language"": ""zh"", ""normalized_target_label_en"": ""red cube"", ""normalized_target_label_zh"": ""红色方块"", ""raw_instruction"": ""抓起红色方块"", ""target_color"": ""red"", ""target_position_hint"": null, ""target_type"": ""cube""}",红色方块,red cube,red_cube,cube,red,0.459120685437785,-0.11104345025881301,0.045,6,0.489120685437785,-0.141043450258813,0.045,0.0,0.035,0.15,0.4696699141100896,0.8443282560916384,0.44999999999999996,1.0,1.0,1.0,0.6997666254513546,False,,data/grasp_success/raw/episode_000003/rgb.png,data/grasp_success/raw/episode_000003/depth.npy,data/grasp_success/raw/episode_000003/object_states.json,data/grasp_success/raw/episode_000003/candidates.json,
episode_000003,2,抓起红色方块,"{""confidence"": 0.8500000000000001, ""intent"": ""pick"", ""language"": ""zh"", ""normalized_target_label_en"": ""red cube"", ""normalized_target_label_zh"": ""红色方块"", ""raw_instruction"": ""抓起红色方块"", ""target_color"": ""red"", ""target_position_hint"": null, ""target_type"": ""cube""}",红色方块,red cube,red_cube,cube,red,0.459120685437785,-0.11104345025881301,0.045,0,0.42912068543778503,-0.141043450258813,0.045,0.0,0.035,0.15,0.4696699141100896,0.8308548982812742,0.44999999999999996,1.0,1.0,1.0,0.6970719538892818,False,,data/grasp_success/raw/episode_000003/rgb.png,data/grasp_success/raw/episode_000003/depth.npy,data/grasp_success/raw/episode_000003/object_states.json,data/grasp_success/raw/episode_000003/candidates.json,
episode_000003,2,抓起红色方块,"{""confidence"": 0.8500000000000001, ""intent"": ""pick"", ""language"": ""zh"", ""normalized_target_label_en"": ""red cube"", ""normalized_target_label_zh"": ""红色方块"", ""raw_instruction"": ""抓起红色方块"", ""target_color"": ""red"", ""target_position_hint"": null, ""target_type"": ""cube""}",红色方块,red cube,red_cube,cube,red,0.459120685437785,-0.11104345025881301,0.045,2,0.42912068543778503,-0.08104345025881302,0.045,0.0,0.035,0.15,0.4696699141100896,0.8508548982812741,0.41156409671713645,1.0,1.0,1.0,0.6933847732327091,False,,data/grasp_success/raw/episode_000003/rgb.png,data/grasp_success/raw/episode_000003/depth.npy,data/grasp_success/raw/episode_000003/object_states.json,data/grasp_success/raw/episode_000003/candidates.json,
episode_000004,3,抓起蓝色圆柱,"{""confidence"": 0.8500000000000001, ""intent"": ""pick"", ""language"": ""zh"", ""normalized_target_label_en"": ""blue cylinder"", ""normalized_target_label_zh"": ""蓝色圆柱"", ""raw_instruction"": ""抓起蓝色圆柱"", ""target_color"": ""blue"", ""target_position_hint"": null, ""target_type"": ""cylinder""}",蓝色圆柱,blue cylinder,blue_cylinder,cylinder,blue,0.5173991033309616,0.032078400771923886,0.07,4,0.5173991033309616,0.032078400771923886,0.07,0.0,0.025,0.15,1.0,0.876430812470971,0.95,1.0,1.0,1.0,0.9652861624941942,True,True,data/grasp_success/raw/episode_000004/rgb.png,data/grasp_success/raw/episode_000004/depth.npy,data/grasp_success/raw/episode_000004/object_states.json,data/grasp_success/raw/episode_000004/candidates.json,
episode_000004,3,抓起蓝色圆柱,"{""confidence"": 0.8500000000000001, ""intent"": ""pick"", ""language"": ""zh"", ""normalized_target_label_en"": ""blue cylinder"", ""normalized_target_label_zh"": ""蓝色圆柱"", ""raw_instruction"": ""抓起蓝色圆柱"", ""target_color"": ""blue"", ""target_position_hint"": null, ""target_type"": ""cylinder""}",蓝色圆柱,blue cylinder,blue_cylinder,cylinder,blue,0.5173991033309616,0.032078400771923886,0.07,3,0.5173991033309616,0.002078400771923887,0.07,0.0,0.025,0.15,0.625,0.886430812470971,0.44999999999999996,1.0,1.0,1.0,0.7547861624941943,False,,data/grasp_success/raw/episode_000004/rgb.png,data/grasp_success/raw/episode_000004/depth.npy,data/grasp_success/raw/episode_000004/object_states.json,data/grasp_success/raw/episode_000004/candidates.json,
episode_000004,3,抓起蓝色圆柱,"{""confidence"": 0.8500000000000001, ""intent"": ""pick"", ""language"": ""zh"", ""normalized_target_label_en"": ""blue cylinder"", ""normalized_target_label_zh"": ""蓝色圆柱"", ""raw_instruction"": ""抓起蓝色圆柱"", ""target_color"": ""blue"", ""target_position_hint"": null, ""target_type"": ""cylinder""}",蓝色圆柱,blue cylinder,blue_cylinder,cylinder,blue,0.5173991033309616,0.032078400771923886,0.07,7,0.5473991033309616,0.032078400771923886,0.07,0.0,0.025,0.15,0.6249999999999997,0.8637035397436982,0.44999999999999996,1.0,1.0,1.0,0.7502407079487395,False,,data/grasp_success/raw/episode_000004/rgb.png,data/grasp_success/raw/episode_000004/depth.npy,data/grasp_success/raw/episode_000004/object_states.json,data/grasp_success/raw/episode_000004/candidates.json,
episode_000004,3,抓起蓝色圆柱,"{""confidence"": 0.8500000000000001, ""intent"": ""pick"", ""language"": ""zh"", ""normalized_target_label_en"": ""blue cylinder"", ""normalized_target_label_zh"": ""蓝色圆柱"", ""raw_instruction"": ""抓起蓝色圆柱"", ""target_color"": ""blue"", ""target_position_hint"": null, ""target_type"": ""cylinder""}",蓝色圆柱,blue cylinder,blue_cylinder,cylinder,blue,0.5173991033309616,0.032078400771923886,0.07,5,0.5173991033309616,0.062078400771923885,0.07,0.0,0.025,0.15,0.625,0.866430812470971,0.4112943903178904,1.0,1.0,1.0,0.7430450405577723,False,,data/grasp_success/raw/episode_000004/rgb.png,data/grasp_success/raw/episode_000004/depth.npy,data/grasp_success/raw/episode_000004/object_states.json,data/grasp_success/raw/episode_000004/candidates.json,
episode_000004,3,抓起蓝色圆柱,"{""confidence"": 0.8500000000000001, ""intent"": ""pick"", ""language"": ""zh"", ""normalized_target_label_en"": ""blue cylinder"", ""normalized_target_label_zh"": ""蓝色圆柱"", ""raw_instruction"": ""抓起蓝色圆柱"", ""target_color"": ""blue"", ""target_position_hint"": null, ""target_type"": ""cylinder""}",蓝色圆柱,blue cylinder,blue_cylinder,cylinder,blue,0.5173991033309616,0.032078400771923886,0.07,1,0.4873991033309616,0.032078400771923886,0.07,0.0,0.025,0.15,0.6249999999999997,0.8891580851982437,0.3579196162429964,1.0,1.0,1.0,0.736915540288248,False,,data/grasp_success/raw/episode_000004/rgb.png,data/grasp_success/raw/episode_000004/depth.npy,data/grasp_success/raw/episode_000004/object_states.json,data/grasp_success/raw/episode_000004/candidates.json,
episode_000004,3,抓起蓝色圆柱,"{""confidence"": 0.8500000000000001, ""intent"": ""pick"", ""language"": ""zh"", ""normalized_target_label_en"": ""blue cylinder"", ""normalized_target_label_zh"": ""蓝色圆柱"", ""raw_instruction"": ""抓起蓝色圆柱"", ""target_color"": ""blue"", ""target_position_hint"": null, ""target_type"": ""cylinder""}",蓝色圆柱,blue cylinder,blue_cylinder,cylinder,blue,0.5173991033309616,0.032078400771923886,0.07,10,0.4873991033309616,0.032078400771923886,0.07,0.7853981633974483,0.025,0.15,0.6249999999999997,0.8891580851982437,0.30791961624299646,1.0,1.0,1.0,0.726915540288248,False,,data/grasp_success/raw/episode_000004/rgb.png,data/grasp_success/raw/episode_000004/depth.npy,data/grasp_success/raw/episode_000004/object_states.json,data/grasp_success/raw/episode_000004/candidates.json,
episode_000004,3,抓起蓝色圆柱,"{""confidence"": 0.8500000000000001, ""intent"": ""pick"", ""language"": ""zh"", ""normalized_target_label_en"": ""blue cylinder"", ""normalized_target_label_zh"": ""蓝色圆柱"", ""raw_instruction"": ""抓起蓝色圆柱"", ""target_color"": ""blue"", ""target_position_hint"": null, ""target_type"": ""cylinder""}",蓝色圆柱,blue cylinder,blue_cylinder,cylinder,blue,0.5173991033309616,0.032078400771923886,0.07,0,0.4873991033309616,0.002078400771923887,0.07,0.0,0.025,0.15,0.4696699141100892,0.8991580851982437,0.44999999999999996,1.0,1.0,1.0,0.7107325912726755,False,,data/grasp_success/raw/episode_000004/rgb.png,data/grasp_success/raw/episode_000004/depth.npy,data/grasp_success/raw/episode_000004/object_states.json,data/grasp_success/raw/episode_000004/candidates.json,
episode_000004,3,抓起蓝色圆柱,"{""confidence"": 0.8500000000000001, ""intent"": ""pick"", ""language"": ""zh"", ""normalized_target_label_en"": ""blue cylinder"", ""normalized_target_label_zh"": ""蓝色圆柱"", ""raw_instruction"": ""抓起蓝色圆柱"", ""target_color"": ""blue"", ""target_position_hint"": null, ""target_type"": ""cylinder""}",蓝色圆柱,blue cylinder,blue_cylinder,cylinder,blue,0.5173991033309616,0.032078400771923886,0.07,6,0.5473991033309616,0.002078400771923887,0.07,0.0,0.025,0.15,0.4696699141100892,0.8737035397436982,0.44999999999999996,1.0,1.0,1.0,0.7056416821817664,False,,data/grasp_success/raw/episode_000004/rgb.png,data/grasp_success/raw/episode_000004/depth.npy,data/grasp_success/raw/episode_000004/object_states.json,data/grasp_success/raw/episode_000004/candidates.json,
episode_000005,4,抓起蓝色圆柱,"{""confidence"": 0.8500000000000001, ""intent"": ""pick"", ""language"": ""zh"", ""normalized_target_label_en"": ""blue cylinder"", ""normalized_target_label_zh"": ""蓝色圆柱"", ""raw_instruction"": ""抓起蓝色圆柱"", ""target_color"": ""blue"", ""target_position_hint"": null, ""target_type"": ""cylinder""}",蓝色圆柱,blue cylinder,blue_cylinder,cylinder,blue,0.5179211648522136,0.023099445416048206,0.07,4,0.5179211648522136,0.023099445416048206,0.07,0.0,0.025,0.15,1.0,0.8792023169442166,0.95,1.0,1.0,1.0,0.9658404633888433,True,True,data/grasp_success/raw/episode_000005/rgb.png,data/grasp_success/raw/episode_000005/depth.npy,data/grasp_success/raw/episode_000005/object_states.json,data/grasp_success/raw/episode_000005/candidates.json,
episode_000005,4,抓起蓝色圆柱,"{""confidence"": 0.8500000000000001, ""intent"": ""pick"", ""language"": ""zh"", ""normalized_target_label_en"": ""blue cylinder"", ""normalized_target_label_zh"": ""蓝色圆柱"", ""raw_instruction"": ""抓起蓝色圆柱"", ""target_color"": ""blue"", ""target_position_hint"": null, ""target_type"": ""cylinder""}",蓝色圆柱,blue cylinder,blue_cylinder,cylinder,blue,0.5179211648522136,0.023099445416048206,0.07,1,0.4879211648522136,0.023099445416048206,0.07,0.0,0.025,0.15,0.6249999999999997,0.8919295896714893,0.44379347601225994,1.0,1.0,1.0,0.7546446131367498,False,,data/grasp_success/raw/episode_000005/rgb.png,data/grasp_success/raw/episode_000005/depth.npy,data/grasp_success/raw/episode_000005/object_states.json,data/grasp_success/raw/episode_000005/candidates.json,
episode_000005,4,抓起蓝色圆柱,"{""confidence"": 0.8500000000000001, ""intent"": ""pick"", ""language"": ""zh"", ""normalized_target_label_en"": ""blue cylinder"", ""normalized_target_label_zh"": ""蓝色圆柱"", ""raw_instruction"": ""抓起蓝色圆柱"", ""target_color"": ""blue"", ""target_position_hint"": null, ""target_type"": ""cylinder""}",蓝色圆柱,blue cylinder,blue_cylinder,cylinder,blue,0.5179211648522136,0.023099445416048206,0.07,3,0.5179211648522136,-0.006900554583951793,0.07,0.0,0.025,0.15,0.625,0.884601947221582,0.44999999999999996,1.0,1.0,1.0,0.7544203894443164,False,,data/grasp_success/raw/episode_000005/rgb.png,data/grasp_success/raw/episode_000005/depth.npy,data/grasp_success/raw/episode_000005/object_states.json,data/grasp_success/raw/episode_000005/candidates.json,
episode_000005,4,抓起蓝色圆柱,"{""confidence"": 0.8500000000000001, ""intent"": ""pick"", ""language"": ""zh"", ""normalized_target_label_en"": ""blue cylinder"", ""normalized_target_label_zh"": ""蓝色圆柱"", ""raw_instruction"": ""抓起蓝色圆柱"", ""target_color"": ""blue"", ""target_position_hint"": null, ""target_type"": ""cylinder""}",蓝色圆柱,blue cylinder,blue_cylinder,cylinder,blue,0.5179211648522136,0.023099445416048206,0.07,5,0.5179211648522136,0.053099445416048205,0.07,0.0,0.025,0.15,0.625,0.8692023169442166,0.44999999999999996,1.0,1.0,1.0,0.7513404633888433,False,,data/grasp_success/raw/episode_000005/rgb.png,data/grasp_success/raw/episode_000005/depth.npy,data/grasp_success/raw/episode_000005/object_states.json,data/grasp_success/raw/episode_000005/candidates.json,
episode_000005,4,抓起蓝色圆柱,"{""confidence"": 0.8500000000000001, ""intent"": ""pick"", ""language"": ""zh"", ""normalized_target_label_en"": ""blue cylinder"", ""normalized_target_label_zh"": ""蓝色圆柱"", ""raw_instruction"": ""抓起蓝色圆柱"", ""target_color"": ""blue"", ""target_position_hint"": null, ""target_type"": ""cylinder""}",蓝色圆柱,blue cylinder,blue_cylinder,cylinder,blue,0.5179211648522136,0.023099445416048206,0.07,7,0.5479211648522136,0.023099445416048206,0.07,0.0,0.025,0.15,0.6249999999999997,0.8664750442169438,0.44999999999999996,1.0,1.0,1.0,0.7507950088433887,False,,data/grasp_success/raw/episode_000005/rgb.png,data/grasp_success/raw/episode_000005/depth.npy,data/grasp_success/raw/episode_000005/object_states.json,data/grasp_success/raw/episode_000005/candidates.json,
episode_000005,4,抓起蓝色圆柱,"{""confidence"": 0.8500000000000001, ""intent"": ""pick"", ""language"": ""zh"", ""normalized_target_label_en"": ""blue cylinder"", ""normalized_target_label_zh"": ""蓝色圆柱"", ""raw_instruction"": ""抓起蓝色圆柱"", ""target_color"": ""blue"", ""target_position_hint"": null, ""target_type"": ""cylinder""}",蓝色圆柱,blue cylinder,blue_cylinder,cylinder,blue,0.5179211648522136,0.023099445416048206,0.07,10,0.4879211648522136,0.023099445416048206,0.07,0.7853981633974483,0.025,0.15,0.6249999999999997,0.8919295896714893,0.39379347601226,1.0,1.0,1.0,0.7446446131367498,False,,data/grasp_success/raw/episode_000005/rgb.png,data/grasp_success/raw/episode_000005/depth.npy,data/grasp_success/raw/episode_000005/object_states.json,data/grasp_success/raw/episode_000005/candidates.json,
episode_000005,4,抓起蓝色圆柱,"{""confidence"": 0.8500000000000001, ""intent"": ""pick"", ""language"": ""zh"", ""normalized_target_label_en"": ""blue cylinder"", ""normalized_target_label_zh"": ""蓝色圆柱"", ""raw_instruction"": ""抓起蓝色圆柱"", ""target_color"": ""blue"", ""target_position_hint"": null, ""target_type"": ""cylinder""}",蓝色圆柱,blue cylinder,blue_cylinder,cylinder,blue,0.5179211648522136,0.023099445416048206,0.07,0,0.4879211648522136,-0.006900554583951793,0.07,0.0,0.025,0.15,0.4696699141100892,0.8973292199488547,0.44999999999999996,1.0,1.0,1.0,0.7103668182227977,False,,data/grasp_success/raw/episode_000005/rgb.png,data/grasp_success/raw/episode_000005/depth.npy,data/grasp_success/raw/episode_000005/object_states.json,data/grasp_success/raw/episode_000005/candidates.json,
episode_000005,4,抓起蓝色圆柱,"{""confidence"": 0.8500000000000001, ""intent"": ""pick"", ""language"": ""zh"", ""normalized_target_label_en"": ""blue cylinder"", ""normalized_target_label_zh"": ""蓝色圆柱"", ""raw_instruction"": ""抓起蓝色圆柱"", ""target_color"": ""blue"", ""target_position_hint"": null, ""target_type"": ""cylinder""}",蓝色圆柱,blue cylinder,blue_cylinder,cylinder,blue,0.5179211648522136,0.023099445416048206,0.07,6,0.5479211648522136,-0.006900554583951793,0.07,0.0,0.025,0.15,0.4696699141100892,0.8718746744943093,0.44999999999999996,1.0,1.0,1.0,0.7052759091318886,False,,data/grasp_success/raw/episode_000005/rgb.png,data/grasp_success/raw/episode_000005/depth.npy,data/grasp_success/raw/episode_000005/object_states.json,data/grasp_success/raw/episode_000005/candidates.json,
episode_000006,5,抓起最左边的物体,"{""confidence"": 0.6, ""intent"": ""pick"", ""language"": ""zh"", ""normalized_target_label_en"": ""left"", ""normalized_target_label_zh"": ""左边的物体"", ""raw_instruction"": ""抓起最左边的物体"", ""target_color"": null, ""target_position_hint"": ""left"", ""target_type"": null}",左边的物体,left,green_sphere,sphere,green,0.4047979714947986,0.11844649993330834,0.05,4,0.4047979714947986,0.11844649993330834,0.05,0.0,0.025,0.15,1.0,0.8296240434846703,0.95,1.0,1.0,1.0,0.9559248086969341,True,True,data/grasp_success/raw/episode_000006/rgb.png,data/grasp_success/raw/episode_000006/depth.npy,data/grasp_success/raw/episode_000006/object_states.json,data/grasp_success/raw/episode_000006/candidates.json,
episode_000006,5,抓起最左边的物体,"{""confidence"": 0.6, ""intent"": ""pick"", ""language"": ""zh"", ""normalized_target_label_en"": ""left"", ""normalized_target_label_zh"": ""左边的物体"", ""raw_instruction"": ""抓起最左边的物体"", ""target_color"": null, ""target_position_hint"": ""left"", ""target_type"": null}",左边的物体,left,green_sphere,sphere,green,0.4047979714947986,0.11844649993330834,0.05,5,0.4047979714947986,0.14844649993330833,0.05,0.0,0.025,0.15,0.6250000000000002,0.8196240434846704,0.44999999999999996,1.0,1.0,1.0,0.7414248086969342,False,,data/grasp_success/raw/episode_000006/rgb.png,data/grasp_success/raw/episode_000006/depth.npy,data/grasp_success/raw/episode_000006/object_states.json,data/grasp_success/raw/episode_000006/candidates.json,
episode_000006,5,抓起最左边的物体,"{""confidence"": 0.6, ""intent"": ""pick"", ""language"": ""zh"", ""normalized_target_label_en"": ""left"", ""normalized_target_label_zh"": ""左边的物体"", ""raw_instruction"": ""抓起最左边的物体"", ""target_color"": null, ""target_position_hint"": ""left"", ""target_type"": null}",左边的物体,left,green_sphere,sphere,green,0.4047979714947986,0.11844649993330834,0.05,1,0.37479797149479865,0.11844649993330834,0.05,0.0,0.025,0.15,0.6250000000000004,0.8168967707573976,0.44999999999999996,1.0,1.0,1.0,0.7408793541514797,False,,data/grasp_success/raw/episode_000006/rgb.png,data/grasp_success/raw/episode_000006/depth.npy,data/grasp_success/raw/episode_000006/object_states.json,data/grasp_success/raw/episode_000006/candidates.json,
episode_000006,5,抓起最左边的物体,"{""confidence"": 0.6, ""intent"": ""pick"", ""language"": ""zh"", ""normalized_target_label_en"": ""left"", ""normalized_target_label_zh"": ""左边的物体"", ""raw_instruction"": ""抓起最左边的物体"", ""target_color"": null, ""target_position_hint"": ""left"", ""target_type"": null}",左边的物体,left,green_sphere,sphere,green,0.4047979714947986,0.11844649993330834,0.05,3,0.4047979714947986,0.08844649993330835,0.05,0.0,0.025,0.15,0.625,0.8396240434846705,0.40890801127348975,1.0,1.0,1.0,0.7372064109516321,False,,data/grasp_success/raw/episode_000006/rgb.png,data/grasp_success/raw/episode_000006/depth.npy,data/grasp_success/raw/episode_000006/object_states.json,data/grasp_success/raw/episode_000006/candidates.json,
episode_000006,5,抓起最左边的物体,"{""confidence"": 0.6, ""intent"": ""pick"", ""language"": ""zh"", ""normalized_target_label_en"": ""left"", ""normalized_target_label_zh"": ""左边的物体"", ""raw_instruction"": ""抓起最左边的物体"", ""target_color"": null, ""target_position_hint"": ""left"", ""target_type"": null}",左边的物体,left,green_sphere,sphere,green,0.4047979714947986,0.11844649993330834,0.05,10,0.37479797149479865,0.11844649993330834,0.05,0.7853981633974483,0.025,0.15,0.6250000000000004,0.8168967707573976,0.4,1.0,1.0,1.0,0.7308793541514796,False,,data/grasp_success/raw/episode_000006/rgb.png,data/grasp_success/raw/episode_000006/depth.npy,data/grasp_success/raw/episode_000006/object_states.json,data/grasp_success/raw/episode_000006/candidates.json,
episode_000006,5,抓起最左边的物体,"{""confidence"": 0.6, ""intent"": ""pick"", ""language"": ""zh"", ""normalized_target_label_en"": ""left"", ""normalized_target_label_zh"": ""左边的物体"", ""raw_instruction"": ""抓起最左边的物体"", ""target_color"": null, ""target_position_hint"": ""left"", ""target_type"": null}",左边的物体,left,green_sphere,sphere,green,0.4047979714947986,0.11844649993330834,0.05,7,0.4347979714947986,0.11844649993330834,0.05,0.0,0.025,0.15,0.6250000000000004,0.8423513162119431,0.3644078737382642,1.0,1.0,1.0,0.7288518379900416,False,,data/grasp_success/raw/episode_000006/rgb.png,data/grasp_success/raw/episode_000006/depth.npy,data/grasp_success/raw/episode_000006/object_states.json,data/grasp_success/raw/episode_000006/candidates.json,
episode_000006,5,抓起最左边的物体,"{""confidence"": 0.6, ""intent"": ""pick"", ""language"": ""zh"", ""normalized_target_label_en"": ""left"", ""normalized_target_label_zh"": ""左边的物体"", ""raw_instruction"": ""抓起最左边的物体"", ""target_color"": null, ""target_position_hint"": ""left"", ""target_type"": null}",左边的物体,left,green_sphere,sphere,green,0.4047979714947986,0.11844649993330834,0.05,8,0.4347979714947986,0.14844649993330833,0.05,0.0,0.025,0.15,0.46966991411008974,0.8323513162119431,0.44999999999999996,1.0,1.0,1.0,0.6973712374754156,False,,data/grasp_success/raw/episode_000006/rgb.png,data/grasp_success/raw/episode_000006/depth.npy,data/grasp_success/raw/episode_000006/object_states.json,data/grasp_success/raw/episode_000006/candidates.json,
episode_000006,5,抓起最左边的物体,"{""confidence"": 0.6, ""intent"": ""pick"", ""language"": ""zh"", ""normalized_target_label_en"": ""left"", ""normalized_target_label_zh"": ""左边的物体"", ""raw_instruction"": ""抓起最左边的物体"", ""target_color"": null, ""target_position_hint"": ""left"", ""target_type"": null}",左边的物体,left,green_sphere,sphere,green,0.4047979714947986,0.11844649993330834,0.05,0,0.37479797149479865,0.08844649993330835,0.05,0.0,0.025,0.15,0.4696699141100896,0.8268967707573976,0.44999999999999996,1.0,1.0,1.0,0.6962803283845065,False,,data/grasp_success/raw/episode_000006/rgb.png,data/grasp_success/raw/episode_000006/depth.npy,data/grasp_success/raw/episode_000006/object_states.json,data/grasp_success/raw/episode_000006/candidates.json,
episode_000007,6,抓起最左边的物体,"{""confidence"": 0.6, ""intent"": ""pick"", ""language"": ""zh"", ""normalized_target_label_en"": ""left"", ""normalized_target_label_zh"": ""左边的物体"", ""raw_instruction"": ""抓起最左边的物体"", ""target_color"": null, ""target_position_hint"": ""left"", ""target_type"": null}",左边的物体,left,green_sphere,sphere,green,0.39000903429770145,0.11325637125767535,0.05,4,0.39000903429770145,0.11325637125767535,0.05,0.0,0.025,0.15,1.0,0.8250799918080826,0.95,1.0,1.0,1.0,0.9550159983616165,True,True,data/grasp_success/raw/episode_000007/rgb.png,data/grasp_success/raw/episode_000007/depth.npy,data/grasp_success/raw/episode_000007/object_states.json,data/grasp_success/raw/episode_000007/candidates.json,
episode_000007,6,抓起最左边的物体,"{""confidence"": 0.6, ""intent"": ""pick"", ""language"": ""zh"", ""normalized_target_label_en"": ""left"", ""normalized_target_label_zh"": ""左边的物体"", ""raw_instruction"": ""抓起最左边的物体"", ""target_color"": null, ""target_position_hint"": ""left"", ""target_type"": null}",左边的物体,left,green_sphere,sphere,green,0.39000903429770145,0.11325637125767535,0.05,3,0.39000903429770145,0.08325637125767535,0.05,0.0,0.025,0.15,0.625,0.8350799918080826,0.44999999999999996,1.0,1.0,1.0,0.7445159983616165,False,,data/grasp_success/raw/episode_000007/rgb.png,data/grasp_success/raw/episode_000007/depth.npy,data/grasp_success/raw/episode_000007/object_states.json,data/grasp_success/raw/episode_000007/candidates.json,
episode_000007,6,抓起最左边的物体,"{""confidence"": 0.6, ""intent"": ""pick"", ""language"": ""zh"", ""normalized_target_label_en"": ""left"", ""normalized_target_label_zh"": ""左边的物体"", ""raw_instruction"": ""抓起最左边的物体"", ""target_color"": null, ""target_position_hint"": ""left"", ""target_type"": null}",左边的物体,left,green_sphere,sphere,green,0.39000903429770145,0.11325637125767535,0.05,5,0.39000903429770145,0.14325637125767535,0.05,0.0,0.025,0.15,0.625,0.8150799918080825,0.44999999999999996,1.0,1.0,1.0,0.7405159983616165,False,,data/grasp_success/raw/episode_000007/rgb.png,data/grasp_success/raw/episode_000007/depth.npy,data/grasp_success/raw/episode_000007/object_states.json,data/grasp_success/raw/episode_000007/candidates.json,
episode_000007,6,抓起最左边的物体,"{""confidence"": 0.6, ""intent"": ""pick"", ""language"": ""zh"", ""normalized_target_label_en"": ""left"", ""normalized_target_label_zh"": ""左边的物体"", ""raw_instruction"": ""抓起最左边的物体"", ""target_color"": null, ""target_position_hint"": ""left"", ""target_type"": null}",左边的物体,left,green_sphere,sphere,green,0.39000903429770145,0.11325637125767535,0.05,1,0.3600090342977015,0.11325637125767535,0.05,0.0,0.025,0.15,0.6250000000000004,0.8123527190808099,0.44999999999999996,1.0,1.0,1.0,0.7399705438161621,False,,data/grasp_success/raw/episode_000007/rgb.png,data/grasp_success/raw/episode_000007/depth.npy,data/grasp_success/raw/episode_000007/object_states.json,data/grasp_success/raw/episode_000007/candidates.json,
episode_000007,6,抓起最左边的物体,"{""confidence"": 0.6, ""intent"": ""pick"", ""language"": ""zh"", ""normalized_target_label_en"": ""left"", ""normalized_target_label_zh"": ""左边的物体"", ""raw_instruction"": ""抓起最左边的物体"", ""target_color"": null, ""target_position_hint"": ""left"", ""target_type"": null}",左边的物体,left,green_sphere,sphere,green,0.39000903429770145,0.11325637125767535,0.05,7,0.4200090342977014,0.11325637125767535,0.05,0.0,0.025,0.15,0.6250000000000004,0.8378072645353554,0.41846009113665783,1.0,1.0,1.0,0.7387534711344028,False,,data/grasp_success/raw/episode_000007/rgb.png,data/grasp_success/raw/episode_000007/depth.npy,data/grasp_success/raw/episode_000007/object_states.json,data/grasp_success/raw/episode_000007/candidates.json,
episode_000007,6,抓起最左边的物体,"{""confidence"": 0.6, ""intent"": ""pick"", ""language"": ""zh"", ""normalized_target_label_en"": ""left"", ""normalized_target_label_zh"": ""左边的物体"", ""raw_instruction"": ""抓起最左边的物体"", ""target_color"": null, ""target_position_hint"": ""left"", ""target_type"": null}",左边的物体,left,green_sphere,sphere,green,0.39000903429770145,0.11325637125767535,0.05,10,0.3600090342977015,0.11325637125767535,0.05,0.7853981633974483,0.025,0.15,0.6250000000000004,0.8123527190808099,0.4,1.0,1.0,1.0,0.7299705438161621,False,,data/grasp_success/raw/episode_000007/rgb.png,data/grasp_success/raw/episode_000007/depth.npy,data/grasp_success/raw/episode_000007/object_states.json,data/grasp_success/raw/episode_000007/candidates.json,
episode_000007,6,抓起最左边的物体,"{""confidence"": 0.6, ""intent"": ""pick"", ""language"": ""zh"", ""normalized_target_label_en"": ""left"", ""normalized_target_label_zh"": ""左边的物体"", ""raw_instruction"": ""抓起最左边的物体"", ""target_color"": null, ""target_position_hint"": ""left"", ""target_type"": null}",左边的物体,left,green_sphere,sphere,green,0.39000903429770145,0.11325637125767535,0.05,8,0.4200090342977014,0.14325637125767535,0.05,0.0,0.025,0.15,0.4696699141100896,0.8278072645353554,0.44999999999999996,1.0,1.0,1.0,0.696462427140098,False,,data/grasp_success/raw/episode_000007/rgb.png,data/grasp_success/raw/episode_000007/depth.npy,data/grasp_success/raw/episode_000007/object_states.json,data/grasp_success/raw/episode_000007/candidates.json,
episode_000007,6,抓起最左边的物体,"{""confidence"": 0.6, ""intent"": ""pick"", ""language"": ""zh"", ""normalized_target_label_en"": ""left"", ""normalized_target_label_zh"": ""左边的物体"", ""raw_instruction"": ""抓起最左边的物体"", ""target_color"": null, ""target_position_hint"": ""left"", ""target_type"": null}",左边的物体,left,green_sphere,sphere,green,0.39000903429770145,0.11325637125767535,0.05,0,0.3600090342977015,0.08325637125767535,0.05,0.0,0.025,0.15,0.4696699141100896,0.8223527190808099,0.44999999999999996,1.0,1.0,1.0,0.695371518049189,False,,data/grasp_success/raw/episode_000007/rgb.png,data/grasp_success/raw/episode_000007/depth.npy,data/grasp_success/raw/episode_000007/object_states.json,data/grasp_success/raw/episode_000007/candidates.json,
episode_000008,7,抓起绿色球,"{""confidence"": 0.8500000000000001, ""intent"": ""pick"", ""language"": ""zh"", ""normalized_target_label_en"": ""green sphere"", ""normalized_target_label_zh"": ""绿色球"", ""raw_instruction"": ""抓起绿色球"", ""target_color"": ""green"", ""target_position_hint"": null, ""target_type"": ""sphere""}",绿色球,green sphere,green_sphere,sphere,green,0.4007176400861338,0.10731377833825172,0.05,4,0.4007176400861338,0.10731377833825172,0.05,0.0,0.025,0.15,1.0,0.8316039009944981,0.95,1.0,1.0,1.0,0.9563207801988997,True,True,data/grasp_success/raw/episode_000008/rgb.png,data/grasp_success/raw/episode_000008/depth.npy,data/grasp_success/raw/episode_000008/object_states.json,data/grasp_success/raw/episode_000008/candidates.json,
episode_000008,7,抓起绿色球,"{""confidence"": 0.8500000000000001, ""intent"": ""pick"", ""language"": ""zh"", ""normalized_target_label_en"": ""green sphere"", ""normalized_target_label_zh"": ""绿色球"", ""raw_instruction"": ""抓起绿色球"", ""target_color"": ""green"", ""target_position_hint"": null, ""target_type"": ""sphere""}",绿色球,green sphere,green_sphere,sphere,green,0.4007176400861338,0.10731377833825172,0.05,5,0.4007176400861338,0.1373137783382517,0.05,0.0,0.025,0.15,0.6250000000000002,0.8216039009944982,0.44999999999999996,1.0,1.0,1.0,0.7418207801988997,False,,data/grasp_success/raw/episode_000008/rgb.png,data/grasp_success/raw/episode_000008/depth.npy,data/grasp_success/raw/episode_000008/object_states.json,data/grasp_success/raw/episode_000008/candidates.json,
episode_000008,7,抓起绿色球,"{""confidence"": 0.8500000000000001, ""intent"": ""pick"", ""language"": ""zh"", ""normalized_target_label_en"": ""green sphere"", ""normalized_target_label_zh"": ""绿色球"", ""raw_instruction"": ""抓起绿色球"", ""target_color"": ""green"", ""target_position_hint"": null, ""target_type"": ""sphere""}",绿色球,green sphere,green_sphere,sphere,green,0.4007176400861338,0.10731377833825172,0.05,1,0.37071764008613384,0.10731377833825172,0.05,0.0,0.025,0.15,0.6250000000000004,0.8188766282672254,0.44999999999999996,1.0,1.0,1.0,0.7412753256534452,False,,data/grasp_success/raw/episode_000008/rgb.png,data/grasp_success/raw/episode_000008/depth.npy,data/grasp_success/raw/episode_000008/object_states.json,data/grasp_success/raw/episode_000008/candidates.json,
episode_000008,7,抓起绿色球,"{""confidence"": 0.8500000000000001, ""intent"": ""pick"", ""language"": ""zh"", ""normalized_target_label_en"": ""green sphere"", ""normalized_target_label_zh"": ""绿色球"", ""raw_instruction"": ""抓起绿色球"", ""target_color"": ""green"", ""target_position_hint"": null, ""target_type"": ""sphere""}",绿色球,green sphere,green_sphere,sphere,green,0.4007176400861338,0.10731377833825172,0.05,3,0.4007176400861338,0.07731377833825172,0.05,0.0,0.025,0.15,0.625,0.8416039009944981,0.4250525830942433,1.0,1.0,1.0,0.7408312968177483,False,,data/grasp_success/raw/episode_000008/rgb.png,data/grasp_success/raw/episode_000008/depth.npy,data/grasp_success/raw/episode_000008/object_states.json,data/grasp_success/raw/episode_000008/candidates.json,
episode_000008,7,抓起绿色球,"{""confidence"": 0.8500000000000001, ""intent"": ""pick"", ""language"": ""zh"", ""normalized_target_label_en"": ""green sphere"", ""normalized_target_label_zh"": ""绿色球"", ""raw_instruction"": ""抓起绿色球"", ""target_color"": ""green"", ""target_position_hint"": null, ""target_type"": ""sphere""}",绿色球,green sphere,green_sphere,sphere,green,0.4007176400861338,0.10731377833825172,0.05,7,0.4307176400861338,0.10731377833825172,0.05,0.0,0.025,0.15,0.6250000000000004,0.8443311737217708,0.38729083566875566,1.0,1.0,1.0,0.7338244018781055,False,,data/grasp_success/raw/episode_000008/rgb.png,data/grasp_success/raw/episode_000008/depth.npy,data/grasp_success/raw/episode_000008/object_states.json,data/grasp_success/raw/episode_000008/candidates.json,
episode_000008,7,抓起绿色球,"{""confidence"": 0.8500000000000001, ""intent"": ""pick"", ""language"": ""zh"", ""normalized_target_label_en"": ""green sphere"", ""normalized_target_label_zh"": ""绿色球"", ""raw_instruction"": ""抓起绿色球"", ""target_color"": ""green"", ""target_position_hint"": null, ""target_type"": ""sphere""}",绿色球,green sphere,green_sphere,sphere,green,0.4007176400861338,0.10731377833825172,0.05,10,0.37071764008613384,0.10731377833825172,0.05,0.7853981633974483,0.025,0.15,0.6250000000000004,0.8188766282672254,0.4,1.0,1.0,1.0,0.7312753256534452,False,,data/grasp_success/raw/episode_000008/rgb.png,data/grasp_success/raw/episode_000008/depth.npy,data/grasp_success/raw/episode_000008/object_states.json,data/grasp_success/raw/episode_000008/candidates.json,
episode_000008,7,抓起绿色球,"{""confidence"": 0.8500000000000001, ""intent"": ""pick"", ""language"": ""zh"", ""normalized_target_label_en"": ""green sphere"", ""normalized_target_label_zh"": ""绿色球"", ""raw_instruction"": ""抓起绿色球"", ""target_color"": ""green"", ""target_position_hint"": null, ""target_type"": ""sphere""}",绿色球,green sphere,green_sphere,sphere,green,0.4007176400861338,0.10731377833825172,0.05,8,0.4307176400861338,0.1373137783382517,0.05,0.0,0.025,0.15,0.46966991411008974,0.8343311737217709,0.44999999999999996,1.0,1.0,1.0,0.6977672089773811,False,,data/grasp_success/raw/episode_000008/rgb.png,data/grasp_success/raw/episode_000008/depth.npy,data/grasp_success/raw/episode_000008/object_states.json,data/grasp_success/raw/episode_000008/candidates.json,
episode_000008,7,抓起绿色球,"{""confidence"": 0.8500000000000001, ""intent"": ""pick"", ""language"": ""zh"", ""normalized_target_label_en"": ""green sphere"", ""normalized_target_label_zh"": ""绿色球"", ""raw_instruction"": ""抓起绿色球"", ""target_color"": ""green"", ""target_position_hint"": null, ""target_type"": ""sphere""}",绿色球,green sphere,green_sphere,sphere,green,0.4007176400861338,0.10731377833825172,0.05,0,0.37071764008613384,0.07731377833825172,0.05,0.0,0.025,0.15,0.4696699141100896,0.8288766282672254,0.44999999999999996,1.0,1.0,1.0,0.6966762998864721,False,,data/grasp_success/raw/episode_000008/rgb.png,data/grasp_success/raw/episode_000008/depth.npy,data/grasp_success/raw/episode_000008/object_states.json,data/grasp_success/raw/episode_000008/candidates.json,
episode_000009,8,抓起蓝色圆柱,"{""confidence"": 0.8500000000000001, ""intent"": ""pick"", ""language"": ""zh"", ""normalized_target_label_en"": ""blue cylinder"", ""normalized_target_label_zh"": ""蓝色圆柱"", ""raw_instruction"": ""抓起蓝色圆柱"", ""target_color"": ""blue"", ""target_position_hint"": null, ""target_type"": ""cylinder""}",蓝色圆柱,blue cylinder,blue_cylinder,cylinder,blue,0.5125266179730172,0.03409633845743216,0.07,4,0.5125266179730172,0.03409633845743216,0.07,0.0,0.025,0.15,1.0,0.8778252815761416,0.95,1.0,1.0,1.0,0.9655650563152284,True,True,data/grasp_success/raw/episode_000009/rgb.png,data/grasp_success/raw/episode_000009/depth.npy,data/grasp_success/raw/episode_000009/object_states.json,data/grasp_success/raw/episode_000009/candidates.json,
episode_000009,8,抓起蓝色圆柱,"{""confidence"": 0.8500000000000001, ""intent"": ""pick"", ""language"": ""zh"", ""normalized_target_label_en"": ""blue cylinder"", ""normalized_target_label_zh"": ""蓝色圆柱"", ""raw_instruction"": ""抓起蓝色圆柱"", ""target_color"": ""blue"", ""target_position_hint"": null, ""target_type"": ""cylinder""}",蓝色圆柱,blue cylinder,blue_cylinder,cylinder,blue,0.5125266179730172,0.03409633845743216,0.07,3,0.5125266179730172,0.00409633845743216,0.07,0.0,0.025,0.15,0.625,0.8878252815761416,0.44999999999999996,1.0,1.0,1.0,0.7550650563152284,False,,data/grasp_success/raw/episode_000009/rgb.png,data/grasp_success/raw/episode_000009/depth.npy,data/grasp_success/raw/episode_000009/object_states.json,data/grasp_success/raw/episode_000009/candidates.json,
episode_000009,8,抓起蓝色圆柱,"{""confidence"": 0.8500000000000001, ""intent"": ""pick"", ""language"": ""zh"", ""normalized_target_label_en"": ""blue cylinder"", ""normalized_target_label_zh"": ""蓝色圆柱"", ""raw_instruction"": ""抓起蓝色圆柱"", ""target_color"": ""blue"", ""target_position_hint"": null, ""target_type"": ""cylinder""}",蓝色圆柱,blue cylinder,blue_cylinder,cylinder,blue,0.5125266179730172,0.03409633845743216,0.07,7,0.5425266179730173,0.03409633845743216,0.07,0.0,0.025,0.15,0.6249999999999997,0.8650980088488688,0.44999999999999996,1.0,1.0,1.0,0.7505196017697737,False,,data/grasp_success/raw/episode_000009/rgb.png,data/grasp_success/raw/episode_000009/depth.npy,data/grasp_success/raw/episode_000009/object_states.json,data/grasp_success/raw/episode_000009/candidates.json,
episode_000009,8,抓起蓝色圆柱,"{""confidence"": 0.8500000000000001, ""intent"": ""pick"", ""language"": ""zh"", ""normalized_target_label_en"": ""blue cylinder"", ""normalized_target_label_zh"": ""蓝色圆柱"", ""raw_instruction"": ""抓起蓝色圆柱"", ""target_color"": ""blue"", ""target_position_hint"": null, ""target_type"": ""cylinder""}",蓝色圆柱,blue cylinder,blue_cylinder,cylinder,blue,0.5125266179730172,0.03409633845743216,0.07,5,0.5125266179730172,0.06409633845743215,0.07,0.0,0.025,0.15,0.6250000000000001,0.8678252815761416,0.43894146397609335,1.0,1.0,1.0,0.748853349110447,False,,data/grasp_success/raw/episode_000009/rgb.png,data/grasp_success/raw/episode_000009/depth.npy,data/grasp_success/raw/episode_000009/object_states.json,data/grasp_success/raw/episode_000009/candidates.json,
episode_000009,8,抓起蓝色圆柱,"{""confidence"": 0.8500000000000001, ""intent"": ""pick"", ""language"": ""zh"", ""normalized_target_label_en"": ""blue cylinder"", ""normalized_target_label_zh"": ""蓝色圆柱"", ""raw_instruction"": ""抓起蓝色圆柱"", ""target_color"": ""blue"", ""target_position_hint"": null, ""target_type"": ""cylinder""}",蓝色圆柱,blue cylinder,blue_cylinder,cylinder,blue,0.5125266179730172,0.03409633845743216,0.07,1,0.4825266179730172,0.03409633845743216,0.07,0.0,0.025,0.15,0.6249999999999997,0.8905525543034143,0.383357723927632,1.0,1.0,1.0,0.7422820556462092,False,,data/grasp_success/raw/episode_000009/rgb.png,data/grasp_success/raw/episode_000009/depth.npy,data/grasp_success/raw/episode_000009/object_states.json,data/grasp_success/raw/episode_000009/candidates.json,
episode_000009,8,抓起蓝色圆柱,"{""confidence"": 0.8500000000000001, ""intent"": ""pick"", ""language"": ""zh"", ""normalized_target_label_en"": ""blue cylinder"", ""normalized_target_label_zh"": ""蓝色圆柱"", ""raw_instruction"": ""抓起蓝色圆柱"", ""target_color"": ""blue"", ""target_position_hint"": null, ""target_type"": ""cylinder""}",蓝色圆柱,blue cylinder,blue_cylinder,cylinder,blue,0.5125266179730172,0.03409633845743216,0.07,10,0.4825266179730172,0.03409633845743216,0.07,0.7853981633974483,0.025,0.15,0.6249999999999997,0.8905525543034143,0.3333577239276321,1.0,1.0,1.0,0.7322820556462092,False,,data/grasp_success/raw/episode_000009/rgb.png,data/grasp_success/raw/episode_000009/depth.npy,data/grasp_success/raw/episode_000009/object_states.json,data/grasp_success/raw/episode_000009/candidates.json,
episode_000009,8,抓起蓝色圆柱,"{""confidence"": 0.8500000000000001, ""intent"": ""pick"", ""language"": ""zh"", ""normalized_target_label_en"": ""blue cylinder"", ""normalized_target_label_zh"": ""蓝色圆柱"", ""raw_instruction"": ""抓起蓝色圆柱"", ""target_color"": ""blue"", ""target_position_hint"": null, ""target_type"": ""cylinder""}",蓝色圆柱,blue cylinder,blue_cylinder,cylinder,blue,0.5125266179730172,0.03409633845743216,0.07,0,0.4825266179730172,0.00409633845743216,0.07,0.0,0.025,0.15,0.4696699141100892,0.9005525543034143,0.4318708079927426,1.0,1.0,1.0,0.7073856466922581,False,,data/grasp_success/raw/episode_000009/rgb.png,data/grasp_success/raw/episode_000009/depth.npy,data/grasp_success/raw/episode_000009/object_states.json,data/grasp_success/raw/episode_000009/candidates.json,
episode_000009,8,抓起蓝色圆柱,"{""confidence"": 0.8500000000000001, ""intent"": ""pick"", ""language"": ""zh"", ""normalized_target_label_en"": ""blue cylinder"", ""normalized_target_label_zh"": ""蓝色圆柱"", ""raw_instruction"": ""抓起蓝色圆柱"", ""target_color"": ""blue"", ""target_position_hint"": null, ""target_type"": ""cylinder""}",蓝色圆柱,blue cylinder,blue_cylinder,cylinder,blue,0.5125266179730172,0.03409633845743216,0.07,6,0.5425266179730173,0.00409633845743216,0.07,0.0,0.025,0.15,0.4696699141100892,0.8750980088488688,0.44999999999999996,1.0,1.0,1.0,0.7059205760028006,False,,data/grasp_success/raw/episode_000009/rgb.png,data/grasp_success/raw/episode_000009/depth.npy,data/grasp_success/raw/episode_000009/object_states.json,data/grasp_success/raw/episode_000009/candidates.json,
episode_000010,9,抓起中间的物体,"{""confidence"": 0.6, ""intent"": ""pick"", ""language"": ""zh"", ""normalized_target_label_en"": ""center"", ""normalized_target_label_zh"": ""中间的物体"", ""raw_instruction"": ""抓起中间的物体"", ""target_color"": null, ""target_position_hint"": ""center"", ""target_type"": null}",中间的物体,center,blue_cylinder,cylinder,blue,0.5127707882502891,0.037331236999726826,0.07,4,0.5127707882502891,0.037331236999726826,0.07,0.0,0.025,0.15,1.0,0.8766433946716856,0.95,1.0,1.0,1.0,0.9653286789343372,True,True,data/grasp_success/raw/episode_000010/rgb.png,data/grasp_success/raw/episode_000010/depth.npy,data/grasp_success/raw/episode_000010/object_states.json,data/grasp_success/raw/episode_000010/candidates.json,
episode_000010,9,抓起中间的物体,"{""confidence"": 0.6, ""intent"": ""pick"", ""language"": ""zh"", ""normalized_target_label_en"": ""center"", ""normalized_target_label_zh"": ""中间的物体"", ""raw_instruction"": ""抓起中间的物体"", ""target_color"": null, ""target_position_hint"": ""center"", ""target_type"": null}",中间的物体,center,blue_cylinder,cylinder,blue,0.5127707882502891,0.037331236999726826,0.07,3,0.5127707882502891,0.007331236999726827,0.07,0.0,0.025,0.15,0.625,0.8866433946716856,0.44999999999999996,1.0,1.0,1.0,0.7548286789343371,False,,data/grasp_success/raw/episode_000010/rgb.png,data/grasp_success/raw/episode_000010/depth.npy,data/grasp_success/raw/episode_000010/object_states.json,data/grasp_success/raw/episode_000010/candidates.json,
episode_000010,9,抓起中间的物体,"{""confidence"": 0.6, ""intent"": ""pick"", ""language"": ""zh"", ""normalized_target_label_en"": ""center"", ""normalized_target_label_zh"": ""中间的物体"", ""raw_instruction"": ""抓起中间的物体"", ""target_color"": null, ""target_position_hint"": ""center"", ""target_type"": null}",中间的物体,center,blue_cylinder,cylinder,blue,0.5127707882502891,0.037331236999726826,0.07,5,0.5127707882502891,0.06733123699972682,0.07,0.0,0.025,0.15,0.6250000000000001,0.8666433946716856,0.4494191474839643,1.0,1.0,1.0,0.75071250843113,False,,data/grasp_success/raw/episode_000010/rgb.png,data/grasp_success/raw/episode_000010/depth.npy,data/grasp_success/raw/episode_000010/object_states.json,data/grasp_success/raw/episode_000010/candidates.json,
episode_000010,9,抓起中间的物体,"{""confidence"": 0.6, ""intent"": ""pick"", ""language"": ""zh"", ""normalized_target_label_en"": ""center"", ""normalized_target_label_zh"": ""中间的物体"", ""raw_instruction"": ""抓起中间的物体"", ""target_color"": null, ""target_position_hint"": ""center"", ""target_type"": null}",中间的物体,center,blue_cylinder,cylinder,blue,0.5127707882502891,0.037331236999726826,0.07,7,0.5427707882502891,0.037331236999726826,0.07,0.0,0.025,0.15,0.6249999999999997,0.8639161219444128,0.44999999999999996,1.0,1.0,1.0,0.7502832243888825,False,,data/grasp_success/raw/episode_000010/rgb.png,data/grasp_success/raw/episode_000010/depth.npy,data/grasp_success/raw/episode_000010/object_states.json,data/grasp_success/raw/episode_000010/candidates.json,
episode_000010,9,抓起中间的物体,"{""confidence"": 0.6, ""intent"": ""pick"", ""language"": ""zh"", ""normalized_target_label_en"": ""center"", ""normalized_target_label_zh"": ""中间的物体"", ""raw_instruction"": ""抓起中间的物体"", ""target_color"": null, ""target_position_hint"": ""center"", ""target_type"": null}",中间的物体,center,blue_cylinder,cylinder,blue,0.5127707882502891,0.037331236999726826,0.07,1,0.4827707882502891,0.037331236999726826,0.07,0.0,0.025,0.15,0.6249999999999997,0.8893706673989583,0.39499599585898204,1.0,1.0,1.0,0.744373332651588,False,,data/grasp_success/raw/episode_000010/rgb.png,data/grasp_success/raw/episode_000010/depth.npy,data/grasp_success/raw/episode_000010/object_states.json,data/grasp_success/raw/episode_000010/candidates.json,
episode_000010,9,抓起中间的物体,"{""confidence"": 0.6, ""intent"": ""pick"", ""language"": ""zh"", ""normalized_target_label_en"": ""center"", ""normalized_target_label_zh"": ""中间的物体"", ""raw_instruction"": ""抓起中间的物体"", ""target_color"": null, ""target_position_hint"": ""center"", ""target_type"": null}",中间的物体,center,blue_cylinder,cylinder,blue,0.5127707882502891,0.037331236999726826,0.07,10,0.4827707882502891,0.037331236999726826,0.07,0.7853981633974483,0.025,0.15,0.6249999999999997,0.8893706673989583,0.3449959958589821,1.0,1.0,1.0,0.734373332651588,False,,data/grasp_success/raw/episode_000010/rgb.png,data/grasp_success/raw/episode_000010/depth.npy,data/grasp_success/raw/episode_000010/object_states.json,data/grasp_success/raw/episode_000010/candidates.json,
episode_000010,9,抓起中间的物体,"{""confidence"": 0.6, ""intent"": ""pick"", ""language"": ""zh"", ""normalized_target_label_en"": ""center"", ""normalized_target_label_zh"": ""中间的物体"", ""raw_instruction"": ""抓起中间的物体"", ""target_color"": null, ""target_position_hint"": ""center"", ""target_type"": null}",中间的物体,center,blue_cylinder,cylinder,blue,0.5127707882502891,0.037331236999726826,0.07,0,0.4827707882502891,0.007331236999726827,0.07,0.0,0.025,0.15,0.4696699141100892,0.8993706673989583,0.44999999999999996,1.0,1.0,1.0,0.7107751077128185,False,,data/grasp_success/raw/episode_000010/rgb.png,data/grasp_success/raw/episode_000010/depth.npy,data/grasp_success/raw/episode_000010/object_states.json,data/grasp_success/raw/episode_000010/candidates.json,
episode_000010,9,抓起中间的物体,"{""confidence"": 0.6, ""intent"": ""pick"", ""language"": ""zh"", ""normalized_target_label_en"": ""center"", ""normalized_target_label_zh"": ""中间的物体"", ""raw_instruction"": ""抓起中间的物体"", ""target_color"": null, ""target_position_hint"": ""center"", ""target_type"": null}",中间的物体,center,blue_cylinder,cylinder,blue,0.5127707882502891,0.037331236999726826,0.07,6,0.5427707882502891,0.007331236999726827,0.07,0.0,0.025,0.15,0.4696699141100892,0.8739161219444129,0.44999999999999996,1.0,1.0,1.0,0.7056841986219093,False,,data/grasp_success/raw/episode_000010/rgb.png,data/grasp_success/raw/episode_000010/depth.npy,data/grasp_success/raw/episode_000010/object_states.json,data/grasp_success/raw/episode_000010/candidates.json,
episode_000011,10,抓起最左边的物体,"{""confidence"": 0.6, ""intent"": ""pick"", ""language"": ""zh"", ""normalized_target_label_en"": ""left"", ""normalized_target_label_zh"": ""左边的物体"", ""raw_instruction"": ""抓起最左边的物体"", ""target_color"": null, ""target_position_hint"": ""left"", ""target_type"": null}",左边的物体,left,green_sphere,sphere,green,0.40626642502714644,0.1164717774506689,0.05,4,0.40626642502714644,0.1164717774506689,0.05,0.0,0.025,0.15,1.0,0.8309052645986674,0.95,1.0,1.0,1.0,0.9561810529197335,True,True,data/grasp_success/raw/episode_000011/rgb.png,data/grasp_success/raw/episode_000011/depth.npy,data/grasp_success/raw/episode_000011/object_states.json,data/grasp_success/raw/episode_000011/candidates.json,
episode_000011,10,抓起最左边的物体,"{""confidence"": 0.6, ""intent"": ""pick"", ""language"": ""zh"", ""normalized_target_label_en"": ""left"", ""normalized_target_label_zh"": ""左边的物体"", ""raw_instruction"": ""抓起最左边的物体"", ""target_color"": null, ""target_position_hint"": ""left"", ""target_type"": null}",左边的物体,left,green_sphere,sphere,green,0.40626642502714644,0.1164717774506689,0.05,5,0.40626642502714644,0.14647177745066892,0.05,0.0,0.025,0.15,0.6249999999999998,0.8209052645986674,0.44999999999999996,1.0,1.0,1.0,0.7416810529197334,False,,data/grasp_success/raw/episode_000011/rgb.png,data/grasp_success/raw/episode_000011/depth.npy,data/grasp_success/raw/episode_000011/object_states.json,data/grasp_success/raw/episode_000011/candidates.json,
episode_000011,10,抓起最左边的物体,"{""confidence"": 0.6, ""intent"": ""pick"", ""language"": ""zh"", ""normalized_target_label_en"": ""left"", ""normalized_target_label_zh"": ""左边的物体"", ""raw_instruction"": ""抓起最左边的物体"", ""target_color"": null, ""target_position_hint"": ""left"", ""target_type"": null}",左边的物体,left,green_sphere,sphere,green,0.40626642502714644,0.1164717774506689,0.05,1,0.37626642502714647,0.1164717774506689,0.05,0.0,0.025,0.15,0.6250000000000004,0.8181779918713947,0.44999999999999996,1.0,1.0,1.0,0.7411355983742791,False,,data/grasp_success/raw/episode_000011/rgb.png,data/grasp_success/raw/episode_000011/depth.npy,data/grasp_success/raw/episode_000011/object_states.json,data/grasp_success/raw/episode_000011/candidates.json,
episode_000011,10,抓起最左边的物体,"{""confidence"": 0.6, ""intent"": ""pick"", ""language"": ""zh"", ""normalized_target_label_en"": ""left"", ""normalized_target_label_zh"": ""左边的物体"", ""raw_instruction"": ""抓起最左边的物体"", ""target_color"": null, ""target_position_hint"": ""left"", ""target_type"": null}",左边的物体,left,green_sphere,sphere,green,0.40626642502714644,0.1164717774506689,0.05,3,0.40626642502714644,0.0864717774506689,0.05,0.0,0.025,0.15,0.625,0.8409052645986674,0.40983532033948833,1.0,1.0,1.0,0.7376481169876312,False,,data/grasp_success/raw/episode_000011/rgb.png,data/grasp_success/raw/episode_000011/depth.npy,data/grasp_success/raw/episode_000011/object_states.json,data/grasp_success/raw/episode_000011/candidates.json,
episode_000011,10,抓起最左边的物体,"{""confidence"": 0.6, ""intent"": ""pick"", ""language"": ""zh"", ""normalized_target_label_en"": ""left"", ""normalized_target_label_zh"": ""左边的物体"", ""raw_instruction"": ""抓起最左边的物体"", ""target_color"": null, ""target_position_hint"": ""left"", ""target_type"": null}",左边的物体,left,green_sphere,sphere,green,0.40626642502714644,0.1164717774506689,0.05,7,0.4362664250271464,0.1164717774506689,0.05,0.0,0.025,0.15,0.6250000000000004,0.8436325373259401,0.3857091262053097,1.0,1.0,1.0,0.7333683327062501,False,,data/grasp_success/raw/episode_000011/rgb.png,data/grasp_success/raw/episode_000011/depth.npy,data/grasp_success/raw/episode_000011/object_states.json,data/grasp_success/raw/episode_000011/candidates.json,
episode_000011,10,抓起最左边的物体,"{""confidence"": 0.6, ""intent"": ""pick"", ""language"": ""zh"", ""normalized_target_label_en"": ""left"", ""normalized_target_label_zh"": ""左边的物体"", ""raw_instruction"": ""抓起最左边的物体"", ""target_color"": null, ""target_position_hint"": ""left"", ""target_type"": null}",左边的物体,left,green_sphere,sphere,green,0.40626642502714644,0.1164717774506689,0.05,10,0.37626642502714647,0.1164717774506689,0.05,0.7853981633974483,0.025,0.15,0.6250000000000004,0.8181779918713947,0.4,1.0,1.0,1.0,0.7311355983742791,False,,data/grasp_success/raw/episode_000011/rgb.png,data/grasp_success/raw/episode_000011/depth.npy,data/grasp_success/raw/episode_000011/object_states.json,data/grasp_success/raw/episode_000011/candidates.json,
episode_000011,10,抓起最左边的物体,"{""confidence"": 0.6, ""intent"": ""pick"", ""language"": ""zh"", ""normalized_target_label_en"": ""left"", ""normalized_target_label_zh"": ""左边的物体"", ""raw_instruction"": ""抓起最左边的物体"", ""target_color"": null, ""target_position_hint"": ""left"", ""target_type"": null}",左边的物体,left,green_sphere,sphere,green,0.40626642502714644,0.1164717774506689,0.05,8,0.4362664250271464,0.14647177745066892,0.05,0.0,0.025,0.15,0.4696699141100895,0.8336325373259401,0.44999999999999996,1.0,1.0,1.0,0.6976274816982149,False,,data/grasp_success/raw/episode_000011/rgb.png,data/grasp_success/raw/episode_000011/depth.npy,data/grasp_success/raw/episode_000011/object_states.json,data/grasp_success/raw/episode_000011/candidates.json,
episode_000011,10,抓起最左边的物体,"{""confidence"": 0.6, ""intent"": ""pick"", ""language"": ""zh"", ""normalized_target_label_en"": ""left"", ""normalized_target_label_zh"": ""左边的物体"", ""raw_instruction"": ""抓起最左边的物体"", ""target_color"": null, ""target_position_hint"": ""left"", ""target_type"": null}",左边的物体,left,green_sphere,sphere,green,0.40626642502714644,0.1164717774506689,0.05,0,0.37626642502714647,0.0864717774506689,0.05,0.0,0.025,0.15,0.4696699141100896,0.8281779918713947,0.44999999999999996,1.0,1.0,1.0,0.6965365726073058,False,,data/grasp_success/raw/episode_000011/rgb.png,data/grasp_success/raw/episode_000011/depth.npy,data/grasp_success/raw/episode_000011/object_states.json,data/grasp_success/raw/episode_000011/candidates.json,
episode_000012,11,抓起中间的物体,"{""confidence"": 0.6, ""intent"": ""pick"", ""language"": ""zh"", ""normalized_target_label_en"": ""center"", ""normalized_target_label_zh"": ""中间的物体"", ""raw_instruction"": ""抓起中间的物体"", ""target_color"": null, ""target_position_hint"": ""center"", ""target_type"": null}",中间的物体,center,blue_cylinder,cylinder,blue,0.5284842116804747,0.029313001401995463,0.07,4,0.5284842116804747,0.029313001401995463,0.07,0.0,0.025,0.15,1.0,0.8726498390217597,0.95,1.0,1.0,1.0,0.964529967804352,True,True,data/grasp_success/raw/episode_000012/rgb.png,data/grasp_success/raw/episode_000012/depth.npy,data/grasp_success/raw/episode_000012/object_states.json,data/grasp_success/raw/episode_000012/candidates.json,
episode_000012,11,抓起中间的物体,"{""confidence"": 0.6, ""intent"": ""pick"", ""language"": ""zh"", ""normalized_target_label_en"": ""center"", ""normalized_target_label_zh"": ""中间的物体"", ""raw_instruction"": ""抓起中间的物体"", ""target_color"": null, ""target_position_hint"": ""center"", ""target_type"": null}",中间的物体,center,blue_cylinder,cylinder,blue,0.5284842116804747,0.029313001401995463,0.07,3,0.5284842116804747,-0.0006869985980045359,0.07,0.0,0.025,0.15,0.625,0.8821918399564234,0.44999999999999996,1.0,1.0,1.0,0.7539383679912847,False,,data/grasp_success/raw/episode_000012/rgb.png,data/grasp_success/raw/episode_000012/depth.npy,data/grasp_success/raw/episode_000012/object_states.json,data/grasp_success/raw/episode_000012/candidates.json,
episode_000012,11,抓起中间的物体,"{""confidence"": 0.6, ""intent"": ""pick"", ""language"": ""zh"", ""normalized_target_label_en"": ""center"", ""normalized_target_label_zh"": ""中间的物体"", ""raw_instruction"": ""抓起中间的物体"", ""target_color"": null, ""target_position_hint"": ""center"", ""target_type"": null}",中间的物体,center,blue_cylinder,cylinder,blue,0.5284842116804747,0.029313001401995463,0.07,1,0.49848421168047463,0.029313001401995463,0.07,0.0,0.025,0.15,0.6249999999999997,0.8853771117490324,0.4424002212056608,1.0,1.0,1.0,0.7530554665909386,False,,data/grasp_success/raw/episode_000012/rgb.png,data/grasp_success/raw/episode_000012/depth.npy,data/grasp_success/raw/episode_000012/object_states.json,data/grasp_success/raw/episode_000012/candidates.json,
episode_000012,11,抓起中间的物体,"{""confidence"": 0.6, ""intent"": ""pick"", ""language"": ""zh"", ""normalized_target_label_en"": ""center"", ""normalized_target_label_zh"": ""中间的物体"", ""raw_instruction"": ""抓起中间的物体"", ""target_color"": null, ""target_position_hint"": ""center"", ""target_type"": null}",中间的物体,center,blue_cylinder,cylinder,blue,0.5284842116804747,0.029313001401995463,0.07,5,0.5284842116804747,0.05931300140199546,0.07,0.0,0.025,0.15,0.625,0.8626498390217597,0.44999999999999996,1.0,1.0,1.0,0.7500299678043519,False,,data/grasp_success/raw/episode_000012/rgb.png,data/grasp_success/raw/episode_000012/depth.npy,data/grasp_success/raw/episode_000012/object_states.json,data/grasp_success/raw/episode_000012/candidates.json,
episode_000012,11,抓起中间的物体,"{""confidence"": 0.6, ""intent"": ""pick"", ""language"": ""zh"", ""normalized_target_label_en"": ""center"", ""normalized_target_label_zh"": ""中间的物体"", ""raw_instruction"": ""抓起中间的物体"", ""target_color"": null, ""target_position_hint"": ""center"", ""target_type"": null}",中间的物体,center,blue_cylinder,cylinder,blue,0.5284842116804747,0.029313001401995463,0.07,7,0.5584842116804747,0.029313001401995463,0.07,0.0,0.025,0.15,0.6249999999999997,0.8599225662944869,0.44999999999999996,1.0,1.0,1.0,0.7494845132588973,False,,data/grasp_success/raw/episode_000012/rgb.png,data/grasp_success/raw/episode_000012/depth.npy,data/grasp_success/raw/episode_000012/object_states.json,data/grasp_success/raw/episode_000012/candidates.json,
episode_000012,11,抓起中间的物体,"{""confidence"": 0.6, ""intent"": ""pick"", ""language"": ""zh"", ""normalized_target_label_en"": ""center"", ""normalized_target_label_zh"": ""中间的物体"", ""raw_instruction"": ""抓起中间的物体"", ""target_color"": null, ""target_position_hint"": ""center"", ""target_type"": null}",中间的物体,center,blue_cylinder,cylinder,blue,0.5284842116804747,0.029313001401995463,0.07,10,0.49848421168047463,0.029313001401995463,0.07,0.7853981633974483,0.025,0.15,0.6249999999999997,0.8853771117490324,0.39240022120566087,1.0,1.0,1.0,0.7430554665909386,False,,data/grasp_success/raw/episode_000012/rgb.png,data/grasp_success/raw/episode_000012/depth.npy,data/grasp_success/raw/episode_000012/object_states.json,data/grasp_success/raw/episode_000012/candidates.json,
episode_000012,11,抓起中间的物体,"{""confidence"": 0.6, ""intent"": ""pick"", ""language"": ""zh"", ""normalized_target_label_en"": ""center"", ""normalized_target_label_zh"": ""中间的物体"", ""raw_instruction"": ""抓起中间的物体"", ""target_color"": null, ""target_position_hint"": ""center"", ""target_type"": null}",中间的物体,center,blue_cylinder,cylinder,blue,0.5284842116804747,0.029313001401995463,0.07,0,0.49848421168047463,-0.0006869985980045359,0.07,0.0,0.025,0.15,0.4696699141100892,0.8949191126836962,0.44999999999999996,1.0,1.0,1.0,0.709884796769766,False,,data/grasp_success/raw/episode_000012/rgb.png,data/grasp_success/raw/episode_000012/depth.npy,data/grasp_success/raw/episode_000012/object_states.json,data/grasp_success/raw/episode_000012/candidates.json,
episode_000012,11,抓起中间的物体,"{""confidence"": 0.6, ""intent"": ""pick"", ""language"": ""zh"", ""normalized_target_label_en"": ""center"", ""normalized_target_label_zh"": ""中间的物体"", ""raw_instruction"": ""抓起中间的物体"", ""target_color"": null, ""target_position_hint"": ""center"", ""target_type"": null}",中间的物体,center,blue_cylinder,cylinder,blue,0.5284842116804747,0.029313001401995463,0.07,6,0.5584842116804747,-0.0006869985980045359,0.07,0.0,0.025,0.15,0.4696699141100892,0.8694645672291507,0.44999999999999996,1.0,1.0,1.0,0.7047938876788569,False,,data/grasp_success/raw/episode_000012/rgb.png,data/grasp_success/raw/episode_000012/depth.npy,data/grasp_success/raw/episode_000012/object_states.json,data/grasp_success/raw/episode_000012/candidates.json,
episode_000013,12,抓起中间的物体,"{""confidence"": 0.6, ""intent"": ""pick"", ""language"": ""zh"", ""normalized_target_label_en"": ""center"", ""normalized_target_label_zh"": ""中间的物体"", ""raw_instruction"": ""抓起中间的物体"", ""target_color"": null, ""target_position_hint"": ""center"", ""target_type"": null}",中间的物体,center,blue_cylinder,cylinder,blue,0.5233282094224968,0.022852007058507352,0.07,4,0.5233282094224968,0.022852007058507352,0.07,0.0,0.025,0.15,1.0,0.8769908987002464,0.95,1.0,1.0,1.0,0.9653981797400493,True,True,data/grasp_success/raw/episode_000013/rgb.png,data/grasp_success/raw/episode_000013/depth.npy,data/grasp_success/raw/episode_000013/object_states.json,data/grasp_success/raw/episode_000013/candidates.json,
episode_000013,12,抓起中间的物体,"{""confidence"": 0.6, ""intent"": ""pick"", ""language"": ""zh"", ""normalized_target_label_en"": ""center"", ""normalized_target_label_zh"": ""中间的物体"", ""raw_instruction"": ""抓起中间的物体"", ""target_color"": null, ""target_position_hint"": ""center"", ""target_type"": null}",中间的物体,center,blue_cylinder,cylinder,blue,0.5233282094224968,0.022852007058507352,0.07,1,0.4933282094224968,0.022852007058507352,0.07,0.0,0.025,0.15,0.6249999999999997,0.8897181714275191,0.44999999999999996,1.0,1.0,1.0,0.7554436342855038,False,,data/grasp_success/raw/episode_000013/rgb.png,data/grasp_success/raw/episode_000013/depth.npy,data/grasp_success/raw/episode_000013/object_states.json,data/grasp_success/raw/episode_000013/candidates.json,
episode_000013,12,抓起中间的物体,"{""confidence"": 0.6, ""intent"": ""pick"", ""language"": ""zh"", ""normalized_target_label_en"": ""center"", ""normalized_target_label_zh"": ""中间的物体"", ""raw_instruction"": ""抓起中间的物体"", ""target_color"": null, ""target_position_hint"": ""center"", ""target_type"": null}",中间的物体,center,blue_cylinder,cylinder,blue,0.5233282094224968,0.022852007058507352,0.07,3,0.5233282094224968,-0.007147992941492647,0.07,0.0,0.025,0.15,0.625,0.8822255700725846,0.44999999999999996,1.0,1.0,1.0,0.7539451140145169,False,,data/grasp_success/raw/episode_000013/rgb.png,data/grasp_success/raw/episode_000013/depth.npy,data/grasp_success/raw/episode_000013/object_states.json,data/grasp_success/raw/episode_000013/candidates.json,
episode_000013,12,抓起中间的物体,"{""confidence"": 0.6, ""intent"": ""pick"", ""language"": ""zh"", ""normalized_target_label_en"": ""center"", ""normalized_target_label_zh"": ""中间的物体"", ""raw_instruction"": ""抓起中间的物体"", ""target_color"": null, ""target_position_hint"": ""center"", ""target_type"": null}",中间的物体,center,blue_cylinder,cylinder,blue,0.5233282094224968,0.022852007058507352,0.07,5,0.5233282094224968,0.05285200705850735,0.07,0.0,0.025,0.15,0.625,0.8669908987002464,0.44999999999999996,1.0,1.0,1.0,0.7508981797400494,False,,data/grasp_success/raw/episode_000013/rgb.png,data/grasp_success/raw/episode_000013/depth.npy,data/grasp_success/raw/episode_000013/object_states.json,data/grasp_success/raw/episode_000013/candidates.json,
episode_000013,12,抓起中间的物体,"{""confidence"": 0.6, ""intent"": ""pick"", ""language"": ""zh"", ""normalized_target_label_en"": ""center"", ""normalized_target_label_zh"": ""中间的物体"", ""raw_instruction"": ""抓起中间的物体"", ""target_color"": null, ""target_position_hint"": ""center"", ""target_type"": null}",中间的物体,center,blue_cylinder,cylinder,blue,0.5233282094224968,0.022852007058507352,0.07,7,0.5533282094224968,0.022852007058507352,0.07,0.0,0.025,0.15,0.6249999999999997,0.8642636259729737,0.44999999999999996,1.0,1.0,1.0,0.7503527251945946,False,,data/grasp_success/raw/episode_000013/rgb.png,data/grasp_success/raw/episode_000013/depth.npy,data/grasp_success/raw/episode_000013/object_states.json,data/grasp_success/raw/episode_000013/candidates.json,
episode_000013,12,抓起中间的物体,"{""confidence"": 0.6, ""intent"": ""pick"", ""language"": ""zh"", ""normalized_target_label_en"": ""center"", ""normalized_target_label_zh"": ""中间的物体"", ""raw_instruction"": ""抓起中间的物体"", ""target_color"": null, ""target_position_hint"": ""center"", ""target_type"": null}",中间的物体,center,blue_cylinder,cylinder,blue,0.5233282094224968,0.022852007058507352,0.07,10,0.4933282094224968,0.022852007058507352,0.07,0.7853981633974483,0.025,0.15,0.6249999999999997,0.8897181714275191,0.4,1.0,1.0,1.0,0.7454436342855038,False,,data/grasp_success/raw/episode_000013/rgb.png,data/grasp_success/raw/episode_000013/depth.npy,data/grasp_success/raw/episode_000013/object_states.json,data/grasp_success/raw/episode_000013/candidates.json,
episode_000013,12,抓起中间的物体,"{""confidence"": 0.6, ""intent"": ""pick"", ""language"": ""zh"", ""normalized_target_label_en"": ""center"", ""normalized_target_label_zh"": ""中间的物体"", ""raw_instruction"": ""抓起中间的物体"", ""target_color"": null, ""target_position_hint"": ""center"", ""target_type"": null}",中间的物体,center,blue_cylinder,cylinder,blue,0.5233282094224968,0.022852007058507352,0.07,6,0.5533282094224968,-0.007147992941492647,0.07,0.0,0.025,0.15,0.4696699141100892,0.8694982973453118,0.44999999999999996,1.0,1.0,1.0,0.7048006337020891,False,,data/grasp_success/raw/episode_000013/rgb.png,data/grasp_success/raw/episode_000013/depth.npy,data/grasp_success/raw/episode_000013/object_states.json,data/grasp_success/raw/episode_000013/candidates.json,
episode_000013,12,抓起中间的物体,"{""confidence"": 0.6, ""intent"": ""pick"", ""language"": ""zh"", ""normalized_target_label_en"": ""center"", ""normalized_target_label_zh"": ""中间的物体"", ""raw_instruction"": ""抓起中间的物体"", ""target_color"": null, ""target_position_hint"": ""center"", ""target_type"": null}",中间的物体,center,blue_cylinder,cylinder,blue,0.5233282094224968,0.022852007058507352,0.07,0,0.4933282094224968,-0.007147992941492647,0.07,0.0,0.025,0.15,0.4696699141100892,0.8949528427998573,0.4191158317778936,1.0,1.0,1.0,0.703714709148577,False,,data/grasp_success/raw/episode_000013/rgb.png,data/grasp_success/raw/episode_000013/depth.npy,data/grasp_success/raw/episode_000013/object_states.json,data/grasp_success/raw/episode_000013/candidates.json,
episode_000014,13,抓起绿色球,"{""confidence"": 0.8500000000000001, ""intent"": ""pick"", ""language"": ""zh"", ""normalized_target_label_en"": ""green sphere"", ""normalized_target_label_zh"": ""绿色球"", ""raw_instruction"": ""抓起绿色球"", ""target_color"": ""green"", ""target_position_hint"": null, ""target_type"": ""sphere""}",绿色球,green sphere,green_sphere,sphere,green,0.39371448347747473,0.10461117217930936,0.05,4,0.39371448347747473,0.10461117217930936,0.05,0.0,0.025,0.15,1.0,0.8295337335771387,0.95,1.0,1.0,1.0,0.9559067467154279,True,True,data/grasp_success/raw/episode_000014/rgb.png,data/grasp_success/raw/episode_000014/depth.npy,data/grasp_success/raw/episode_000014/object_states.json,data/grasp_success/raw/episode_000014/candidates.json,
episode_000014,13,抓起绿色球,"{""confidence"": 0.8500000000000001, ""intent"": ""pick"", ""language"": ""zh"", ""normalized_target_label_en"": ""green sphere"", ""normalized_target_label_zh"": ""绿色球"", ""raw_instruction"": ""抓起绿色球"", ""target_color"": ""green"", ""target_position_hint"": null, ""target_type"": ""sphere""}",绿色球,green sphere,green_sphere,sphere,green,0.39371448347747473,0.10461117217930936,0.05,5,0.39371448347747473,0.13461117217930935,0.05,0.0,0.025,0.15,0.6250000000000002,0.8195337335771387,0.44999999999999996,1.0,1.0,1.0,0.7414067467154278,False,,data/grasp_success/raw/episode_000014/rgb.png,data/grasp_success/raw/episode_000014/depth.npy,data/grasp_success/raw/episode_000014/object_states.json,data/grasp_success/raw/episode_000014/candidates.json,
episode_000014,13,抓起绿色球,"{""confidence"": 0.8500000000000001, ""intent"": ""pick"", ""language"": ""zh"", ""normalized_target_label_en"": ""green sphere"", ""normalized_target_label_zh"": ""绿色球"", ""raw_instruction"": ""抓起绿色球"", ""target_color"": ""green"", ""target_position_hint"": null, ""target_type"": ""sphere""}",绿色球,green sphere,green_sphere,sphere,green,0.39371448347747473,0.10461117217930936,0.05,3,0.39371448347747473,0.07461117217930936,0.05,0.0,0.025,0.15,0.625,0.8395337335771387,0.42886613904186666,1.0,1.0,1.0,0.741179974523801,False,,data/grasp_success/raw/episode_000014/rgb.png,data/grasp_success/raw/episode_000014/depth.npy,data/grasp_success/raw/episode_000014/object_states.json,data/grasp_success/raw/episode_000014/candidates.json,
episode_000014,13,抓起绿色球,"{""confidence"": 0.8500000000000001, ""intent"": ""pick"", ""language"": ""zh"", ""normalized_target_label_en"": ""green sphere"", ""normalized_target_label_zh"": ""绿色球"", ""raw_instruction"": ""抓起绿色球"", ""target_color"": ""green"", ""target_position_hint"": null, ""target_type"": ""sphere""}",绿色球,green sphere,green_sphere,sphere,green,0.39371448347747473,0.10461117217930936,0.05,1,0.3637144834774747,0.10461117217930936,0.05,0.0,0.025,0.15,0.6249999999999997,0.816806460849866,0.44999999999999996,1.0,1.0,1.0,0.7408612921699731,False,,data/grasp_success/raw/episode_000014/rgb.png,data/grasp_success/raw/episode_000014/depth.npy,data/grasp_success/raw/episode_000014/object_states.json,data/grasp_success/raw/episode_000014/candidates.json,
episode_000014,13,抓起绿色球,"{""confidence"": 0.8500000000000001, ""intent"": ""pick"", ""language"": ""zh"", ""normalized_target_label_en"": ""green sphere"", ""normalized_target_label_zh"": ""绿色球"", ""raw_instruction"": ""抓起绿色球"", ""target_color"": ""green"", ""target_position_hint"": null, ""target_type"": ""sphere""}",绿色球,green sphere,green_sphere,sphere,green,0.39371448347747473,0.10461117217930936,0.05,10,0.3637144834774747,0.10461117217930936,0.05,0.7853981633974483,0.025,0.15,0.6249999999999997,0.816806460849866,0.4,1.0,1.0,1.0,0.7308612921699731,False,,data/grasp_success/raw/episode_000014/rgb.png,data/grasp_success/raw/episode_000014/depth.npy,data/grasp_success/raw/episode_000014/object_states.json,data/grasp_success/raw/episode_000014/candidates.json,
episode_000014,13,抓起绿色球,"{""confidence"": 0.8500000000000001, ""intent"": ""pick"", ""language"": ""zh"", ""normalized_target_label_en"": ""green sphere"", ""normalized_target_label_zh"": ""绿色球"", ""raw_instruction"": ""抓起绿色球"", ""target_color"": ""green"", ""target_position_hint"": null, ""target_type"": ""sphere""}",绿色球,green sphere,green_sphere,sphere,green,0.39371448347747473,0.10461117217930936,0.05,7,0.42371448347747476,0.10461117217930936,0.05,0.0,0.025,0.15,0.6249999999999997,0.8422610063044115,0.363112868163861,1.0,1.0,1.0,0.7285747748936544,False,,data/grasp_success/raw/episode_000014/rgb.png,data/grasp_success/raw/episode_000014/depth.npy,data/grasp_success/raw/episode_000014/object_states.json,data/grasp_success/raw/episode_000014/candidates.json,
episode_000014,13,抓起绿色球,"{""confidence"": 0.8500000000000001, ""intent"": ""pick"", ""language"": ""zh"", ""normalized_target_label_en"": ""green sphere"", ""normalized_target_label_zh"": ""绿色球"", ""raw_instruction"": ""抓起绿色球"", ""target_color"": ""green"", ""target_position_hint"": null, ""target_type"": ""sphere""}",绿色球,green sphere,green_sphere,sphere,green,0.39371448347747473,0.10461117217930936,0.05,8,0.42371448347747476,0.13461117217930935,0.05,0.0,0.025,0.15,0.4696699141100893,0.8322610063044115,0.44877682291991405,1.0,1.0,1.0,0.6971085400778919,False,,data/grasp_success/raw/episode_000014/rgb.png,data/grasp_success/raw/episode_000014/depth.npy,data/grasp_success/raw/episode_000014/object_states.json,data/grasp_success/raw/episode_000014/candidates.json,
episode_000014,13,抓起绿色球,"{""confidence"": 0.8500000000000001, ""intent"": ""pick"", ""language"": ""zh"", ""normalized_target_label_en"": ""green sphere"", ""normalized_target_label_zh"": ""绿色球"", ""raw_instruction"": ""抓起绿色球"", ""target_color"": ""green"", ""target_position_hint"": null, ""target_type"": ""sphere""}",绿色球,green sphere,green_sphere,sphere,green,0.39371448347747473,0.10461117217930936,0.05,0,0.3637144834774747,0.07461117217930936,0.05,0.0,0.025,0.15,0.4696699141100892,0.826806460849866,0.44999999999999996,1.0,1.0,1.0,0.6962622664029999,False,,data/grasp_success/raw/episode_000014/rgb.png,data/grasp_success/raw/episode_000014/depth.npy,data/grasp_success/raw/episode_000014/object_states.json,data/grasp_success/raw/episode_000014/candidates.json,
episode_000015,14,抓起红色方块,"{""confidence"": 0.8500000000000001, ""intent"": ""pick"", ""language"": ""zh"", ""normalized_target_label_en"": ""red cube"", ""normalized_target_label_zh"": ""红色方块"", ""raw_instruction"": ""抓起红色方块"", ""target_color"": ""red"", ""target_position_hint"": null, ""target_type"": ""cube""}",红色方块,red cube,red_cube,cube,red,0.4421365707540331,-0.11594828952026288,0.045,4,0.4421365707540331,-0.11594828952026288,0.045,0.0,0.035,0.15,1.0,0.8447418426010174,0.95,1.0,1.0,1.0,0.9589483685202036,True,False,data/grasp_success/raw/episode_000015/rgb.png,data/grasp_success/raw/episode_000015/depth.npy,data/grasp_success/raw/episode_000015/object_states.json,data/grasp_success/raw/episode_000015/candidates.json,
episode_000015,14,抓起红色方块,"{""confidence"": 0.8500000000000001, ""intent"": ""pick"", ""language"": ""zh"", ""normalized_target_label_en"": ""red cube"", ""normalized_target_label_zh"": ""红色方块"", ""raw_instruction"": ""抓起红色方块"", ""target_color"": ""red"", ""target_position_hint"": null, ""target_type"": ""cube""}",红色方块,red cube,red_cube,cube,red,0.4421365707540331,-0.11594828952026288,0.045,7,0.47213657075403315,-0.11594828952026288,0.045,0.0,0.035,0.15,0.6249999999999997,0.8574691153282901,0.44999999999999996,1.0,1.0,1.0,0.748993823065658,False,,data/grasp_success/raw/episode_000015/rgb.png,data/grasp_success/raw/episode_000015/depth.npy,data/grasp_success/raw/episode_000015/object_states.json,data/grasp_success/raw/episode_000015/candidates.json,
episode_000015,14,抓起红色方块,"{""confidence"": 0.8500000000000001, ""intent"": ""pick"", ""language"": ""zh"", ""normalized_target_label_en"": ""red cube"", ""normalized_target_label_zh"": ""红色方块"", ""raw_instruction"": ""抓起红色方块"", ""target_color"": ""red"", ""target_position_hint"": null, ""target_type"": ""cube""}",红色方块,red cube,red_cube,cube,red,0.4421365707540331,-0.11594828952026288,0.045,5,0.4421365707540331,-0.08594828952026289,0.045,0.0,0.035,0.15,0.625,0.8547418426010174,0.44999999999999996,1.0,1.0,1.0,0.7484483685202035,False,,data/grasp_success/raw/episode_000015/rgb.png,data/grasp_success/raw/episode_000015/depth.npy,data/grasp_success/raw/episode_000015/object_states.json,data/grasp_success/raw/episode_000015/candidates.json,
episode_000015,14,抓起红色方块,"{""confidence"": 0.8500000000000001, ""intent"": ""pick"", ""language"": ""zh"", ""normalized_target_label_en"": ""red cube"", ""normalized_target_label_zh"": ""红色方块"", ""raw_instruction"": ""抓起红色方块"", ""target_color"": ""red"", ""target_position_hint"": null, ""target_type"": ""cube""}",红色方块,red cube,red_cube,cube,red,0.4421365707540331,-0.11594828952026288,0.045,3,0.4421365707540331,-0.1459482895202629,0.045,0.0,0.035,0.15,0.6249999999999998,0.8347418426010174,0.44999999999999996,1.0,1.0,1.0,0.7444483685202035,False,,data/grasp_success/raw/episode_000015/rgb.png,data/grasp_success/raw/episode_000015/depth.npy,data/grasp_success/raw/episode_000015/object_states.json,data/grasp_success/raw/episode_000015/candidates.json,
episode_000015,14,抓起红色方块,"{""confidence"": 0.8500000000000001, ""intent"": ""pick"", ""language"": ""zh"", ""normalized_target_label_en"": ""red cube"", ""normalized_target_label_zh"": ""红色方块"", ""raw_instruction"": ""抓起红色方块"", ""target_color"": ""red"", ""target_position_hint"": null, ""target_type"": ""cube""}",红色方块,red cube,red_cube,cube,red,0.4421365707540331,-0.11594828952026288,0.045,1,0.4121365707540331,-0.11594828952026288,0.045,0.0,0.035,0.15,0.6249999999999997,0.8320145698737446,0.44999999999999996,1.0,1.0,1.0,0.7439029139747488,False,,data/grasp_success/raw/episode_000015/rgb.png,data/grasp_success/raw/episode_000015/depth.npy,data/grasp_success/raw/episode_000015/object_states.json,data/grasp_success/raw/episode_000015/candidates.json,
episode_000015,14,抓起红色方块,"{""confidence"": 0.8500000000000001, ""intent"": ""pick"", ""language"": ""zh"", ""normalized_target_label_en"": ""red cube"", ""normalized_target_label_zh"": ""红色方块"", ""raw_instruction"": ""抓起红色方块"", ""target_color"": ""red"", ""target_position_hint"": null, ""target_type"": ""cube""}",红色方块,red cube,red_cube,cube,red,0.4421365707540331,-0.11594828952026288,0.045,6,0.47213657075403315,-0.1459482895202629,0.045,0.0,0.035,0.15,0.46966991411008896,0.8474691153282901,0.44999999999999996,1.0,1.0,1.0,0.7003947972986847,False,,data/grasp_success/raw/episode_000015/rgb.png,data/grasp_success/raw/episode_000015/depth.npy,data/grasp_success/raw/episode_000015/object_states.json,data/grasp_success/raw/episode_000015/candidates.json,
episode_000015,14,抓起红色方块,"{""confidence"": 0.8500000000000001, ""intent"": ""pick"", ""language"": ""zh"", ""normalized_target_label_en"": ""red cube"", ""normalized_target_label_zh"": ""红色方块"", ""raw_instruction"": ""抓起红色方块"", ""target_color"": ""red"", ""target_position_hint"": null, ""target_type"": ""cube""}",红色方块,red cube,red_cube,cube,red,0.4421365707540331,-0.11594828952026288,0.045,8,0.47213657075403315,-0.08594828952026289,0.045,0.0,0.035,0.15,0.4696699141100892,0.8674691153282901,0.4263345296494929,1.0,1.0,1.0,0.6996617032285835,False,,data/grasp_success/raw/episode_000015/rgb.png,data/grasp_success/raw/episode_000015/depth.npy,data/grasp_success/raw/episode_000015/object_states.json,data/grasp_success/raw/episode_000015/candidates.json,
episode_000015,14,抓起红色方块,"{""confidence"": 0.8500000000000001, ""intent"": ""pick"", ""language"": ""zh"", ""normalized_target_label_en"": ""red cube"", ""normalized_target_label_zh"": ""红色方块"", ""raw_instruction"": ""抓起红色方块"", ""target_color"": ""red"", ""target_position_hint"": null, ""target_type"": ""cube""}",红色方块,red cube,red_cube,cube,red,0.4421365707540331,-0.11594828952026288,0.045,2,0.4121365707540331,-0.08594828952026289,0.045,0.0,0.035,0.15,0.4696699141100892,0.8420145698737447,0.44999999999999996,1.0,1.0,1.0,0.6993038882077757,False,,data/grasp_success/raw/episode_000015/rgb.png,data/grasp_success/raw/episode_000015/depth.npy,data/grasp_success/raw/episode_000015/object_states.json,data/grasp_success/raw/episode_000015/candidates.json,
episode_000016,15,抓起蓝色圆柱,"{""confidence"": 0.8500000000000001, ""intent"": ""pick"", ""language"": ""zh"", ""normalized_target_label_en"": ""blue cylinder"", ""normalized_target_label_zh"": ""蓝色圆柱"", ""raw_instruction"": ""抓起蓝色圆柱"", ""target_color"": ""blue"", ""target_position_hint"": null, ""target_type"": ""cylinder""}",蓝色圆柱,blue cylinder,blue_cylinder,cylinder,blue,0.5247198323959376,0.023160254495294963,0.07,4,0.5247198323959376,0.023160254495294963,0.07,0.0,0.025,0.15,1.0,0.8762977640507665,0.95,1.0,1.0,1.0,0.9652595528101533,True,True,data/grasp_success/raw/episode_000016/rgb.png,data/grasp_success/raw/episode_000016/depth.npy,data/grasp_success/raw/episode_000016/object_states.json,data/grasp_success/raw/episode_000016/candidates.json,
episode_000016,15,抓起蓝色圆柱,"{""confidence"": 0.8500000000000001, ""intent"": ""pick"", ""language"": ""zh"", ""normalized_target_label_en"": ""blue cylinder"", ""normalized_target_label_zh"": ""蓝色圆柱"", ""raw_instruction"": ""抓起蓝色圆柱"", ""target_color"": ""blue"", ""target_position_hint"": null, ""target_type"": ""cylinder""}",蓝色圆柱,blue cylinder,blue_cylinder,cylinder,blue,0.5247198323959376,0.023160254495294963,0.07,3,0.5247198323959376,-0.006839745504705036,0.07,0.0,0.025,0.15,0.625,0.8817379337142965,0.44999999999999996,1.0,1.0,1.0,0.7538475867428593,False,,data/grasp_success/raw/episode_000016/rgb.png,data/grasp_success/raw/episode_000016/depth.npy,data/grasp_success/raw/episode_000016/object_states.json,data/grasp_success/raw/episode_000016/candidates.json,
episode_000016,15,抓起蓝色圆柱,"{""confidence"": 0.8500000000000001, ""intent"": ""pick"", ""language"": ""zh"", ""normalized_target_label_en"": ""blue cylinder"", ""normalized_target_label_zh"": ""蓝色圆柱"", ""raw_instruction"": ""抓起蓝色圆柱"", ""target_color"": ""blue"", ""target_position_hint"": null, ""target_type"": ""cylinder""}",蓝色圆柱,blue cylinder,blue_cylinder,cylinder,blue,0.5247198323959376,0.023160254495294963,0.07,7,0.5547198323959376,0.023160254495294963,0.07,0.0,0.025,0.15,0.6249999999999997,0.8635704913234938,0.44999999999999996,1.0,1.0,1.0,0.7502140982646986,False,,data/grasp_success/raw/episode_000016/rgb.png,data/grasp_success/raw/episode_000016/depth.npy,data/grasp_success/raw/episode_000016/object_states.json,data/grasp_success/raw/episode_000016/candidates.json,
episode_000016,15,抓起蓝色圆柱,"{""confidence"": 0.8500000000000001, ""intent"": ""pick"", ""language"": ""zh"", ""normalized_target_label_en"": ""blue cylinder"", ""normalized_target_label_zh"": ""蓝色圆柱"", ""raw_instruction"": ""抓起蓝色圆柱"", ""target_color"": ""blue"", ""target_position_hint"": null, ""target_type"": ""cylinder""}",蓝色圆柱,blue cylinder,blue_cylinder,cylinder,blue,0.5247198323959376,0.023160254495294963,0.07,5,0.5247198323959376,0.05316025449529496,0.07,0.0,0.025,0.15,0.625,0.8662977640507665,0.4243248961927081,1.0,1.0,1.0,0.7456245320486949,False,,data/grasp_success/raw/episode_000016/rgb.png,data/grasp_success/raw/episode_000016/depth.npy,data/grasp_success/raw/episode_000016/object_states.json,data/grasp_success/raw/episode_000016/candidates.json,
episode_000016,15,抓起蓝色圆柱,"{""confidence"": 0.8500000000000001, ""intent"": ""pick"", ""language"": ""zh"", ""normalized_target_label_en"": ""blue cylinder"", ""normalized_target_label_zh"": ""蓝色圆柱"", ""raw_instruction"": ""抓起蓝色圆柱"", ""target_color"": ""blue"", ""target_position_hint"": null, ""target_type"": ""cylinder""}",蓝色圆柱,blue cylinder,blue_cylinder,cylinder,blue,0.5247198323959376,0.023160254495294963,0.07,1,0.49471983239593753,0.023160254495294963,0.07,0.0,0.025,0.15,0.6249999999999997,0.8890250367780392,0.3816219918865209,1.0,1.0,1.0,0.741629405732912,False,,data/grasp_success/raw/episode_000016/rgb.png,data/grasp_success/raw/episode_000016/depth.npy,data/grasp_success/raw/episode_000016/object_states.json,data/grasp_success/raw/episode_000016/candidates.json,
episode_000016,15,抓起蓝色圆柱,"{""confidence"": 0.8500000000000001, ""intent"": ""pick"", ""language"": ""zh"", ""normalized_target_label_en"": ""blue cylinder"", ""normalized_target_label_zh"": ""蓝色圆柱"", ""raw_instruction"": ""抓起蓝色圆柱"", ""target_color"": ""blue"", ""target_position_hint"": null, ""target_type"": ""cylinder""}",蓝色圆柱,blue cylinder,blue_cylinder,cylinder,blue,0.5247198323959376,0.023160254495294963,0.07,10,0.49471983239593753,0.023160254495294963,0.07,0.7853981633974483,0.025,0.15,0.6249999999999997,0.8890250367780392,0.331621991886521,1.0,1.0,1.0,0.731629405732912,False,,data/grasp_success/raw/episode_000016/rgb.png,data/grasp_success/raw/episode_000016/depth.npy,data/grasp_success/raw/episode_000016/object_states.json,data/grasp_success/raw/episode_000016/candidates.json,
episode_000016,15,抓起蓝色圆柱,"{""confidence"": 0.8500000000000001, ""intent"": ""pick"", ""language"": ""zh"", ""normalized_target_label_en"": ""blue cylinder"", ""normalized_target_label_zh"": ""蓝色圆柱"", ""raw_instruction"": ""抓起蓝色圆柱"", ""target_color"": ""blue"", ""target_position_hint"": null, ""target_type"": ""cylinder""}",蓝色圆柱,blue cylinder,blue_cylinder,cylinder,blue,0.5247198323959376,0.023160254495294963,0.07,0,0.49471983239593753,-0.006839745504705036,0.07,0.0,0.025,0.15,0.4696699141100892,0.8944652064415692,0.44999999999999996,1.0,1.0,1.0,0.7097940155213406,False,,data/grasp_success/raw/episode_000016/rgb.png,data/grasp_success/raw/episode_000016/depth.npy,data/grasp_success/raw/episode_000016/object_states.json,data/grasp_success/raw/episode_000016/candidates.json,
episode_000016,15,抓起蓝色圆柱,"{""confidence"": 0.8500000000000001, ""intent"": ""pick"", ""language"": ""zh"", ""normalized_target_label_en"": ""blue cylinder"", ""normalized_target_label_zh"": ""蓝色圆柱"", ""raw_instruction"": ""抓起蓝色圆柱"", ""target_color"": ""blue"", ""target_position_hint"": null, ""target_type"": ""cylinder""}",蓝色圆柱,blue cylinder,blue_cylinder,cylinder,blue,0.5247198323959376,0.023160254495294963,0.07,6,0.5547198323959376,-0.006839745504705036,0.07,0.0,0.025,0.15,0.4696699141100892,0.8690106609870238,0.44999999999999996,1.0,1.0,1.0,0.7047031064304315,False,,data/grasp_success/raw/episode_000016/rgb.png,data/grasp_success/raw/episode_000016/depth.npy,data/grasp_success/raw/episode_000016/object_states.json,data/grasp_success/raw/episode_000016/candidates.json,
episode_000017,16,抓起绿色球,"{""confidence"": 0.8500000000000001, ""intent"": ""pick"", ""language"": ""zh"", ""normalized_target_label_en"": ""green sphere"", ""normalized_target_label_zh"": ""绿色球"", ""raw_instruction"": ""抓起绿色球"", ""target_color"": ""green"", ""target_position_hint"": null, ""target_type"": ""sphere""}",绿色球,green sphere,green_sphere,sphere,green,0.39819031459899795,0.11315411652788541,0.05,4,0.39819031459899795,0.11315411652788541,0.05,0.0,0.025,0.15,1.0,0.8285849229064414,0.95,1.0,1.0,1.0,0.9557169845812883,True,True,data/grasp_success/raw/episode_000017/rgb.png,data/grasp_success/raw/episode_000017/depth.npy,data/grasp_success/raw/episode_000017/object_states.json,data/grasp_success/raw/episode_000017/candidates.json,
episode_000017,16,抓起绿色球,"{""confidence"": 0.8500000000000001, ""intent"": ""pick"", ""language"": ""zh"", ""normalized_target_label_en"": ""green sphere"", ""normalized_target_label_zh"": ""绿色球"", ""raw_instruction"": ""抓起绿色球"", ""target_color"": ""green"", ""target_position_hint"": null, ""target_type"": ""sphere""}",绿色球,green sphere,green_sphere,sphere,green,0.39819031459899795,0.11315411652788541,0.05,5,0.39819031459899795,0.1431541165278854,0.05,0.0,0.025,0.15,0.6250000000000002,0.8185849229064414,0.44999999999999996,1.0,1.0,1.0,0.7412169845812884,False,,data/grasp_success/raw/episode_000017/rgb.png,data/grasp_success/raw/episode_000017/depth.npy,data/grasp_success/raw/episode_000017/object_states.json,data/grasp_success/raw/episode_000017/candidates.json,
episode_000017,16,抓起绿色球,"{""confidence"": 0.8500000000000001, ""intent"": ""pick"", ""language"": ""zh"", ""normalized_target_label_en"": ""green sphere"", ""normalized_target_label_zh"": ""绿色球"", ""raw_instruction"": ""抓起绿色球"", ""target_color"": ""green"", ""target_position_hint"": null, ""target_type"": ""sphere""}",绿色球,green sphere,green_sphere,sphere,green,0.39819031459899795,0.11315411652788541,0.05,1,0.368190314598998,0.11315411652788541,0.05,0.0,0.025,0.15,0.6250000000000004,0.8158576501791687,0.44999999999999996,1.0,1.0,1.0,0.7406715300358339,False,,data/grasp_success/raw/episode_000017/rgb.png,data/grasp_success/raw/episode_000017/depth.npy,data/grasp_success/raw/episode_000017/object_states.json,data/grasp_success/raw/episode_000017/candidates.json,
episode_000017,16,抓起绿色球,"{""confidence"": 0.8500000000000001, ""intent"": ""pick"", ""language"": ""zh"", ""normalized_target_label_en"": ""green sphere"", ""normalized_target_label_zh"": ""绿色球"", ""raw_instruction"": ""抓起绿色球"", ""target_color"": ""green"", ""target_position_hint"": null, ""target_type"": ""sphere""}",绿色球,green sphere,green_sphere,sphere,green,0.39819031459899795,0.11315411652788541,0.05,3,0.39819031459899795,0.08315411652788542,0.05,0.0,0.025,0.15,0.625,0.8385849229064414,0.4131712130856283,1.0,1.0,1.0,0.7378512271984139,False,,data/grasp_success/raw/episode_000017/rgb.png,data/grasp_success/raw/episode_000017/depth.npy,data/grasp_success/raw/episode_000017/object_states.json,data/grasp_success/raw/episode_000017/candidates.json,
episode_000017,16,抓起绿色球,"{""confidence"": 0.8500000000000001, ""intent"": ""pick"", ""language"": ""zh"", ""normalized_target_label_en"": ""green sphere"", ""normalized_target_label_zh"": ""绿色球"", ""raw_instruction"": ""抓起绿色球"", ""target_color"": ""green"", ""target_position_hint"": null, ""target_type"": ""sphere""}",绿色球,green sphere,green_sphere,sphere,green,0.39819031459899795,0.11315411652788541,0.05,7,0.4281903145989979,0.11315411652788541,0.05,0.0,0.025,0.15,0.6250000000000004,0.8413121956337142,0.3751552694149378,1.0,1.0,1.0,0.7307934930097306,False,,data/grasp_success/raw/episode_000017/rgb.png,data/grasp_success/raw/episode_000017/depth.npy,data/grasp_success/raw/episode_000017/object_states.json,data/grasp_success/raw/episode_000017/candidates.json,
episode_000017,16,抓起绿色球,"{""confidence"": 0.8500000000000001, ""intent"": ""pick"", ""language"": ""zh"", ""normalized_target_label_en"": ""green sphere"", ""normalized_target_label_zh"": ""绿色球"", ""raw_instruction"": ""抓起绿色球"", ""target_color"": ""green"", ""target_position_hint"": null, ""target_type"": ""sphere""}",绿色球,green sphere,green_sphere,sphere,green,0.39819031459899795,0.11315411652788541,0.05,10,0.368190314598998,0.11315411652788541,0.05,0.7853981633974483,0.025,0.15,0.6250000000000004,0.8158576501791687,0.4,1.0,1.0,1.0,0.7306715300358338,False,,data/grasp_success/raw/episode_000017/rgb.png,data/grasp_success/raw/episode_000017/depth.npy,data/grasp_success/raw/episode_000017/object_states.json,data/grasp_success/raw/episode_000017/candidates.json,
episode_000017,16,抓起绿色球,"{""confidence"": 0.8500000000000001, ""intent"": ""pick"", ""language"": ""zh"", ""normalized_target_label_en"": ""green sphere"", ""normalized_target_label_zh"": ""绿色球"", ""raw_instruction"": ""抓起绿色球"", ""target_color"": ""green"", ""target_position_hint"": null, ""target_type"": ""sphere""}",绿色球,green sphere,green_sphere,sphere,green,0.39819031459899795,0.11315411652788541,0.05,8,0.4281903145989979,0.1431541165278854,0.05,0.0,0.025,0.15,0.46966991411008974,0.8313121956337141,0.44999999999999996,1.0,1.0,1.0,0.6971634133597697,False,,data/grasp_success/raw/episode_000017/rgb.png,data/grasp_success/raw/episode_000017/depth.npy,data/grasp_success/raw/episode_000017/object_states.json,data/grasp_success/raw/episode_000017/candidates.json,
episode_000017,16,抓起绿色球,"{""confidence"": 0.8500000000000001, ""intent"": ""pick"", ""language"": ""zh"", ""normalized_target_label_en"": ""green sphere"", ""normalized_target_label_zh"": ""绿色球"", ""raw_instruction"": ""抓起绿色球"", ""target_color"": ""green"", ""target_position_hint"": null, ""target_type"": ""sphere""}",绿色球,green sphere,green_sphere,sphere,green,0.39819031459899795,0.11315411652788541,0.05,0,0.368190314598998,0.08315411652788542,0.05,0.0,0.025,0.15,0.4696699141100896,0.8258576501791687,0.44999999999999996,1.0,1.0,1.0,0.6960725042688607,False,,data/grasp_success/raw/episode_000017/rgb.png,data/grasp_success/raw/episode_000017/depth.npy,data/grasp_success/raw/episode_000017/object_states.json,data/grasp_success/raw/episode_000017/candidates.json,
episode_000018,17,抓起最左边的物体,"{""confidence"": 0.6, ""intent"": ""pick"", ""language"": ""zh"", ""normalized_target_label_en"": ""left"", ""normalized_target_label_zh"": ""左边的物体"", ""raw_instruction"": ""抓起最左边的物体"", ""target_color"": null, ""target_position_hint"": ""left"", ""target_type"": null}",左边的物体,left,green_sphere,sphere,green,0.40532214875595907,0.11408439733686826,0.05,4,0.40532214875595907,0.11408439733686826,0.05,0.0,0.025,0.15,1.0,0.8313004559154912,0.95,1.0,1.0,1.0,0.9562600911830983,True,True,data/grasp_success/raw/episode_000018/rgb.png,data/grasp_success/raw/episode_000018/depth.npy,data/grasp_success/raw/episode_000018/object_states.json,data/grasp_success/raw/episode_000018/candidates.json,
episode_000018,17,抓起最左边的物体,"{""confidence"": 0.6, ""intent"": ""pick"", ""language"": ""zh"", ""normalized_target_label_en"": ""left"", ""normalized_target_label_zh"": ""左边的物体"", ""raw_instruction"": ""抓起最左边的物体"", ""target_color"": null, ""target_position_hint"": ""left"", ""target_type"": null}",左边的物体,left,green_sphere,sphere,green,0.40532214875595907,0.11408439733686826,0.05,3,0.40532214875595907,0.08408439733686826,0.05,0.0,0.025,0.15,0.625,0.8413004559154912,0.4361240894791609,1.0,1.0,1.0,0.7429849090789304,False,,data/grasp_success/raw/episode_000018/rgb.png,data/grasp_success/raw/episode_000018/depth.npy,data/grasp_success/raw/episode_000018/object_states.json,data/grasp_success/raw/episode_000018/candidates.json,
episode_000018,17,抓起最左边的物体,"{""confidence"": 0.6, ""intent"": ""pick"", ""language"": ""zh"", ""normalized_target_label_en"": ""left"", ""normalized_target_label_zh"": ""左边的物体"", ""raw_instruction"": ""抓起最左边的物体"", ""target_color"": null, ""target_position_hint"": ""left"", ""target_type"": null}",左边的物体,left,green_sphere,sphere,green,0.40532214875595907,0.11408439733686826,0.05,5,0.40532214875595907,0.14408439733686826,0.05,0.0,0.025,0.15,0.625,0.8213004559154912,0.44999999999999996,1.0,1.0,1.0,0.7417600911830983,False,,data/grasp_success/raw/episode_000018/rgb.png,data/grasp_success/raw/episode_000018/depth.npy,data/grasp_success/raw/episode_000018/object_states.json,data/grasp_success/raw/episode_000018/candidates.json,
episode_000018,17,抓起最左边的物体,"{""confidence"": 0.6, ""intent"": ""pick"", ""language"": ""zh"", ""normalized_target_label_en"": ""left"", ""normalized_target_label_zh"": ""左边的物体"", ""raw_instruction"": ""抓起最左边的物体"", ""target_color"": null, ""target_position_hint"": ""left"", ""target_type"": null}",左边的物体,left,green_sphere,sphere,green,0.40532214875595907,0.11408439733686826,0.05,1,0.37532214875595904,0.11408439733686826,0.05,0.0,0.025,0.15,0.6249999999999997,0.8185731831882185,0.44999999999999996,1.0,1.0,1.0,0.7412146366376436,False,,data/grasp_success/raw/episode_000018/rgb.png,data/grasp_success/raw/episode_000018/depth.npy,data/grasp_success/raw/episode_000018/object_states.json,data/grasp_success/raw/episode_000018/candidates.json,
episode_000018,17,抓起最左边的物体,"{""confidence"": 0.6, ""intent"": ""pick"", ""language"": ""zh"", ""normalized_target_label_en"": ""left"", ""normalized_target_label_zh"": ""左边的物体"", ""raw_instruction"": ""抓起最左边的物体"", ""target_color"": null, ""target_position_hint"": ""left"", ""target_type"": null}",左边的物体,left,green_sphere,sphere,green,0.40532214875595907,0.11408439733686826,0.05,7,0.4353221487559591,0.11408439733686826,0.05,0.0,0.025,0.15,0.6249999999999997,0.844027728642764,0.39996545366389136,1.0,1.0,1.0,0.736298636461331,False,,data/grasp_success/raw/episode_000018/rgb.png,data/grasp_success/raw/episode_000018/depth.npy,data/grasp_success/raw/episode_000018/object_states.json,data/grasp_success/raw/episode_000018/candidates.json,
episode_000018,17,抓起最左边的物体,"{""confidence"": 0.6, ""intent"": ""pick"", ""language"": ""zh"", ""normalized_target_label_en"": ""left"", ""normalized_target_label_zh"": ""左边的物体"", ""raw_instruction"": ""抓起最左边的物体"", ""target_color"": null, ""target_position_hint"": ""left"", ""target_type"": null}",左边的物体,left,green_sphere,sphere,green,0.40532214875595907,0.11408439733686826,0.05,10,0.37532214875595904,0.11408439733686826,0.05,0.7853981633974483,0.025,0.15,0.6249999999999997,0.8185731831882185,0.4,1.0,1.0,1.0,0.7312146366376436,False,,data/grasp_success/raw/episode_000018/rgb.png,data/grasp_success/raw/episode_000018/depth.npy,data/grasp_success/raw/episode_000018/object_states.json,data/grasp_success/raw/episode_000018/candidates.json,
episode_000018,17,抓起最左边的物体,"{""confidence"": 0.6, ""intent"": ""pick"", ""language"": ""zh"", ""normalized_target_label_en"": ""left"", ""normalized_target_label_zh"": ""左边的物体"", ""raw_instruction"": ""抓起最左边的物体"", ""target_color"": null, ""target_position_hint"": ""left"", ""target_type"": null}",左边的物体,left,green_sphere,sphere,green,0.40532214875595907,0.11408439733686826,0.05,8,0.4353221487559591,0.14408439733686826,0.05,0.0,0.025,0.15,0.4696699141100892,0.834027728642764,0.44999999999999996,1.0,1.0,1.0,0.6977065199615796,False,,data/grasp_success/raw/episode_000018/rgb.png,data/grasp_success/raw/episode_000018/depth.npy,data/grasp_success/raw/episode_000018/object_states.json,data/grasp_success/raw/episode_000018/candidates.json,
episode_000018,17,抓起最左边的物体,"{""confidence"": 0.6, ""intent"": ""pick"", ""language"": ""zh"", ""normalized_target_label_en"": ""left"", ""normalized_target_label_zh"": ""左边的物体"", ""raw_instruction"": ""抓起最左边的物体"", ""target_color"": null, ""target_position_hint"": ""left"", ""target_type"": null}",左边的物体,left,green_sphere,sphere,green,0.40532214875595907,0.11408439733686826,0.05,0,0.37532214875595904,0.08408439733686826,0.05,0.0,0.025,0.15,0.4696699141100892,0.8285731831882185,0.44999999999999996,1.0,1.0,1.0,0.6966156108706705,False,,data/grasp_success/raw/episode_000018/rgb.png,data/grasp_success/raw/episode_000018/depth.npy,data/grasp_success/raw/episode_000018/object_states.json,data/grasp_success/raw/episode_000018/candidates.json,
episode_000019,18,抓起蓝色圆柱,"{""confidence"": 0.8500000000000001, ""intent"": ""pick"", ""language"": ""zh"", ""normalized_target_label_en"": ""blue cylinder"", ""normalized_target_label_zh"": ""蓝色圆柱"", ""raw_instruction"": ""抓起蓝色圆柱"", ""target_color"": ""blue"", ""target_position_hint"": null, ""target_type"": ""cylinder""}",蓝色圆柱,blue cylinder,blue_cylinder,cylinder,blue,0.5166911940633501,0.023958792083250406,0.07,4,0.5166911940633501,0.023958792083250406,0.07,0.0,0.025,0.15,1.0,0.879437673844364,0.95,1.0,1.0,1.0,0.9658875347688729,True,True,data/grasp_success/raw/episode_000019/rgb.png,data/grasp_success/raw/episode_000019/depth.npy,data/grasp_success/raw/episode_000019/object_states.json,data/grasp_success/raw/episode_000019/candidates.json,
episode_000019,18,抓起蓝色圆柱,"{""confidence"": 0.8500000000000001, ""intent"": ""pick"", ""language"": ""zh"", ""normalized_target_label_en"": ""blue cylinder"", ""normalized_target_label_zh"": ""蓝色圆柱"", ""raw_instruction"": ""抓起蓝色圆柱"", ""target_color"": ""blue"", ""target_position_hint"": null, ""target_type"": ""cylinder""}",蓝色圆柱,blue cylinder,blue_cylinder,cylinder,blue,0.5166911940633501,0.023958792083250406,0.07,3,0.5166911940633501,-0.006041207916749593,0.07,0.0,0.025,0.15,0.625,0.8854102018998642,0.44999999999999996,1.0,1.0,1.0,0.7545820403799729,False,,data/grasp_success/raw/episode_000019/rgb.png,data/grasp_success/raw/episode_000019/depth.npy,data/grasp_success/raw/episode_000019/object_states.json,data/grasp_success/raw/episode_000019/candidates.json,
episode_000019,18,抓起蓝色圆柱,"{""confidence"": 0.8500000000000001, ""intent"": ""pick"", ""language"": ""zh"", ""normalized_target_label_en"": ""blue cylinder"", ""normalized_target_label_zh"": ""蓝色圆柱"", ""raw_instruction"": ""抓起蓝色圆柱"", ""target_color"": ""blue"", ""target_position_hint"": null, ""target_type"": ""cylinder""}",蓝色圆柱,blue cylinder,blue_cylinder,cylinder,blue,0.5166911940633501,0.023958792083250406,0.07,5,0.5166911940633501,0.053958792083250405,0.07,0.0,0.025,0.15,0.625,0.869437673844364,0.4481464648112803,1.0,1.0,1.0,0.7510168277311289,False,,data/grasp_success/raw/episode_000019/rgb.png,data/grasp_success/raw/episode_000019/depth.npy,data/grasp_success/raw/episode_000019/object_states.json,data/grasp_success/raw/episode_000019/candidates.json,
episode_000019,18,抓起蓝色圆柱,"{""confidence"": 0.8500000000000001, ""intent"": ""pick"", ""language"": ""zh"", ""normalized_target_label_en"": ""blue cylinder"", ""normalized_target_label_zh"": ""蓝色圆柱"", ""raw_instruction"": ""抓起蓝色圆柱"", ""target_color"": ""blue"", ""target_position_hint"": null, ""target_type"": ""cylinder""}",蓝色圆柱,blue cylinder,blue_cylinder,cylinder,blue,0.5166911940633501,0.023958792083250406,0.07,7,0.5466911940633501,0.023958792083250406,0.07,0.0,0.025,0.15,0.6249999999999997,0.8667104011170912,0.44999999999999996,1.0,1.0,1.0,0.7508420802234181,False,,data/grasp_success/raw/episode_000019/rgb.png,data/grasp_success/raw/episode_000019/depth.npy,data/grasp_success/raw/episode_000019/object_states.json,data/grasp_success/raw/episode_000019/candidates.json,
episode_000019,18,抓起蓝色圆柱,"{""confidence"": 0.8500000000000001, ""intent"": ""pick"", ""language"": ""zh"", ""normalized_target_label_en"": ""blue cylinder"", ""normalized_target_label_zh"": ""蓝色圆柱"", ""raw_instruction"": ""抓起蓝色圆柱"", ""target_color"": ""blue"", ""target_position_hint"": null, ""target_type"": ""cylinder""}",蓝色圆柱,blue cylinder,blue_cylinder,cylinder,blue,0.5166911940633501,0.023958792083250406,0.07,1,0.48669119406335004,0.023958792083250406,0.07,0.0,0.025,0.15,0.6249999999999997,0.8921649465716367,0.414927569498882,1.0,1.0,1.0,0.7489185032141037,False,,data/grasp_success/raw/episode_000019/rgb.png,data/grasp_success/raw/episode_000019/depth.npy,data/grasp_success/raw/episode_000019/object_states.json,data/grasp_success/raw/episode_000019/candidates.json,
episode_000019,18,抓起蓝色圆柱,"{""confidence"": 0.8500000000000001, ""intent"": ""pick"", ""language"": ""zh"", ""normalized_target_label_en"": ""blue cylinder"", ""normalized_target_label_zh"": ""蓝色圆柱"", ""raw_instruction"": ""抓起蓝色圆柱"", ""target_color"": ""blue"", ""target_position_hint"": null, ""target_type"": ""cylinder""}",蓝色圆柱,blue cylinder,blue_cylinder,cylinder,blue,0.5166911940633501,0.023958792083250406,0.07,10,0.48669119406335004,0.023958792083250406,0.07,0.7853981633974483,0.025,0.15,0.6249999999999997,0.8921649465716367,0.36492756949888205,1.0,1.0,1.0,0.7389185032141037,False,,data/grasp_success/raw/episode_000019/rgb.png,data/grasp_success/raw/episode_000019/depth.npy,data/grasp_success/raw/episode_000019/object_states.json,data/grasp_success/raw/episode_000019/candidates.json,
episode_000019,18,抓起蓝色圆柱,"{""confidence"": 0.8500000000000001, ""intent"": ""pick"", ""language"": ""zh"", ""normalized_target_label_en"": ""blue cylinder"", ""normalized_target_label_zh"": ""蓝色圆柱"", ""raw_instruction"": ""抓起蓝色圆柱"", ""target_color"": ""blue"", ""target_position_hint"": null, ""target_type"": ""cylinder""}",蓝色圆柱,blue cylinder,blue_cylinder,cylinder,blue,0.5166911940633501,0.023958792083250406,0.07,6,0.5466911940633501,-0.006041207916749593,0.07,0.0,0.025,0.15,0.4696699141100892,0.8726829291725915,0.44999999999999996,1.0,1.0,1.0,0.7054375600675451,False,,data/grasp_success/raw/episode_000019/rgb.png,data/grasp_success/raw/episode_000019/depth.npy,data/grasp_success/raw/episode_000019/object_states.json,data/grasp_success/raw/episode_000019/candidates.json,
episode_000019,18,抓起蓝色圆柱,"{""confidence"": 0.8500000000000001, ""intent"": ""pick"", ""language"": ""zh"", ""normalized_target_label_en"": ""blue cylinder"", ""normalized_target_label_zh"": ""蓝色圆柱"", ""raw_instruction"": ""抓起蓝色圆柱"", ""target_color"": ""blue"", ""target_position_hint"": null, ""target_type"": ""cylinder""}",蓝色圆柱,blue cylinder,blue_cylinder,cylinder,blue,0.5166911940633501,0.023958792083250406,0.07,0,0.48669119406335004,-0.006041207916749593,0.07,0.0,0.025,0.15,0.4696699141100892,0.898137474627137,0.42214553738436433,1.0,1.0,1.0,0.704957576635327,False,,data/grasp_success/raw/episode_000019/rgb.png,data/grasp_success/raw/episode_000019/depth.npy,data/grasp_success/raw/episode_000019/object_states.json,data/grasp_success/raw/episode_000019/candidates.json,
episode_000020,19,抓起红色方块,"{""confidence"": 0.8500000000000001, ""intent"": ""pick"", ""language"": ""zh"", ""normalized_target_label_en"": ""red cube"", ""normalized_target_label_zh"": ""红色方块"", ""raw_instruction"": ""抓起红色方块"", ""target_color"": ""red"", ""target_position_hint"": null, ""target_type"": ""cube""}",红色方块,red cube,red_cube,cube,red,0.4535425165360054,-0.11430177287825778,0.045,4,0.4535425165360054,-0.11430177287825778,0.045,0.0,0.035,0.15,1.0,0.8501295675710073,0.95,1.0,1.0,1.0,0.9600259135142015,True,False,data/grasp_success/raw/episode_000020/rgb.png,data/grasp_success/raw/episode_000020/depth.npy,data/grasp_success/raw/episode_000020/object_states.json,data/grasp_success/raw/episode_000020/candidates.json,
episode_000020,19,抓起红色方块,"{""confidence"": 0.8500000000000001, ""intent"": ""pick"", ""language"": ""zh"", ""normalized_target_label_en"": ""red cube"", ""normalized_target_label_zh"": ""红色方块"", ""raw_instruction"": ""抓起红色方块"", ""target_color"": ""red"", ""target_position_hint"": null, ""target_type"": ""cube""}",红色方块,red cube,red_cube,cube,red,0.4535425165360054,-0.11430177287825778,0.045,7,0.48354251653600544,-0.11430177287825778,0.045,0.0,0.035,0.15,0.6249999999999997,0.8556086444495481,0.44999999999999996,1.0,1.0,1.0,0.7486217288899095,False,,data/grasp_success/raw/episode_000020/rgb.png,data/grasp_success/raw/episode_000020/depth.npy,data/grasp_success/raw/episode_000020/object_states.json,data/grasp_success/raw/episode_000020/candidates.json,
episode_000020,19,抓起红色方块,"{""confidence"": 0.8500000000000001, ""intent"": ""pick"", ""language"": ""zh"", ""normalized_target_label_en"": ""red cube"", ""normalized_target_label_zh"": ""红色方块"", ""raw_instruction"": ""抓起红色方块"", ""target_color"": ""red"", ""target_position_hint"": null, ""target_type"": ""cube""}",红色方块,red cube,red_cube,cube,red,0.4535425165360054,-0.11430177287825778,0.045,3,0.4535425165360054,-0.1443017728782578,0.045,0.0,0.035,0.15,0.6249999999999998,0.8401295675710072,0.44999999999999996,1.0,1.0,1.0,0.7455259135142014,False,,data/grasp_success/raw/episode_000020/rgb.png,data/grasp_success/raw/episode_000020/depth.npy,data/grasp_success/raw/episode_000020/object_states.json,data/grasp_success/raw/episode_000020/candidates.json,
episode_000020,19,抓起红色方块,"{""confidence"": 0.8500000000000001, ""intent"": ""pick"", ""language"": ""zh"", ""normalized_target_label_en"": ""red cube"", ""normalized_target_label_zh"": ""红色方块"", ""raw_instruction"": ""抓起红色方块"", ""target_color"": ""red"", ""target_position_hint"": null, ""target_type"": ""cube""}",红色方块,red cube,red_cube,cube,red,0.4535425165360054,-0.11430177287825778,0.045,1,0.4235425165360054,-0.11430177287825778,0.045,0.0,0.035,0.15,0.6249999999999997,0.8374022948437345,0.44999999999999996,1.0,1.0,1.0,0.7449804589687469,False,,data/grasp_success/raw/episode_000020/rgb.png,data/grasp_success/raw/episode_000020/depth.npy,data/grasp_success/raw/episode_000020/object_states.json,data/grasp_success/raw/episode_000020/candidates.json,
episode_000020,19,抓起红色方块,"{""confidence"": 0.8500000000000001, ""intent"": ""pick"", ""language"": ""zh"", ""normalized_target_label_en"": ""red cube"", ""normalized_target_label_zh"": ""红色方块"", ""raw_instruction"": ""抓起红色方块"", ""target_color"": ""red"", ""target_position_hint"": null, ""target_type"": ""cube""}",红色方块,red cube,red_cube,cube,red,0.4535425165360054,-0.11430177287825778,0.045,5,0.4535425165360054,-0.08430177287825778,0.045,0.0,0.035,0.15,0.625,0.8601295675710073,0.4168000845616724,1.0,1.0,1.0,0.742885930426536,False,,data/grasp_success/raw/episode_000020/rgb.png,data/grasp_success/raw/episode_000020/depth.npy,data/grasp_success/raw/episode_000020/object_states.json,data/grasp_success/raw/episode_000020/candidates.json,
episode_000020,19,抓起红色方块,"{""confidence"": 0.8500000000000001, ""intent"": ""pick"", ""language"": ""zh"", ""normalized_target_label_en"": ""red cube"", ""normalized_target_label_zh"": ""红色方块"", ""raw_instruction"": ""抓起红色方块"", ""target_color"": ""red"", ""target_position_hint"": null, ""target_type"": ""cube""}",红色方块,red cube,red_cube,cube,red,0.4535425165360054,-0.11430177287825778,0.045,2,0.4235425165360054,-0.08430177287825778,0.045,0.0,0.035,0.15,0.4696699141100892,0.8474022948437345,0.44999999999999996,1.0,1.0,1.0,0.7003814332017737,False,,data/grasp_success/raw/episode_000020/rgb.png,data/grasp_success/raw/episode_000020/depth.npy,data/grasp_success/raw/episode_000020/object_states.json,data/grasp_success/raw/episode_000020/candidates.json,
episode_000020,19,抓起红色方块,"{""confidence"": 0.8500000000000001, ""intent"": ""pick"", ""language"": ""zh"", ""normalized_target_label_en"": ""red cube"", ""normalized_target_label_zh"": ""红色方块"", ""raw_instruction"": ""抓起红色方块"", ""target_color"": ""red"", ""target_position_hint"": null, ""target_type"": ""cube""}",红色方块,red cube,red_cube,cube,red,0.4535425165360054,-0.11430177287825778,0.045,6,0.48354251653600544,-0.1443017728782578,0.045,0.0,0.035,0.15,0.46966991411008896,0.8456086444495481,0.44999999999999996,1.0,1.0,1.0,0.7000227031229364,False,,data/grasp_success/raw/episode_000020/rgb.png,data/grasp_success/raw/episode_000020/depth.npy,data/grasp_success/raw/episode_000020/object_states.json,data/grasp_success/raw/episode_000020/candidates.json,
episode_000020,19,抓起红色方块,"{""confidence"": 0.8500000000000001, ""intent"": ""pick"", ""language"": ""zh"", ""normalized_target_label_en"": ""red cube"", ""normalized_target_label_zh"": ""红色方块"", ""raw_instruction"": ""抓起红色方块"", ""target_color"": ""red"", ""target_position_hint"": null, ""target_type"": ""cube""}",红色方块,red cube,red_cube,cube,red,0.4535425165360054,-0.11430177287825778,0.045,0,0.4235425165360054,-0.1443017728782578,0.045,0.0,0.035,0.15,0.46966991411008896,0.8274022948437345,0.44999999999999996,1.0,1.0,1.0,0.6963814332017736,False,,data/grasp_success/raw/episode_000020/rgb.png,data/grasp_success/raw/episode_000020/depth.npy,data/grasp_success/raw/episode_000020/object_states.json,data/grasp_success/raw/episode_000020/candidates.json,
episode_000021,20,抓起蓝色圆柱,"{""confidence"": 0.8500000000000001, ""intent"": ""pick"", ""language"": ""zh"", ""normalized_target_label_en"": ""blue cylinder"", ""normalized_target_label_zh"": ""蓝色圆柱"", ""raw_instruction"": ""抓起蓝色圆柱"", ""target_color"": ""blue"", ""target_position_hint"": null, ""target_type"": ""cylinder""}",蓝色圆柱,blue cylinder,blue_cylinder,cylinder,blue,0.5253301851272529,0.03809232475626547,0.07,4,0.5253301851272529,0.03809232475626547,0.07,0.0,0.025,0.15,1.0,0.8710614697747335,0.95,1.0,1.0,1.0,0.9642122939549467,True,True,data/grasp_success/raw/episode_000021/rgb.png,data/grasp_success/raw/episode_000021/depth.npy,data/grasp_success/raw/episode_000021/object_states.json,data/grasp_success/raw/episode_000021/candidates.json,
episode_000021,20,抓起蓝色圆柱,"{""confidence"": 0.8500000000000001, ""intent"": ""pick"", ""language"": ""zh"", ""normalized_target_label_en"": ""blue cylinder"", ""normalized_target_label_zh"": ""蓝色圆柱"", ""raw_instruction"": ""抓起蓝色圆柱"", ""target_color"": ""blue"", ""target_position_hint"": null, ""target_type"": ""cylinder""}",蓝色圆柱,blue cylinder,blue_cylinder,cylinder,blue,0.5253301851272529,0.03809232475626547,0.07,3,0.5253301851272529,0.008092324756265472,0.07,0.0,0.025,0.15,0.625,0.8810614697747334,0.44999999999999996,1.0,1.0,1.0,0.7537122939549468,False,,data/grasp_success/raw/episode_000021/rgb.png,data/grasp_success/raw/episode_000021/depth.npy,data/grasp_success/raw/episode_000021/object_states.json,data/grasp_success/raw/episode_000021/candidates.json,
episode_000021,20,抓起蓝色圆柱,"{""confidence"": 0.8500000000000001, ""intent"": ""pick"", ""language"": ""zh"", ""normalized_target_label_en"": ""blue cylinder"", ""normalized_target_label_zh"": ""蓝色圆柱"", ""raw_instruction"": ""抓起蓝色圆柱"", ""target_color"": ""blue"", ""target_position_hint"": null, ""target_type"": ""cylinder""}",蓝色圆柱,blue cylinder,blue_cylinder,cylinder,blue,0.5253301851272529,0.03809232475626547,0.07,5,0.5253301851272529,0.06809232475626548,0.07,0.0,0.025,0.15,0.625,0.8610614697747335,0.44999999999999996,1.0,1.0,1.0,0.7497122939549468,False,,data/grasp_success/raw/episode_000021/rgb.png,data/grasp_success/raw/episode_000021/depth.npy,data/grasp_success/raw/episode_000021/object_states.json,data/grasp_success/raw/episode_000021/candidates.json,
episode_000021,20,抓起蓝色圆柱,"{""confidence"": 0.8500000000000001, ""intent"": ""pick"", ""language"": ""zh"", ""normalized_target_label_en"": ""blue cylinder"", ""normalized_target_label_zh"": ""蓝色圆柱"", ""raw_instruction"": ""抓起蓝色圆柱"", ""target_color"": ""blue"", ""target_position_hint"": null, ""target_type"": ""cylinder""}",蓝色圆柱,blue cylinder,blue_cylinder,cylinder,blue,0.5253301851272529,0.03809232475626547,0.07,1,0.4953301851272529,0.03809232475626547,0.07,0.0,0.025,0.15,0.6249999999999997,0.8837887425020062,0.4269636453900547,1.0,1.0,1.0,0.7496504775784121,False,,data/grasp_success/raw/episode_000021/rgb.png,data/grasp_success/raw/episode_000021/depth.npy,data/grasp_success/raw/episode_000021/object_states.json,data/grasp_success/raw/episode_000021/candidates.json,
episode_000021,20,抓起蓝色圆柱,"{""confidence"": 0.8500000000000001, ""intent"": ""pick"", ""language"": ""zh"", ""normalized_target_label_en"": ""blue cylinder"", ""normalized_target_label_zh"": ""蓝色圆柱"", ""raw_instruction"": ""抓起蓝色圆柱"", ""target_color"": ""blue"", ""target_position_hint"": null, ""target_type"": ""cylinder""}",蓝色圆柱,blue cylinder,blue_cylinder,cylinder,blue,0.5253301851272529,0.03809232475626547,0.07,7,0.555330185127253,0.03809232475626547,0.07,0.0,0.025,0.15,0.6249999999999997,0.8583341970474607,0.44999999999999996,1.0,1.0,1.0,0.749166839409492,False,,data/grasp_success/raw/episode_000021/rgb.png,data/grasp_success/raw/episode_000021/depth.npy,data/grasp_success/raw/episode_000021/object_states.json,data/grasp_success/raw/episode_000021/candidates.json,
episode_000021,20,抓起蓝色圆柱,"{""confidence"": 0.8500000000000001, ""intent"": ""pick"", ""language"": ""zh"", ""normalized_target_label_en"": ""blue cylinder"", ""normalized_target_label_zh"": ""蓝色圆柱"", ""raw_instruction"": ""抓起蓝色圆柱"", ""target_color"": ""blue"", ""target_position_hint"": null, ""target_type"": ""cylinder""}",蓝色圆柱,blue cylinder,blue_cylinder,cylinder,blue,0.5253301851272529,0.03809232475626547,0.07,10,0.4953301851272529,0.03809232475626547,0.07,0.7853981633974483,0.025,0.15,0.6249999999999997,0.8837887425020062,0.3769636453900548,1.0,1.0,1.0,0.7396504775784122,False,,data/grasp_success/raw/episode_000021/rgb.png,data/grasp_success/raw/episode_000021/depth.npy,data/grasp_success/raw/episode_000021/object_states.json,data/grasp_success/raw/episode_000021/candidates.json,
episode_000021,20,抓起蓝色圆柱,"{""confidence"": 0.8500000000000001, ""intent"": ""pick"", ""language"": ""zh"", ""normalized_target_label_en"": ""blue cylinder"", ""normalized_target_label_zh"": ""蓝色圆柱"", ""raw_instruction"": ""抓起蓝色圆柱"", ""target_color"": ""blue"", ""target_position_hint"": null, ""target_type"": ""cylinder""}",蓝色圆柱,blue cylinder,blue_cylinder,cylinder,blue,0.5253301851272529,0.03809232475626547,0.07,0,0.4953301851272529,0.008092324756265472,0.07,0.0,0.025,0.15,0.4696699141100892,0.8937887425020062,0.44999999999999996,1.0,1.0,1.0,0.709658722733428,False,,data/grasp_success/raw/episode_000021/rgb.png,data/grasp_success/raw/episode_000021/depth.npy,data/grasp_success/raw/episode_000021/object_states.json,data/grasp_success/raw/episode_000021/candidates.json,
episode_000021,20,抓起蓝色圆柱,"{""confidence"": 0.8500000000000001, ""intent"": ""pick"", ""language"": ""zh"", ""normalized_target_label_en"": ""blue cylinder"", ""normalized_target_label_zh"": ""蓝色圆柱"", ""raw_instruction"": ""抓起蓝色圆柱"", ""target_color"": ""blue"", ""target_position_hint"": null, ""target_type"": ""cylinder""}",蓝色圆柱,blue cylinder,blue_cylinder,cylinder,blue,0.5253301851272529,0.03809232475626547,0.07,6,0.555330185127253,0.008092324756265472,0.07,0.0,0.025,0.15,0.4696699141100892,0.8683341970474607,0.44999999999999996,1.0,1.0,1.0,0.704567813642519,False,,data/grasp_success/raw/episode_000021/rgb.png,data/grasp_success/raw/episode_000021/depth.npy,data/grasp_success/raw/episode_000021/object_states.json,data/grasp_success/raw/episode_000021/candidates.json,
episode_000022,21,抓起蓝色圆柱,"{""confidence"": 0.8500000000000001, ""intent"": ""pick"", ""language"": ""zh"", ""normalized_target_label_en"": ""blue cylinder"", ""normalized_target_label_zh"": ""蓝色圆柱"", ""raw_instruction"": ""抓起蓝色圆柱"", ""target_color"": ""blue"", ""target_position_hint"": null, ""target_type"": ""cylinder""}",蓝色圆柱,blue cylinder,blue_cylinder,cylinder,blue,0.5226999988080945,0.029582009441149023,0.07,4,0.5226999988080945,0.029582009441149023,0.07,0.0,0.025,0.15,1.0,0.8750140781666881,0.95,1.0,1.0,1.0,0.9650028156333377,True,True,data/grasp_success/raw/episode_000022/rgb.png,data/grasp_success/raw/episode_000022/depth.npy,data/grasp_success/raw/episode_000022/object_states.json,data/grasp_success/raw/episode_000022/candidates.json,
episode_000022,21,抓起蓝色圆柱,"{""confidence"": 0.8500000000000001, ""intent"": ""pick"", ""language"": ""zh"", ""normalized_target_label_en"": ""blue cylinder"", ""normalized_target_label_zh"": ""蓝色圆柱"", ""raw_instruction"": ""抓起蓝色圆柱"", ""target_color"": ""blue"", ""target_position_hint"": null, ""target_type"": ""cylinder""}",蓝色圆柱,blue cylinder,blue_cylinder,cylinder,blue,0.5226999988080945,0.029582009441149023,0.07,1,0.49269999880809445,0.029582009441149023,0.07,0.0,0.025,0.15,0.6249999999999997,0.8877413508939608,0.44999999999999996,1.0,1.0,1.0,0.7550482701787921,False,,data/grasp_success/raw/episode_000022/rgb.png,data/grasp_success/raw/episode_000022/depth.npy,data/grasp_success/raw/episode_000022/object_states.json,data/grasp_success/raw/episode_000022/candidates.json,
episode_000022,21,抓起蓝色圆柱,"{""confidence"": 0.8500000000000001, ""intent"": ""pick"", ""language"": ""zh"", ""normalized_target_label_en"": ""blue cylinder"", ""normalized_target_label_zh"": ""蓝色圆柱"", ""raw_instruction"": ""抓起蓝色圆柱"", ""target_color"": ""blue"", ""target_position_hint"": null, ""target_type"": ""cylinder""}",蓝色圆柱,blue cylinder,blue_cylinder,cylinder,blue,0.5226999988080945,0.029582009441149023,0.07,3,0.5226999988080945,-0.00041799055885097594,0.07,0.0,0.025,0.15,0.625,0.8847354177941207,0.44999999999999996,1.0,1.0,1.0,0.7544470835588242,False,,data/grasp_success/raw/episode_000022/rgb.png,data/grasp_success/raw/episode_000022/depth.npy,data/grasp_success/raw/episode_000022/object_states.json,data/grasp_success/raw/episode_000022/candidates.json,
episode_000022,21,抓起蓝色圆柱,"{""confidence"": 0.8500000000000001, ""intent"": ""pick"", ""language"": ""zh"", ""normalized_target_label_en"": ""blue cylinder"", ""normalized_target_label_zh"": ""蓝色圆柱"", ""raw_instruction"": ""抓起蓝色圆柱"", ""target_color"": ""blue"", ""target_position_hint"": null, ""target_type"": ""cylinder""}",蓝色圆柱,blue cylinder,blue_cylinder,cylinder,blue,0.5226999988080945,0.029582009441149023,0.07,5,0.5226999988080945,0.059582009441149025,0.07,0.0,0.025,0.15,0.625,0.865014078166688,0.44999999999999996,1.0,1.0,1.0,0.7505028156333376,False,,data/grasp_success/raw/episode_000022/rgb.png,data/grasp_success/raw/episode_000022/depth.npy,data/grasp_success/raw/episode_000022/object_states.json,data/grasp_success/raw/episode_000022/candidates.json,
episode_000022,21,抓起蓝色圆柱,"{""confidence"": 0.8500000000000001, ""intent"": ""pick"", ""language"": ""zh"", ""normalized_target_label_en"": ""blue cylinder"", ""normalized_target_label_zh"": ""蓝色圆柱"", ""raw_instruction"": ""抓起蓝色圆柱"", ""target_color"": ""blue"", ""target_position_hint"": null, ""target_type"": ""cylinder""}",蓝色圆柱,blue cylinder,blue_cylinder,cylinder,blue,0.5226999988080945,0.029582009441149023,0.07,7,0.5526999988080945,0.029582009441149023,0.07,0.0,0.025,0.15,0.6249999999999997,0.8622868054394153,0.44999999999999996,1.0,1.0,1.0,0.749957361087883,False,,data/grasp_success/raw/episode_000022/rgb.png,data/grasp_success/raw/episode_000022/depth.npy,data/grasp_success/raw/episode_000022/object_states.json,data/grasp_success/raw/episode_000022/candidates.json,
episode_000022,21,抓起蓝色圆柱,"{""confidence"": 0.8500000000000001, ""intent"": ""pick"", ""language"": ""zh"", ""normalized_target_label_en"": ""blue cylinder"", ""normalized_target_label_zh"": ""蓝色圆柱"", ""raw_instruction"": ""抓起蓝色圆柱"", ""target_color"": ""blue"", ""target_position_hint"": null, ""target_type"": ""cylinder""}",蓝色圆柱,blue cylinder,blue_cylinder,cylinder,blue,0.5226999988080945,0.029582009441149023,0.07,10,0.49269999880809445,0.029582009441149023,0.07,0.7853981633974483,0.025,0.15,0.6249999999999997,0.8877413508939608,0.4,1.0,1.0,1.0,0.745048270178792,False,,data/grasp_success/raw/episode_000022/rgb.png,data/grasp_success/raw/episode_000022/depth.npy,data/grasp_success/raw/episode_000022/object_states.json,data/grasp_success/raw/episode_000022/candidates.json,
episode_000022,21,抓起蓝色圆柱,"{""confidence"": 0.8500000000000001, ""intent"": ""pick"", ""language"": ""zh"", ""normalized_target_label_en"": ""blue cylinder"", ""normalized_target_label_zh"": ""蓝色圆柱"", ""raw_instruction"": ""抓起蓝色圆柱"", ""target_color"": ""blue"", ""target_position_hint"": null, ""target_type"": ""cylinder""}",蓝色圆柱,blue cylinder,blue_cylinder,cylinder,blue,0.5226999988080945,0.029582009441149023,0.07,0,0.49269999880809445,-0.00041799055885097594,0.07,0.0,0.025,0.15,0.4696699141100892,0.8974626905213934,0.44999999999999996,1.0,1.0,1.0,0.7103935123373054,False,,data/grasp_success/raw/episode_000022/rgb.png,data/grasp_success/raw/episode_000022/depth.npy,data/grasp_success/raw/episode_000022/object_states.json,data/grasp_success/raw/episode_000022/candidates.json,
episode_000022,21,抓起蓝色圆柱,"{""confidence"": 0.8500000000000001, ""intent"": ""pick"", ""language"": ""zh"", ""normalized_target_label_en"": ""blue cylinder"", ""normalized_target_label_zh"": ""蓝色圆柱"", ""raw_instruction"": ""抓起蓝色圆柱"", ""target_color"": ""blue"", ""target_position_hint"": null, ""target_type"": ""cylinder""}",蓝色圆柱,blue cylinder,blue_cylinder,cylinder,blue,0.5226999988080945,0.029582009441149023,0.07,6,0.5526999988080945,-0.00041799055885097594,0.07,0.0,0.025,0.15,0.4696699141100892,0.872008145066848,0.44999999999999996,1.0,1.0,1.0,0.7053026032463964,False,,data/grasp_success/raw/episode_000022/rgb.png,data/grasp_success/raw/episode_000022/depth.npy,data/grasp_success/raw/episode_000022/object_states.json,data/grasp_success/raw/episode_000022/candidates.json,
episode_000023,22,抓起蓝色圆柱,"{""confidence"": 0.8500000000000001, ""intent"": ""pick"", ""language"": ""zh"", ""normalized_target_label_en"": ""blue cylinder"", ""normalized_target_label_zh"": ""蓝色圆柱"", ""raw_instruction"": ""抓起蓝色圆柱"", ""target_color"": ""blue"", ""target_position_hint"": null, ""target_type"": ""cylinder""}",蓝色圆柱,blue cylinder,blue_cylinder,cylinder,blue,0.5104723229427766,0.03997261307345829,0.07,4,0.5104723229427766,0.03997261307345829,0.07,0.0,0.025,0.15,1.0,0.876738042474538,0.95,1.0,1.0,1.0,0.9653476084949076,True,True,data/grasp_success/raw/episode_000023/rgb.png,data/grasp_success/raw/episode_000023/depth.npy,data/grasp_success/raw/episode_000023/object_states.json,data/grasp_success/raw/episode_000023/candidates.json,
episode_000023,22,抓起蓝色圆柱,"{""confidence"": 0.8500000000000001, ""intent"": ""pick"", ""language"": ""zh"", ""normalized_target_label_en"": ""blue cylinder"", ""normalized_target_label_zh"": ""蓝色圆柱"", ""raw_instruction"": ""抓起蓝色圆柱"", ""target_color"": ""blue"", ""target_position_hint"": null, ""target_type"": ""cylinder""}",蓝色圆柱,blue cylinder,blue_cylinder,cylinder,blue,0.5104723229427766,0.03997261307345829,0.07,3,0.5104723229427766,0.009972613073458293,0.07,0.0,0.025,0.15,0.625,0.886738042474538,0.44999999999999996,1.0,1.0,1.0,0.7548476084949076,False,,data/grasp_success/raw/episode_000023/rgb.png,data/grasp_success/raw/episode_000023/depth.npy,data/grasp_success/raw/episode_000023/object_states.json,data/grasp_success/raw/episode_000023/candidates.json,
episode_000023,22,抓起蓝色圆柱,"{""confidence"": 0.8500000000000001, ""intent"": ""pick"", ""language"": ""zh"", ""normalized_target_label_en"": ""blue cylinder"", ""normalized_target_label_zh"": ""蓝色圆柱"", ""raw_instruction"": ""抓起蓝色圆柱"", ""target_color"": ""blue"", ""target_position_hint"": null, ""target_type"": ""cylinder""}",蓝色圆柱,blue cylinder,blue_cylinder,cylinder,blue,0.5104723229427766,0.03997261307345829,0.07,7,0.5404723229427766,0.03997261307345829,0.07,0.0,0.025,0.15,0.6249999999999997,0.8640107697472652,0.44999999999999996,1.0,1.0,1.0,0.750302153949453,False,,data/grasp_success/raw/episode_000023/rgb.png,data/grasp_success/raw/episode_000023/depth.npy,data/grasp_success/raw/episode_000023/object_states.json,data/grasp_success/raw/episode_000023/candidates.json,
episode_000023,22,抓起蓝色圆柱,"{""confidence"": 0.8500000000000001, ""intent"": ""pick"", ""language"": ""zh"", ""normalized_target_label_en"": ""blue cylinder"", ""normalized_target_label_zh"": ""蓝色圆柱"", ""raw_instruction"": ""抓起蓝色圆柱"", ""target_color"": ""blue"", ""target_position_hint"": null, ""target_type"": ""cylinder""}",蓝色圆柱,blue cylinder,blue_cylinder,cylinder,blue,0.5104723229427766,0.03997261307345829,0.07,5,0.5104723229427766,0.06997261307345828,0.07,0.0,0.025,0.15,0.6250000000000001,0.866738042474538,0.41043945330484966,1.0,1.0,1.0,0.7429354991558775,False,,data/grasp_success/raw/episode_000023/rgb.png,data/grasp_success/raw/episode_000023/depth.npy,data/grasp_success/raw/episode_000023/object_states.json,data/grasp_success/raw/episode_000023/candidates.json,
episode_000023,22,抓起蓝色圆柱,"{""confidence"": 0.8500000000000001, ""intent"": ""pick"", ""language"": ""zh"", ""normalized_target_label_en"": ""blue cylinder"", ""normalized_target_label_zh"": ""蓝色圆柱"", ""raw_instruction"": ""抓起蓝色圆柱"", ""target_color"": ""blue"", ""target_position_hint"": null, ""target_type"": ""cylinder""}",蓝色圆柱,blue cylinder,blue_cylinder,cylinder,blue,0.5104723229427766,0.03997261307345829,0.07,1,0.48047232294277653,0.03997261307345829,0.07,0.0,0.025,0.15,0.6249999999999997,0.8894653152018107,0.34611469598057343,1.0,1.0,1.0,0.7346160022364767,False,,data/grasp_success/raw/episode_000023/rgb.png,data/grasp_success/raw/episode_000023/depth.npy,data/grasp_success/raw/episode_000023/object_states.json,data/grasp_success/raw/episode_000023/candidates.json,
episode_000023,22,抓起蓝色圆柱,"{""confidence"": 0.8500000000000001, ""intent"": ""pick"", ""language"": ""zh"", ""normalized_target_label_en"": ""blue cylinder"", ""normalized_target_label_zh"": ""蓝色圆柱"", ""raw_instruction"": ""抓起蓝色圆柱"", ""target_color"": ""blue"", ""target_position_hint"": null, ""target_type"": ""cylinder""}",蓝色圆柱,blue cylinder,blue_cylinder,cylinder,blue,0.5104723229427766,0.03997261307345829,0.07,10,0.48047232294277653,0.03997261307345829,0.07,0.7853981633974483,0.025,0.15,0.6249999999999997,0.8894653152018107,0.2961146959805735,1.0,1.0,1.0,0.7246160022364767,False,,data/grasp_success/raw/episode_000023/rgb.png,data/grasp_success/raw/episode_000023/depth.npy,data/grasp_success/raw/episode_000023/object_states.json,data/grasp_success/raw/episode_000023/candidates.json,
episode_000023,22,抓起蓝色圆柱,"{""confidence"": 0.8500000000000001, ""intent"": ""pick"", ""language"": ""zh"", ""normalized_target_label_en"": ""blue cylinder"", ""normalized_target_label_zh"": ""蓝色圆柱"", ""raw_instruction"": ""抓起蓝色圆柱"", ""target_color"": ""blue"", ""target_position_hint"": null, ""target_type"": ""cylinder""}",蓝色圆柱,blue cylinder,blue_cylinder,cylinder,blue,0.5104723229427766,0.03997261307345829,0.07,0,0.48047232294277653,0.009972613073458293,0.07,0.0,0.025,0.15,0.4696699141100892,0.8994653152018107,0.43557866498876396,1.0,1.0,1.0,0.7079097702711418,False,,data/grasp_success/raw/episode_000023/rgb.png,data/grasp_success/raw/episode_000023/depth.npy,data/grasp_success/raw/episode_000023/object_states.json,data/grasp_success/raw/episode_000023/candidates.json,
episode_000023,22,抓起蓝色圆柱,"{""confidence"": 0.8500000000000001, ""intent"": ""pick"", ""language"": ""zh"", ""normalized_target_label_en"": ""blue cylinder"", ""normalized_target_label_zh"": ""蓝色圆柱"", ""raw_instruction"": ""抓起蓝色圆柱"", ""target_color"": ""blue"", ""target_position_hint"": null, ""target_type"": ""cylinder""}",蓝色圆柱,blue cylinder,blue_cylinder,cylinder,blue,0.5104723229427766,0.03997261307345829,0.07,6,0.5404723229427766,0.009972613073458293,0.07,0.0,0.025,0.15,0.4696699141100892,0.8740107697472652,0.44999999999999996,1.0,1.0,1.0,0.7057031281824798,False,,data/grasp_success/raw/episode_000023/rgb.png,data/grasp_success/raw/episode_000023/depth.npy,data/grasp_success/raw/episode_000023/object_states.json,data/grasp_success/raw/episode_000023/candidates.json,
episode_000024,23,抓起绿色球,"{""confidence"": 0.8500000000000001, ""intent"": ""pick"", ""language"": ""zh"", ""normalized_target_label_en"": ""green sphere"", ""normalized_target_label_zh"": ""绿色球"", ""raw_instruction"": ""抓起绿色球"", ""target_color"": ""green"", ""target_position_hint"": null, ""target_type"": ""sphere""}",绿色球,green sphere,green_sphere,sphere,green,0.40184054453771473,0.10847494816469923,0.05,4,0.40184054453771473,0.10847494816469923,0.05,0.0,0.025,0.15,1.0,0.8316932280924136,0.95,1.0,1.0,1.0,0.9563386456184828,True,True,data/grasp_success/raw/episode_000024/rgb.png,data/grasp_success/raw/episode_000024/depth.npy,data/grasp_success/raw/episode_000024/object_states.json,data/grasp_success/raw/episode_000024/candidates.json,
episode_000024,23,抓起绿色球,"{""confidence"": 0.8500000000000001, ""intent"": ""pick"", ""language"": ""zh"", ""normalized_target_label_en"": ""green sphere"", ""normalized_target_label_zh"": ""绿色球"", ""raw_instruction"": ""抓起绿色球"", ""target_color"": ""green"", ""target_position_hint"": null, ""target_type"": ""sphere""}",绿色球,green sphere,green_sphere,sphere,green,0.40184054453771473,0.10847494816469923,0.05,3,0.40184054453771473,0.07847494816469923,0.05,0.0,0.025,0.15,0.625,0.8416932280924136,0.4419894381623587,1.0,1.0,1.0,0.7442365332509545,False,,data/grasp_success/raw/episode_000024/rgb.png,data/grasp_success/raw/episode_000024/depth.npy,data/grasp_success/raw/episode_000024/object_states.json,data/grasp_success/raw/episode_000024/candidates.json,
episode_000024,23,抓起绿色球,"{""confidence"": 0.8500000000000001, ""intent"": ""pick"", ""language"": ""zh"", ""normalized_target_label_en"": ""green sphere"", ""normalized_target_label_zh"": ""绿色球"", ""raw_instruction"": ""抓起绿色球"", ""target_color"": ""green"", ""target_position_hint"": null, ""target_type"": ""sphere""}",绿色球,green sphere,green_sphere,sphere,green,0.40184054453771473,0.10847494816469923,0.05,5,0.40184054453771473,0.13847494816469924,0.05,0.0,0.025,0.15,0.6249999999999998,0.8216932280924136,0.44999999999999996,1.0,1.0,1.0,0.7418386456184827,False,,data/grasp_success/raw/episode_000024/rgb.png,data/grasp_success/raw/episode_000024/depth.npy,data/grasp_success/raw/episode_000024/object_states.json,data/grasp_success/raw/episode_000024/candidates.json,
episode_000024,23,抓起绿色球,"{""confidence"": 0.8500000000000001, ""intent"": ""pick"", ""language"": ""zh"", ""normalized_target_label_en"": ""green sphere"", ""normalized_target_label_zh"": ""绿色球"", ""raw_instruction"": ""抓起绿色球"", ""target_color"": ""green"", ""target_position_hint"": null, ""target_type"": ""sphere""}",绿色球,green sphere,green_sphere,sphere,green,0.40184054453771473,0.10847494816469923,0.05,1,0.37184054453771476,0.10847494816469923,0.05,0.0,0.025,0.15,0.6250000000000004,0.8189659553651409,0.44999999999999996,1.0,1.0,1.0,0.7412931910730284,False,,data/grasp_success/raw/episode_000024/rgb.png,data/grasp_success/raw/episode_000024/depth.npy,data/grasp_success/raw/episode_000024/object_states.json,data/grasp_success/raw/episode_000024/candidates.json,
episode_000024,23,抓起绿色球,"{""confidence"": 0.8500000000000001, ""intent"": ""pick"", ""language"": ""zh"", ""normalized_target_label_en"": ""green sphere"", ""normalized_target_label_zh"": ""绿色球"", ""raw_instruction"": ""抓起绿色球"", ""target_color"": ""green"", ""target_position_hint"": null, ""target_type"": ""sphere""}",绿色球,green sphere,green_sphere,sphere,green,0.40184054453771473,0.10847494816469923,0.05,7,0.4318405445377147,0.10847494816469923,0.05,0.0,0.025,0.15,0.6250000000000004,0.8444205008196863,0.4024412185891324,1.0,1.0,1.0,0.7368723438817639,False,,data/grasp_success/raw/episode_000024/rgb.png,data/grasp_success/raw/episode_000024/depth.npy,data/grasp_success/raw/episode_000024/object_states.json,data/grasp_success/raw/episode_000024/candidates.json,
episode_000024,23,抓起绿色球,"{""confidence"": 0.8500000000000001, ""intent"": ""pick"", ""language"": ""zh"", ""normalized_target_label_en"": ""green sphere"", ""normalized_target_label_zh"": ""绿色球"", ""raw_instruction"": ""抓起绿色球"", ""target_color"": ""green"", ""target_position_hint"": null, ""target_type"": ""sphere""}",绿色球,green sphere,green_sphere,sphere,green,0.40184054453771473,0.10847494816469923,0.05,10,0.37184054453771476,0.10847494816469923,0.05,0.7853981633974483,0.025,0.15,0.6250000000000004,0.8189659553651409,0.4,1.0,1.0,1.0,0.7312931910730284,False,,data/grasp_success/raw/episode_000024/rgb.png,data/grasp_success/raw/episode_000024/depth.npy,data/grasp_success/raw/episode_000024/object_states.json,data/grasp_success/raw/episode_000024/candidates.json,
episode_000024,23,抓起绿色球,"{""confidence"": 0.8500000000000001, ""intent"": ""pick"", ""language"": ""zh"", ""normalized_target_label_en"": ""green sphere"", ""normalized_target_label_zh"": ""绿色球"", ""raw_instruction"": ""抓起绿色球"", ""target_color"": ""green"", ""target_position_hint"": null, ""target_type"": ""sphere""}",绿色球,green sphere,green_sphere,sphere,green,0.40184054453771473,0.10847494816469923,0.05,8,0.4318405445377147,0.13847494816469924,0.05,0.0,0.025,0.15,0.4696699141100895,0.8344205008196863,0.44999999999999996,1.0,1.0,1.0,0.6977850743969641,False,,data/grasp_success/raw/episode_000024/rgb.png,data/grasp_success/raw/episode_000024/depth.npy,data/grasp_success/raw/episode_000024/object_states.json,data/grasp_success/raw/episode_000024/candidates.json,
episode_000024,23,抓起绿色球,"{""confidence"": 0.8500000000000001, ""intent"": ""pick"", ""language"": ""zh"", ""normalized_target_label_en"": ""green sphere"", ""normalized_target_label_zh"": ""绿色球"", ""raw_instruction"": ""抓起绿色球"", ""target_color"": ""green"", ""target_position_hint"": null, ""target_type"": ""sphere""}",绿色球,green sphere,green_sphere,sphere,green,0.40184054453771473,0.10847494816469923,0.05,0,0.37184054453771476,0.07847494816469923,0.05,0.0,0.025,0.15,0.4696699141100896,0.828965955365141,0.44999999999999996,1.0,1.0,1.0,0.6966941653060551,False,,data/grasp_success/raw/episode_000024/rgb.png,data/grasp_success/raw/episode_000024/depth.npy,data/grasp_success/raw/episode_000024/object_states.json,data/grasp_success/raw/episode_000024/candidates.json,
episode_000025,24,抓起中间的物体,"{""confidence"": 0.6, ""intent"": ""pick"", ""language"": ""zh"", ""normalized_target_label_en"": ""center"", ""normalized_target_label_zh"": ""中间的物体"", ""raw_instruction"": ""抓起中间的物体"", ""target_color"": null, ""target_position_hint"": ""center"", ""target_type"": null}",中间的物体,center,blue_cylinder,cylinder,blue,0.5136518377390904,0.03996565255035901,0.07,4,0.5136518377390904,0.03996565255035901,0.07,0.0,0.025,0.15,1.0,0.8753914775838015,0.95,1.0,1.0,1.0,0.9650782955167603,True,True,data/grasp_success/raw/episode_000025/rgb.png,data/grasp_success/raw/episode_000025/depth.npy,data/grasp_success/raw/episode_000025/object_states.json,data/grasp_success/raw/episode_000025/candidates.json,
episode_000025,24,抓起中间的物体,"{""confidence"": 0.6, ""intent"": ""pick"", ""language"": ""zh"", ""normalized_target_label_en"": ""center"", ""normalized_target_label_zh"": ""中间的物体"", ""raw_instruction"": ""抓起中间的物体"", ""target_color"": null, ""target_position_hint"": ""center"", ""target_type"": null}",中间的物体,center,blue_cylinder,cylinder,blue,0.5136518377390904,0.03996565255035901,0.07,3,0.5136518377390904,0.009965652550359014,0.07,0.0,0.025,0.15,0.625,0.8853914775838015,0.44999999999999996,1.0,1.0,1.0,0.7545782955167604,False,,data/grasp_success/raw/episode_000025/rgb.png,data/grasp_success/raw/episode_000025/depth.npy,data/grasp_success/raw/episode_000025/object_states.json,data/grasp_success/raw/episode_000025/candidates.json,
episode_000025,24,抓起中间的物体,"{""confidence"": 0.6, ""intent"": ""pick"", ""language"": ""zh"", ""normalized_target_label_en"": ""center"", ""normalized_target_label_zh"": ""中间的物体"", ""raw_instruction"": ""抓起中间的物体"", ""target_color"": null, ""target_position_hint"": ""center"", ""target_type"": null}",中间的物体,center,blue_cylinder,cylinder,blue,0.5136518377390904,0.03996565255035901,0.07,7,0.5436518377390904,0.03996565255035901,0.07,0.0,0.025,0.15,0.6249999999999997,0.8626642048565288,0.44999999999999996,1.0,1.0,1.0,0.7500328409713057,False,,data/grasp_success/raw/episode_000025/rgb.png,data/grasp_success/raw/episode_000025/depth.npy,data/grasp_success/raw/episode_000025/object_states.json,data/grasp_success/raw/episode_000025/candidates.json,
episode_000025,24,抓起中间的物体,"{""confidence"": 0.6, ""intent"": ""pick"", ""language"": ""zh"", ""normalized_target_label_en"": ""center"", ""normalized_target_label_zh"": ""中间的物体"", ""raw_instruction"": ""抓起中间的物体"", ""target_color"": null, ""target_position_hint"": ""center"", ""target_type"": null}",中间的物体,center,blue_cylinder,cylinder,blue,0.5136518377390904,0.03996565255035901,0.07,5,0.5136518377390904,0.06996565255035901,0.07,0.0,0.025,0.15,0.625,0.8653914775838016,0.4383381308889466,1.0,1.0,1.0,0.7482459216945497,False,,data/grasp_success/raw/episode_000025/rgb.png,data/grasp_success/raw/episode_000025/depth.npy,data/grasp_success/raw/episode_000025/object_states.json,data/grasp_success/raw/episode_000025/candidates.json,
episode_000025,24,抓起中间的物体,"{""confidence"": 0.6, ""intent"": ""pick"", ""language"": ""zh"", ""normalized_target_label_en"": ""center"", ""normalized_target_label_zh"": ""中间的物体"", ""raw_instruction"": ""抓起中间的物体"", ""target_color"": null, ""target_position_hint"": ""center"", ""target_type"": null}",中间的物体,center,blue_cylinder,cylinder,blue,0.5136518377390904,0.03996565255035901,0.07,1,0.4836518377390904,0.03996565255035901,0.07,0.0,0.025,0.15,0.6249999999999997,0.8881187503110743,0.3869582639522059,1.0,1.0,1.0,0.7425154028526559,False,,data/grasp_success/raw/episode_000025/rgb.png,data/grasp_success/raw/episode_000025/depth.npy,data/grasp_success/raw/episode_000025/object_states.json,data/grasp_success/raw/episode_000025/candidates.json,
episode_000025,24,抓起中间的物体,"{""confidence"": 0.6, ""intent"": ""pick"", ""language"": ""zh"", ""normalized_target_label_en"": ""center"", ""normalized_target_label_zh"": ""中间的物体"", ""raw_instruction"": ""抓起中间的物体"", ""target_color"": null, ""target_position_hint"": ""center"", ""target_type"": null}",中间的物体,center,blue_cylinder,cylinder,blue,0.5136518377390904,0.03996565255035901,0.07,10,0.4836518377390904,0.03996565255035901,0.07,0.7853981633974483,0.025,0.15,0.6249999999999997,0.8881187503110743,0.33695826395220596,1.0,1.0,1.0,0.7325154028526559,False,,data/grasp_success/raw/episode_000025/rgb.png,data/grasp_success/raw/episode_000025/depth.npy,data/grasp_success/raw/episode_000025/object_states.json,data/grasp_success/raw/episode_000025/candidates.json,
episode_000025,24,抓起中间的物体,"{""confidence"": 0.6, ""intent"": ""pick"", ""language"": ""zh"", ""normalized_target_label_en"": ""center"", ""normalized_target_label_zh"": ""中间的物体"", ""raw_instruction"": ""抓起中间的物体"", ""target_color"": null, ""target_position_hint"": ""center"", ""target_type"": null}",中间的物体,center,blue_cylinder,cylinder,blue,0.5136518377390904,0.03996565255035901,0.07,0,0.4836518377390904,0.009965652550359014,0.07,0.0,0.025,0.15,0.4696699141100892,0.8981187503110744,0.44999999999999996,1.0,1.0,1.0,0.7105247242952416,False,,data/grasp_success/raw/episode_000025/rgb.png,data/grasp_success/raw/episode_000025/depth.npy,data/grasp_success/raw/episode_000025/object_states.json,data/grasp_success/raw/episode_000025/candidates.json,
episode_000025,24,抓起中间的物体,"{""confidence"": 0.6, ""intent"": ""pick"", ""language"": ""zh"", ""normalized_target_label_en"": ""center"", ""normalized_target_label_zh"": ""中间的物体"", ""raw_instruction"": ""抓起中间的物体"", ""target_color"": null, ""target_position_hint"": ""center"", ""target_type"": null}",中间的物体,center,blue_cylinder,cylinder,blue,0.5136518377390904,0.03996565255035901,0.07,6,0.5436518377390904,0.009965652550359014,0.07,0.0,0.025,0.15,0.4696699141100892,0.8726642048565288,0.44999999999999996,1.0,1.0,1.0,0.7054338152043326,False,,data/grasp_success/raw/episode_000025/rgb.png,data/grasp_success/raw/episode_000025/depth.npy,data/grasp_success/raw/episode_000025/object_states.json,data/grasp_success/raw/episode_000025/candidates.json,
episode_000026,25,抓起中间的物体,"{""confidence"": 0.6, ""intent"": ""pick"", ""language"": ""zh"", ""normalized_target_label_en"": ""center"", ""normalized_target_label_zh"": ""中间的物体"", ""raw_instruction"": ""抓起中间的物体"", ""target_color"": null, ""target_position_hint"": ""center"", ""target_type"": null}",中间的物体,center,blue_cylinder,cylinder,blue,0.5268689347826448,0.024280915399040866,0.07,4,0.5268689347826448,0.024280915399040866,0.07,0.0,0.025,0.15,1.0,0.8750124700097027,0.95,1.0,1.0,1.0,0.9650024940019406,True,True,data/grasp_success/raw/episode_000026/rgb.png,data/grasp_success/raw/episode_000026/depth.npy,data/grasp_success/raw/episode_000026/object_states.json,data/grasp_success/raw/episode_000026/candidates.json,
episode_000026,25,抓起中间的物体,"{""confidence"": 0.6, ""intent"": ""pick"", ""language"": ""zh"", ""normalized_target_label_en"": ""center"", ""normalized_target_label_zh"": ""中间的物体"", ""raw_instruction"": ""抓起中间的物体"", ""target_color"": null, ""target_position_hint"": ""center"", ""target_type"": null}",中间的物体,center,blue_cylinder,cylinder,blue,0.5268689347826448,0.024280915399040866,0.07,3,0.5268689347826448,-0.005719084600959132,0.07,0.0,0.025,0.15,0.625,0.8811997469423967,0.44999999999999996,1.0,1.0,1.0,0.7537399493884793,False,,data/grasp_success/raw/episode_000026/rgb.png,data/grasp_success/raw/episode_000026/depth.npy,data/grasp_success/raw/episode_000026/object_states.json,data/grasp_success/raw/episode_000026/candidates.json,
episode_000026,25,抓起中间的物体,"{""confidence"": 0.6, ""intent"": ""pick"", ""language"": ""zh"", ""normalized_target_label_en"": ""center"", ""normalized_target_label_zh"": ""中间的物体"", ""raw_instruction"": ""抓起中间的物体"", ""target_color"": null, ""target_position_hint"": ""center"", ""target_type"": null}",中间的物体,center,blue_cylinder,cylinder,blue,0.5268689347826448,0.024280915399040866,0.07,1,0.4968689347826448,0.024280915399040866,0.07,0.0,0.025,0.15,0.6249999999999997,0.8877397427369754,0.43102923619062616,1.0,1.0,1.0,0.7512537957855202,False,,data/grasp_success/raw/episode_000026/rgb.png,data/grasp_success/raw/episode_000026/depth.npy,data/grasp_success/raw/episode_000026/object_states.json,data/grasp_success/raw/episode_000026/candidates.json,
episode_000026,25,抓起中间的物体,"{""confidence"": 0.6, ""intent"": ""pick"", ""language"": ""zh"", ""normalized_target_label_en"": ""center"", ""normalized_target_label_zh"": ""中间的物体"", ""raw_instruction"": ""抓起中间的物体"", ""target_color"": null, ""target_position_hint"": ""center"", ""target_type"": null}",中间的物体,center,blue_cylinder,cylinder,blue,0.5268689347826448,0.024280915399040866,0.07,5,0.5268689347826448,0.05428091539904087,0.07,0.0,0.025,0.15,0.625,0.8650124700097027,0.44999999999999996,1.0,1.0,1.0,0.7505024940019406,False,,data/grasp_success/raw/episode_000026/rgb.png,data/grasp_success/raw/episode_000026/depth.npy,data/grasp_success/raw/episode_000026/object_states.json,data/grasp_success/raw/episode_000026/candidates.json,
episode_000026,25,抓起中间的物体,"{""confidence"": 0.6, ""intent"": ""pick"", ""language"": ""zh"", ""normalized_target_label_en"": ""center"", ""normalized_target_label_zh"": ""中间的物体"", ""raw_instruction"": ""抓起中间的物体"", ""target_color"": null, ""target_position_hint"": ""center"", ""target_type"": null}",中间的物体,center,blue_cylinder,cylinder,blue,0.5268689347826448,0.024280915399040866,0.07,7,0.5568689347826449,0.024280915399040866,0.07,0.0,0.025,0.15,0.6249999999999997,0.8622851972824299,0.44999999999999996,1.0,1.0,1.0,0.749957039456486,False,,data/grasp_success/raw/episode_000026/rgb.png,data/grasp_success/raw/episode_000026/depth.npy,data/grasp_success/raw/episode_000026/object_states.json,data/grasp_success/raw/episode_000026/candidates.json,
episode_000026,25,抓起中间的物体,"{""confidence"": 0.6, ""intent"": ""pick"", ""language"": ""zh"", ""normalized_target_label_en"": ""center"", ""normalized_target_label_zh"": ""中间的物体"", ""raw_instruction"": ""抓起中间的物体"", ""target_color"": null, ""target_position_hint"": ""center"", ""target_type"": null}",中间的物体,center,blue_cylinder,cylinder,blue,0.5268689347826448,0.024280915399040866,0.07,10,0.4968689347826448,0.024280915399040866,0.07,0.7853981633974483,0.025,0.15,0.6249999999999997,0.8877397427369754,0.38102923619062623,1.0,1.0,1.0,0.7412537957855202,False,,data/grasp_success/raw/episode_000026/rgb.png,data/grasp_success/raw/episode_000026/depth.npy,data/grasp_success/raw/episode_000026/object_states.json,data/grasp_success/raw/episode_000026/candidates.json,
episode_000026,25,抓起中间的物体,"{""confidence"": 0.6, ""intent"": ""pick"", ""language"": ""zh"", ""normalized_target_label_en"": ""center"", ""normalized_target_label_zh"": ""中间的物体"", ""raw_instruction"": ""抓起中间的物体"", ""target_color"": null, ""target_position_hint"": ""center"", ""target_type"": null}",中间的物体,center,blue_cylinder,cylinder,blue,0.5268689347826448,0.024280915399040866,0.07,6,0.5568689347826449,-0.005719084600959132,0.07,0.0,0.025,0.15,0.4696699141100892,0.8684724742151239,0.44999999999999996,1.0,1.0,1.0,0.7045954690760515,False,,data/grasp_success/raw/episode_000026/rgb.png,data/grasp_success/raw/episode_000026/depth.npy,data/grasp_success/raw/episode_000026/object_states.json,data/grasp_success/raw/episode_000026/candidates.json,
episode_000026,25,抓起中间的物体,"{""confidence"": 0.6, ""intent"": ""pick"", ""language"": ""zh"", ""normalized_target_label_en"": ""center"", ""normalized_target_label_zh"": ""中间的物体"", ""raw_instruction"": ""抓起中间的物体"", ""target_color"": null, ""target_position_hint"": ""center"", ""target_type"": null}",中间的物体,center,blue_cylinder,cylinder,blue,0.5268689347826448,0.024280915399040866,0.07,0,0.4968689347826448,-0.005719084600959132,0.07,0.0,0.025,0.15,0.4696699141100892,0.8939270196696694,0.41258374775130124,1.0,1.0,1.0,0.7022031277172209,False,,data/grasp_success/raw/episode_000026/rgb.png,data/grasp_success/raw/episode_000026/depth.npy,data/grasp_success/raw/episode_000026/object_states.json,data/grasp_success/raw/episode_000026/candidates.json,
episode_000027,26,抓起蓝色圆柱,"{""confidence"": 0.8500000000000001, ""intent"": ""pick"", ""language"": ""zh"", ""normalized_target_label_en"": ""blue cylinder"", ""normalized_target_label_zh"": ""蓝色圆柱"", ""raw_instruction"": ""抓起蓝色圆柱"", ""target_color"": ""blue"", ""target_position_hint"": null, ""target_type"": ""cylinder""}",蓝色圆柱,blue cylinder,blue_cylinder,cylinder,blue,0.5141031730819431,0.03201514252186036,0.07,4,0.5141031730819431,0.03201514252186036,0.07,0.0,0.025,0.15,1.0,0.8778501719933031,0.95,1.0,1.0,1.0,0.9655700343986606,True,True,data/grasp_success/raw/episode_000027/rgb.png,data/grasp_success/raw/episode_000027/depth.npy,data/grasp_success/raw/episode_000027/object_states.json,data/grasp_success/raw/episode_000027/candidates.json,
episode_000027,26,抓起蓝色圆柱,"{""confidence"": 0.8500000000000001, ""intent"": ""pick"", ""language"": ""zh"", ""normalized_target_label_en"": ""blue cylinder"", ""normalized_target_label_zh"": ""蓝色圆柱"", ""raw_instruction"": ""抓起蓝色圆柱"", ""target_color"": ""blue"", ""target_position_hint"": null, ""target_type"": ""cylinder""}",蓝色圆柱,blue cylinder,blue_cylinder,cylinder,blue,0.5141031730819431,0.03201514252186036,0.07,3,0.5141031730819431,0.002015142521860358,0.07,0.0,0.025,0.15,0.625,0.887850171993303,0.44999999999999996,1.0,1.0,1.0,0.7550700343986606,False,,data/grasp_success/raw/episode_000027/rgb.png,data/grasp_success/raw/episode_000027/depth.npy,data/grasp_success/raw/episode_000027/object_states.json,data/grasp_success/raw/episode_000027/candidates.json,
episode_000027,26,抓起蓝色圆柱,"{""confidence"": 0.8500000000000001, ""intent"": ""pick"", ""language"": ""zh"", ""normalized_target_label_en"": ""blue cylinder"", ""normalized_target_label_zh"": ""蓝色圆柱"", ""raw_instruction"": ""抓起蓝色圆柱"", ""target_color"": ""blue"", ""target_position_hint"": null, ""target_type"": ""cylinder""}",蓝色圆柱,blue cylinder,blue_cylinder,cylinder,blue,0.5141031730819431,0.03201514252186036,0.07,1,0.48410317308194306,0.03201514252186036,0.07,0.0,0.025,0.15,0.6249999999999997,0.8905774447205758,0.4273598158611511,1.0,1.0,1.0,0.7510874521163453,False,,data/grasp_success/raw/episode_000027/rgb.png,data/grasp_success/raw/episode_000027/depth.npy,data/grasp_success/raw/episode_000027/object_states.json,data/grasp_success/raw/episode_000027/candidates.json,
episode_000027,26,抓起蓝色圆柱,"{""confidence"": 0.8500000000000001, ""intent"": ""pick"", ""language"": ""zh"", ""normalized_target_label_en"": ""blue cylinder"", ""normalized_target_label_zh"": ""蓝色圆柱"", ""raw_instruction"": ""抓起蓝色圆柱"", ""target_color"": ""blue"", ""target_position_hint"": null, ""target_type"": ""cylinder""}",蓝色圆柱,blue cylinder,blue_cylinder,cylinder,blue,0.5141031730819431,0.03201514252186036,0.07,5,0.5141031730819431,0.062015142521860356,0.07,0.0,0.025,0.15,0.625,0.867850171993303,0.44999999999999996,1.0,1.0,1.0,0.7510700343986606,False,,data/grasp_success/raw/episode_000027/rgb.png,data/grasp_success/raw/episode_000027/depth.npy,data/grasp_success/raw/episode_000027/object_states.json,data/grasp_success/raw/episode_000027/candidates.json,
episode_000027,26,抓起蓝色圆柱,"{""confidence"": 0.8500000000000001, ""intent"": ""pick"", ""language"": ""zh"", ""normalized_target_label_en"": ""blue cylinder"", ""normalized_target_label_zh"": ""蓝色圆柱"", ""raw_instruction"": ""抓起蓝色圆柱"", ""target_color"": ""blue"", ""target_position_hint"": null, ""target_type"": ""cylinder""}",蓝色圆柱,blue cylinder,blue_cylinder,cylinder,blue,0.5141031730819431,0.03201514252186036,0.07,7,0.5441031730819431,0.03201514252186036,0.07,0.0,0.025,0.15,0.6249999999999997,0.8651228992660303,0.44999999999999996,1.0,1.0,1.0,0.750524579853206,False,,data/grasp_success/raw/episode_000027/rgb.png,data/grasp_success/raw/episode_000027/depth.npy,data/grasp_success/raw/episode_000027/object_states.json,data/grasp_success/raw/episode_000027/candidates.json,
episode_000027,26,抓起蓝色圆柱,"{""confidence"": 0.8500000000000001, ""intent"": ""pick"", ""language"": ""zh"", ""normalized_target_label_en"": ""blue cylinder"", ""normalized_target_label_zh"": ""蓝色圆柱"", ""raw_instruction"": ""抓起蓝色圆柱"", ""target_color"": ""blue"", ""target_position_hint"": null, ""target_type"": ""cylinder""}",蓝色圆柱,blue cylinder,blue_cylinder,cylinder,blue,0.5141031730819431,0.03201514252186036,0.07,10,0.48410317308194306,0.03201514252186036,0.07,0.7853981633974483,0.025,0.15,0.6249999999999997,0.8905774447205758,0.3773598158611512,1.0,1.0,1.0,0.7410874521163453,False,,data/grasp_success/raw/episode_000027/rgb.png,data/grasp_success/raw/episode_000027/depth.npy,data/grasp_success/raw/episode_000027/object_states.json,data/grasp_success/raw/episode_000027/candidates.json,
episode_000027,26,抓起蓝色圆柱,"{""confidence"": 0.8500000000000001, ""intent"": ""pick"", ""language"": ""zh"", ""normalized_target_label_en"": ""blue cylinder"", ""normalized_target_label_zh"": ""蓝色圆柱"", ""raw_instruction"": ""抓起蓝色圆柱"", ""target_color"": ""blue"", ""target_position_hint"": null, ""target_type"": ""cylinder""}",蓝色圆柱,blue cylinder,blue_cylinder,cylinder,blue,0.5141031730819431,0.03201514252186036,0.07,0,0.48410317308194306,0.002015142521860358,0.07,0.0,0.025,0.15,0.4696699141100892,0.9005774447205758,0.44999999999999996,1.0,1.0,1.0,0.711016463177142,False,,data/grasp_success/raw/episode_000027/rgb.png,data/grasp_success/raw/episode_000027/depth.npy,data/grasp_success/raw/episode_000027/object_states.json,data/grasp_success/raw/episode_000027/candidates.json,
episode_000027,26,抓起蓝色圆柱,"{""confidence"": 0.8500000000000001, ""intent"": ""pick"", ""language"": ""zh"", ""normalized_target_label_en"": ""blue cylinder"", ""normalized_target_label_zh"": ""蓝色圆柱"", ""raw_instruction"": ""抓起蓝色圆柱"", ""target_color"": ""blue"", ""target_position_hint"": null, ""target_type"": ""cylinder""}",蓝色圆柱,blue cylinder,blue_cylinder,cylinder,blue,0.5141031730819431,0.03201514252186036,0.07,6,0.5441031730819431,0.002015142521860358,0.07,0.0,0.025,0.15,0.4696699141100892,0.8751228992660303,0.44999999999999996,1.0,1.0,1.0,0.7059255540862328,False,,data/grasp_success/raw/episode_000027/rgb.png,data/grasp_success/raw/episode_000027/depth.npy,data/grasp_success/raw/episode_000027/object_states.json,data/grasp_success/raw/episode_000027/candidates.json,
episode_000028,27,抓起中间的物体,"{""confidence"": 0.6, ""intent"": ""pick"", ""language"": ""zh"", ""normalized_target_label_en"": ""center"", ""normalized_target_label_zh"": ""中间的物体"", ""raw_instruction"": ""抓起中间的物体"", ""target_color"": null, ""target_position_hint"": ""center"", ""target_type"": null}",中间的物体,center,blue_cylinder,cylinder,blue,0.5291409400531614,0.023928062181763205,0.07,4,0.5291409400531614,0.023928062181763205,0.07,0.0,0.025,0.15,1.0,0.8741662067249398,0.95,1.0,1.0,1.0,0.964833241344988,True,True,data/grasp_success/raw/episode_000028/rgb.png,data/grasp_success/raw/episode_000028/depth.npy,data/grasp_success/raw/episode_000028/object_states.json,data/grasp_success/raw/episode_000028/candidates.json,
episode_000028,27,抓起中间的物体,"{""confidence"": 0.6, ""intent"": ""pick"", ""language"": ""zh"", ""normalized_target_label_en"": ""center"", ""normalized_target_label_zh"": ""中间的物体"", ""raw_instruction"": ""抓起中间的物体"", ""target_color"": null, ""target_position_hint"": ""center"", ""target_type"": null}",中间的物体,center,blue_cylinder,cylinder,blue,0.5291409400531614,0.023928062181763205,0.07,1,0.49914094005316134,0.023928062181763205,0.07,0.0,0.025,0.15,0.6249999999999997,0.8868934794522125,0.44999999999999996,1.0,1.0,1.0,0.7548786958904424,False,,data/grasp_success/raw/episode_000028/rgb.png,data/grasp_success/raw/episode_000028/depth.npy,data/grasp_success/raw/episode_000028/object_states.json,data/grasp_success/raw/episode_000028/candidates.json,
episode_000028,27,抓起中间的物体,"{""confidence"": 0.6, ""intent"": ""pick"", ""language"": ""zh"", ""normalized_target_label_en"": ""center"", ""normalized_target_label_zh"": ""中间的物体"", ""raw_instruction"": ""抓起中间的物体"", ""target_color"": null, ""target_position_hint"": ""center"", ""target_type"": null}",中间的物体,center,blue_cylinder,cylinder,blue,0.5291409400531614,0.023928062181763205,0.07,3,0.5291409400531614,-0.006071937818236794,0.07,0.0,0.025,0.15,0.625,0.8801182481794486,0.44999999999999996,1.0,1.0,1.0,0.7535236496358898,False,,data/grasp_success/raw/episode_000028/rgb.png,data/grasp_success/raw/episode_000028/depth.npy,data/grasp_success/raw/episode_000028/object_states.json,data/grasp_success/raw/episode_000028/candidates.json,
episode_000028,27,抓起中间的物体,"{""confidence"": 0.6, ""intent"": ""pick"", ""language"": ""zh"", ""normalized_target_label_en"": ""center"", ""normalized_target_label_zh"": ""中间的物体"", ""raw_instruction"": ""抓起中间的物体"", ""target_color"": null, ""target_position_hint"": ""center"", ""target_type"": null}",中间的物体,center,blue_cylinder,cylinder,blue,0.5291409400531614,0.023928062181763205,0.07,5,0.5291409400531614,0.0539280621817632,0.07,0.0,0.025,0.15,0.625,0.8641662067249397,0.44999999999999996,1.0,1.0,1.0,0.750333241344988,False,,data/grasp_success/raw/episode_000028/rgb.png,data/grasp_success/raw/episode_000028/depth.npy,data/grasp_success/raw/episode_000028/object_states.json,data/grasp_success/raw/episode_000028/candidates.json,
episode_000028,27,抓起中间的物体,"{""confidence"": 0.6, ""intent"": ""pick"", ""language"": ""zh"", ""normalized_target_label_en"": ""center"", ""normalized_target_label_zh"": ""中间的物体"", ""raw_instruction"": ""抓起中间的物体"", ""target_color"": null, ""target_position_hint"": ""center"", ""target_type"": null}",中间的物体,center,blue_cylinder,cylinder,blue,0.5291409400531614,0.023928062181763205,0.07,7,0.5591409400531614,0.023928062181763205,0.07,0.0,0.025,0.15,0.6249999999999997,0.861438933997667,0.44999999999999996,1.0,1.0,1.0,0.7497877867995333,False,,data/grasp_success/raw/episode_000028/rgb.png,data/grasp_success/raw/episode_000028/depth.npy,data/grasp_success/raw/episode_000028/object_states.json,data/grasp_success/raw/episode_000028/candidates.json,
episode_000028,27,抓起中间的物体,"{""confidence"": 0.6, ""intent"": ""pick"", ""language"": ""zh"", ""normalized_target_label_en"": ""center"", ""normalized_target_label_zh"": ""中间的物体"", ""raw_instruction"": ""抓起中间的物体"", ""target_color"": null, ""target_position_hint"": ""center"", ""target_type"": null}",中间的物体,center,blue_cylinder,cylinder,blue,0.5291409400531614,0.023928062181763205,0.07,10,0.49914094005316134,0.023928062181763205,0.07,0.7853981633974483,0.025,0.15,0.6249999999999997,0.8868934794522125,0.4,1.0,1.0,1.0,0.7448786958904424,False,,data/grasp_success/raw/episode_000028/rgb.png,data/grasp_success/raw/episode_000028/depth.npy,data/grasp_success/raw/episode_000028/object_states.json,data/grasp_success/raw/episode_000028/candidates.json,
episode_000028,27,抓起中间的物体,"{""confidence"": 0.6, ""intent"": ""pick"", ""language"": ""zh"", ""normalized_target_label_en"": ""center"", ""normalized_target_label_zh"": ""中间的物体"", ""raw_instruction"": ""抓起中间的物体"", ""target_color"": null, ""target_position_hint"": ""center"", ""target_type"": null}",中间的物体,center,blue_cylinder,cylinder,blue,0.5291409400531614,0.023928062181763205,0.07,6,0.5591409400531614,-0.006071937818236794,0.07,0.0,0.025,0.15,0.4696699141100892,0.8673909754521758,0.44999999999999996,1.0,1.0,1.0,0.7043791693234619,False,,data/grasp_success/raw/episode_000028/rgb.png,data/grasp_success/raw/episode_000028/depth.npy,data/grasp_success/raw/episode_000028/object_states.json,data/grasp_success/raw/episode_000028/candidates.json,
episode_000028,27,抓起中间的物体,"{""confidence"": 0.6, ""intent"": ""pick"", ""language"": ""zh"", ""normalized_target_label_en"": ""center"", ""normalized_target_label_zh"": ""中间的物体"", ""raw_instruction"": ""抓起中间的物体"", ""target_color"": null, ""target_position_hint"": ""center"", ""target_type"": null}",中间的物体,center,blue_cylinder,cylinder,blue,0.5291409400531614,0.023928062181763205,0.07,0,0.49914094005316134,-0.006071937818236794,0.07,0.0,0.025,0.15,0.4696699141100892,0.8928455209067213,0.4239241304344271,1.0,1.0,1.0,0.7042549045012565,False,,data/grasp_success/raw/episode_000028/rgb.png,data/grasp_success/raw/episode_000028/depth.npy,data/grasp_success/raw/episode_000028/object_states.json,data/grasp_success/raw/episode_000028/candidates.json,
episode_000029,28,抓起红色方块,"{""confidence"": 0.8500000000000001, ""intent"": ""pick"", ""language"": ""zh"", ""normalized_target_label_en"": ""red cube"", ""normalized_target_label_zh"": ""红色方块"", ""raw_instruction"": ""抓起红色方块"", ""target_color"": ""red"", ""target_position_hint"": null, ""target_type"": ""cube""}",红色方块,red cube,red_cube,cube,red,0.4422591434035233,-0.12738295666193133,0.045,4,0.4422591434035233,-0.12738295666193133,0.045,0.0,0.035,0.15,1.0,0.8409822874050934,0.95,1.0,1.0,1.0,0.9581964574810187,True,False,data/grasp_success/raw/episode_000029/rgb.png,data/grasp_success/raw/episode_000029/depth.npy,data/grasp_success/raw/episode_000029/object_states.json,data/grasp_success/raw/episode_000029/candidates.json,
episode_000029,28,抓起红色方块,"{""confidence"": 0.8500000000000001, ""intent"": ""pick"", ""language"": ""zh"", ""normalized_target_label_en"": ""red cube"", ""normalized_target_label_zh"": ""红色方块"", ""raw_instruction"": ""抓起红色方块"", ""target_color"": ""red"", ""target_position_hint"": null, ""target_type"": ""cube""}",红色方块,red cube,red_cube,cube,red,0.4422591434035233,-0.12738295666193133,0.045,7,0.47225914340352326,-0.12738295666193133,0.045,0.0,0.035,0.15,0.6250000000000004,0.8537095601323661,0.44999999999999996,1.0,1.0,1.0,0.7482419120264734,False,,data/grasp_success/raw/episode_000029/rgb.png,data/grasp_success/raw/episode_000029/depth.npy,data/grasp_success/raw/episode_000029/object_states.json,data/grasp_success/raw/episode_000029/candidates.json,
episode_000029,28,抓起红色方块,"{""confidence"": 0.8500000000000001, ""intent"": ""pick"", ""language"": ""zh"", ""normalized_target_label_en"": ""red cube"", ""normalized_target_label_zh"": ""红色方块"", ""raw_instruction"": ""抓起红色方块"", ""target_color"": ""red"", ""target_position_hint"": null, ""target_type"": ""cube""}",红色方块,red cube,red_cube,cube,red,0.4422591434035233,-0.12738295666193133,0.045,5,0.4422591434035233,-0.09738295666193134,0.045,0.0,0.035,0.15,0.625,0.8509822874050934,0.44999999999999996,1.0,1.0,1.0,0.7476964574810188,False,,data/grasp_success/raw/episode_000029/rgb.png,data/grasp_success/raw/episode_000029/depth.npy,data/grasp_success/raw/episode_000029/object_states.json,data/grasp_success/raw/episode_000029/candidates.json,
episode_000029,28,抓起红色方块,"{""confidence"": 0.8500000000000001, ""intent"": ""pick"", ""language"": ""zh"", ""normalized_target_label_en"": ""red cube"", ""normalized_target_label_zh"": ""红色方块"", ""raw_instruction"": ""抓起红色方块"", ""target_color"": ""red"", ""target_position_hint"": null, ""target_type"": ""cube""}",红色方块,red cube,red_cube,cube,red,0.4422591434035233,-0.12738295666193133,0.045,3,0.4422591434035233,-0.15738295666193133,0.045,0.0,0.035,0.15,0.625,0.8309822874050934,0.44999999999999996,1.0,1.0,1.0,0.7436964574810188,False,,data/grasp_success/raw/episode_000029/rgb.png,data/grasp_success/raw/episode_000029/depth.npy,data/grasp_success/raw/episode_000029/object_states.json,data/grasp_success/raw/episode_000029/candidates.json,
episode_000029,28,抓起红色方块,"{""confidence"": 0.8500000000000001, ""intent"": ""pick"", ""language"": ""zh"", ""normalized_target_label_en"": ""red cube"", ""normalized_target_label_zh"": ""红色方块"", ""raw_instruction"": ""抓起红色方块"", ""target_color"": ""red"", ""target_position_hint"": null, ""target_type"": ""cube""}",红色方块,red cube,red_cube,cube,red,0.4422591434035233,-0.12738295666193133,0.045,1,0.4122591434035233,-0.12738295666193133,0.045,0.0,0.035,0.15,0.6250000000000004,0.8282550146778207,0.44999999999999996,1.0,1.0,1.0,0.7431510029355644,False,,data/grasp_success/raw/episode_000029/rgb.png,data/grasp_success/raw/episode_000029/depth.npy,data/grasp_success/raw/episode_000029/object_states.json,data/grasp_success/raw/episode_000029/candidates.json,
episode_000029,28,抓起红色方块,"{""confidence"": 0.8500000000000001, ""intent"": ""pick"", ""language"": ""zh"", ""normalized_target_label_en"": ""red cube"", ""normalized_target_label_zh"": ""红色方块"", ""raw_instruction"": ""抓起红色方块"", ""target_color"": ""red"", ""target_position_hint"": null, ""target_type"": ""cube""}",红色方块,red cube,red_cube,cube,red,0.4422591434035233,-0.12738295666193133,0.045,6,0.47225914340352326,-0.15738295666193133,0.045,0.0,0.035,0.15,0.4696699141100896,0.8437095601323661,0.44999999999999996,1.0,1.0,1.0,0.6996428862595001,False,,data/grasp_success/raw/episode_000029/rgb.png,data/grasp_success/raw/episode_000029/depth.npy,data/grasp_success/raw/episode_000029/object_states.json,data/grasp_success/raw/episode_000029/candidates.json,
episode_000029,28,抓起红色方块,"{""confidence"": 0.8500000000000001, ""intent"": ""pick"", ""language"": ""zh"", ""normalized_target_label_en"": ""red cube"", ""normalized_target_label_zh"": ""红色方块"", ""raw_instruction"": ""抓起红色方块"", ""target_color"": ""red"", ""target_position_hint"": null, ""target_type"": ""cube""}",红色方块,red cube,red_cube,cube,red,0.4422591434035233,-0.12738295666193133,0.045,2,0.4122591434035233,-0.09738295666193134,0.045,0.0,0.035,0.15,0.4696699141100896,0.8382550146778207,0.44999999999999996,1.0,1.0,1.0,0.6985519771685911,False,,data/grasp_success/raw/episode_000029/rgb.png,data/grasp_success/raw/episode_000029/depth.npy,data/grasp_success/raw/episode_000029/object_states.json,data/grasp_success/raw/episode_000029/candidates.json,
episode_000029,28,抓起红色方块,"{""confidence"": 0.8500000000000001, ""intent"": ""pick"", ""language"": ""zh"", ""normalized_target_label_en"": ""red cube"", ""normalized_target_label_zh"": ""红色方块"", ""raw_instruction"": ""抓起红色方块"", ""target_color"": ""red"", ""target_position_hint"": null, ""target_type"": ""cube""}",红色方块,red cube,red_cube,cube,red,0.4422591434035233,-0.12738295666193133,0.045,8,0.47225914340352326,-0.09738295666193134,0.045,0.0,0.035,0.15,0.4696699141100896,0.8637095601323661,0.40838467109330034,1.0,1.0,1.0,0.6953198204781602,False,,data/grasp_success/raw/episode_000029/rgb.png,data/grasp_success/raw/episode_000029/depth.npy,data/grasp_success/raw/episode_000029/object_states.json,data/grasp_success/raw/episode_000029/candidates.json,
episode_000030,29,抓起最左边的物体,"{""confidence"": 0.6, ""intent"": ""pick"", ""language"": ""zh"", ""normalized_target_label_en"": ""left"", ""normalized_target_label_zh"": ""左边的物体"", ""raw_instruction"": ""抓起最左边的物体"", ""target_color"": null, ""target_position_hint"": ""left"", ""target_type"": null}",左边的物体,left,green_sphere,sphere,green,0.400206900526175,0.10687628558172517,0.05,4,0.400206900526175,0.10687628558172517,0.05,0.0,0.025,0.15,1.0,0.831533054524267,0.95,1.0,1.0,1.0,0.9563066109048535,True,True,data/grasp_success/raw/episode_000030/rgb.png,data/grasp_success/raw/episode_000030/depth.npy,data/grasp_success/raw/episode_000030/object_states.json,data/grasp_success/raw/episode_000030/candidates.json,
episode_000030,29,抓起最左边的物体,"{""confidence"": 0.6, ""intent"": ""pick"", ""language"": ""zh"", ""normalized_target_label_en"": ""left"", ""normalized_target_label_zh"": ""左边的物体"", ""raw_instruction"": ""抓起最左边的物体"", ""target_color"": null, ""target_position_hint"": ""left"", ""target_type"": null}",左边的物体,left,green_sphere,sphere,green,0.400206900526175,0.10687628558172517,0.05,3,0.400206900526175,0.07687628558172517,0.05,0.0,0.025,0.15,0.625,0.841533054524267,0.43474084896417997,1.0,1.0,1.0,0.7427547806976894,False,,data/grasp_success/raw/episode_000030/rgb.png,data/grasp_success/raw/episode_000030/depth.npy,data/grasp_success/raw/episode_000030/object_states.json,data/grasp_success/raw/episode_000030/candidates.json,
episode_000030,29,抓起最左边的物体,"{""confidence"": 0.6, ""intent"": ""pick"", ""language"": ""zh"", ""normalized_target_label_en"": ""left"", ""normalized_target_label_zh"": ""左边的物体"", ""raw_instruction"": ""抓起最左边的物体"", ""target_color"": null, ""target_position_hint"": ""left"", ""target_type"": null}",左边的物体,left,green_sphere,sphere,green,0.400206900526175,0.10687628558172517,0.05,5,0.400206900526175,0.13687628558172515,0.05,0.0,0.025,0.15,0.6250000000000002,0.821533054524267,0.44999999999999996,1.0,1.0,1.0,0.7418066109048534,False,,data/grasp_success/raw/episode_000030/rgb.png,data/grasp_success/raw/episode_000030/depth.npy,data/grasp_success/raw/episode_000030/object_states.json,data/grasp_success/raw/episode_000030/candidates.json,
episode_000030,29,抓起最左边的物体,"{""confidence"": 0.6, ""intent"": ""pick"", ""language"": ""zh"", ""normalized_target_label_en"": ""left"", ""normalized_target_label_zh"": ""左边的物体"", ""raw_instruction"": ""抓起最左边的物体"", ""target_color"": null, ""target_position_hint"": ""left"", ""target_type"": null}",左边的物体,left,green_sphere,sphere,green,0.400206900526175,0.10687628558172517,0.05,1,0.370206900526175,0.10687628558172517,0.05,0.0,0.025,0.15,0.6249999999999997,0.8188057817969941,0.44999999999999996,1.0,1.0,1.0,0.7412611563593987,False,,data/grasp_success/raw/episode_000030/rgb.png,data/grasp_success/raw/episode_000030/depth.npy,data/grasp_success/raw/episode_000030/object_states.json,data/grasp_success/raw/episode_000030/candidates.json,
episode_000030,29,抓起最左边的物体,"{""confidence"": 0.6, ""intent"": ""pick"", ""language"": ""zh"", ""normalized_target_label_en"": ""left"", ""normalized_target_label_zh"": ""左边的物体"", ""raw_instruction"": ""抓起最左边的物体"", ""target_color"": null, ""target_position_hint"": ""left"", ""target_type"": null}",左边的物体,left,green_sphere,sphere,green,0.400206900526175,0.10687628558172517,0.05,7,0.43020690052617505,0.10687628558172517,0.05,0.0,0.025,0.15,0.6249999999999997,0.8442603272515397,0.38790807651747694,1.0,1.0,1.0,0.7339336807538033,False,,data/grasp_success/raw/episode_000030/rgb.png,data/grasp_success/raw/episode_000030/depth.npy,data/grasp_success/raw/episode_000030/object_states.json,data/grasp_success/raw/episode_000030/candidates.json,
episode_000030,29,抓起最左边的物体,"{""confidence"": 0.6, ""intent"": ""pick"", ""language"": ""zh"", ""normalized_target_label_en"": ""left"", ""normalized_target_label_zh"": ""左边的物体"", ""raw_instruction"": ""抓起最左边的物体"", ""target_color"": null, ""target_position_hint"": ""left"", ""target_type"": null}",左边的物体,left,green_sphere,sphere,green,0.400206900526175,0.10687628558172517,0.05,10,0.370206900526175,0.10687628558172517,0.05,0.7853981633974483,0.025,0.15,0.6249999999999997,0.8188057817969941,0.4,1.0,1.0,1.0,0.7312611563593987,False,,data/grasp_success/raw/episode_000030/rgb.png,data/grasp_success/raw/episode_000030/depth.npy,data/grasp_success/raw/episode_000030/object_states.json,data/grasp_success/raw/episode_000030/candidates.json,
episode_000030,29,抓起最左边的物体,"{""confidence"": 0.6, ""intent"": ""pick"", ""language"": ""zh"", ""normalized_target_label_en"": ""left"", ""normalized_target_label_zh"": ""左边的物体"", ""raw_instruction"": ""抓起最左边的物体"", ""target_color"": null, ""target_position_hint"": ""left"", ""target_type"": null}",左边的物体,left,green_sphere,sphere,green,0.400206900526175,0.10687628558172517,0.05,8,0.43020690052617505,0.13687628558172515,0.05,0.0,0.025,0.15,0.4696699141100893,0.8342603272515396,0.44999999999999996,1.0,1.0,1.0,0.6977530396833348,False,,data/grasp_success/raw/episode_000030/rgb.png,data/grasp_success/raw/episode_000030/depth.npy,data/grasp_success/raw/episode_000030/object_states.json,data/grasp_success/raw/episode_000030/candidates.json,
episode_000030,29,抓起最左边的物体,"{""confidence"": 0.6, ""intent"": ""pick"", ""language"": ""zh"", ""normalized_target_label_en"": ""left"", ""normalized_target_label_zh"": ""左边的物体"", ""raw_instruction"": ""抓起最左边的物体"", ""target_color"": null, ""target_position_hint"": ""left"", ""target_type"": null}",左边的物体,left,green_sphere,sphere,green,0.400206900526175,0.10687628558172517,0.05,0,0.370206900526175,0.07687628558172517,0.05,0.0,0.025,0.15,0.4696699141100892,0.8288057817969942,0.44999999999999996,1.0,1.0,1.0,0.6966621305924257,False,,data/grasp_success/raw/episode_000030/rgb.png,data/grasp_success/raw/episode_000030/depth.npy,data/grasp_success/raw/episode_000030/object_states.json,data/grasp_success/raw/episode_000030/candidates.json,
episode_000031,30,抓起最左边的物体,"{""confidence"": 0.6, ""intent"": ""pick"", ""language"": ""zh"", ""normalized_target_label_en"": ""left"", ""normalized_target_label_zh"": ""左边的物体"", ""raw_instruction"": ""抓起最左边的物体"", ""target_color"": null, ""target_position_hint"": ""left"", ""target_type"": null}",左边的物体,left,green_sphere,sphere,green,0.39420017391099466,0.10514553949959218,0.05,4,0.39420017391099466,0.10514553949959218,0.05,0.0,0.025,0.15,1.0,0.8295616616239923,0.9360824323486534,1.0,1.0,1.0,0.9531288187945292,True,True,data/grasp_success/raw/episode_000031/rgb.png,data/grasp_success/raw/episode_000031/depth.npy,data/grasp_success/raw/episode_000031/object_states.json,data/grasp_success/raw/episode_000031/candidates.json,
episode_000031,30,抓起最左边的物体,"{""confidence"": 0.6, ""intent"": ""pick"", ""language"": ""zh"", ""normalized_target_label_en"": ""left"", ""normalized_target_label_zh"": ""左边的物体"", ""raw_instruction"": ""抓起最左边的物体"", ""target_color"": null, ""target_position_hint"": ""left"", ""target_type"": null}",左边的物体,left,green_sphere,sphere,green,0.39420017391099466,0.10514553949959218,0.05,5,0.39420017391099466,0.13514553949959218,0.05,0.0,0.025,0.15,0.625,0.8195616616239922,0.44999999999999996,1.0,1.0,1.0,0.7414123323247985,False,,data/grasp_success/raw/episode_000031/rgb.png,data/grasp_success/raw/episode_000031/depth.npy,data/grasp_success/raw/episode_000031/object_states.json,data/grasp_success/raw/episode_000031/candidates.json,
episode_000031,30,抓起最左边的物体,"{""confidence"": 0.6, ""intent"": ""pick"", ""language"": ""zh"", ""normalized_target_label_en"": ""left"", ""normalized_target_label_zh"": ""左边的物体"", ""raw_instruction"": ""抓起最左边的物体"", ""target_color"": null, ""target_position_hint"": ""left"", ""target_type"": null}",左边的物体,left,green_sphere,sphere,green,0.39420017391099466,0.10514553949959218,0.05,1,0.3642001739109947,0.10514553949959218,0.05,0.0,0.025,0.15,0.6250000000000004,0.8168343888967196,0.44999999999999996,1.0,1.0,1.0,0.7408668777793441,False,,data/grasp_success/raw/episode_000031/rgb.png,data/grasp_success/raw/episode_000031/depth.npy,data/grasp_success/raw/episode_000031/object_states.json,data/grasp_success/raw/episode_000031/candidates.json,
episode_000031,30,抓起最左边的物体,"{""confidence"": 0.6, ""intent"": ""pick"", ""language"": ""zh"", ""normalized_target_label_en"": ""left"", ""normalized_target_label_zh"": ""左边的物体"", ""raw_instruction"": ""抓起最左边的物体"", ""target_color"": null, ""target_position_hint"": ""left"", ""target_type"": null}",左边的物体,left,green_sphere,sphere,green,0.39420017391099466,0.10514553949959218,0.05,10,0.3642001739109947,0.10514553949959218,0.05,0.7853981633974483,0.025,0.15,0.6250000000000004,0.8168343888967196,0.4,1.0,1.0,1.0,0.7308668777793441,False,,data/grasp_success/raw/episode_000031/rgb.png,data/grasp_success/raw/episode_000031/depth.npy,data/grasp_success/raw/episode_000031/object_states.json,data/grasp_success/raw/episode_000031/candidates.json,
episode_000031,30,抓起最左边的物体,"{""confidence"": 0.6, ""intent"": ""pick"", ""language"": ""zh"", ""normalized_target_label_en"": ""left"", ""normalized_target_label_zh"": ""左边的物体"", ""raw_instruction"": ""抓起最左边的物体"", ""target_color"": null, ""target_position_hint"": ""left"", ""target_type"": null}",左边的物体,left,green_sphere,sphere,green,0.39420017391099466,0.10514553949959218,0.05,3,0.39420017391099466,0.07514553949959218,0.05,0.0,0.025,0.15,0.625,0.8395616616239923,0.37696865421334314,1.0,1.0,1.0,0.7308060631674671,False,,data/grasp_success/raw/episode_000031/rgb.png,data/grasp_success/raw/episode_000031/depth.npy,data/grasp_success/raw/episode_000031/object_states.json,data/grasp_success/raw/episode_000031/candidates.json,
episode_000031,30,抓起最左边的物体,"{""confidence"": 0.6, ""intent"": ""pick"", ""language"": ""zh"", ""normalized_target_label_en"": ""left"", ""normalized_target_label_zh"": ""左边的物体"", ""raw_instruction"": ""抓起最左边的物体"", ""target_color"": null, ""target_position_hint"": ""left"", ""target_type"": null}",左边的物体,left,green_sphere,sphere,green,0.39420017391099466,0.10514553949959218,0.05,7,0.4242001739109946,0.10514553949959218,0.05,0.0,0.025,0.15,0.6250000000000004,0.842288934351265,0.32631598619113267,1.0,1.0,1.0,0.7212209841084797,False,,data/grasp_success/raw/episode_000031/rgb.png,data/grasp_success/raw/episode_000031/depth.npy,data/grasp_success/raw/episode_000031/object_states.json,data/grasp_success/raw/episode_000031/candidates.json,
episode_000031,30,抓起最左边的物体,"{""confidence"": 0.6, ""intent"": ""pick"", ""language"": ""zh"", ""normalized_target_label_en"": ""left"", ""normalized_target_label_zh"": ""左边的物体"", ""raw_instruction"": ""抓起最左边的物体"", ""target_color"": null, ""target_position_hint"": ""left"", ""target_type"": null}",左边的物体,left,green_sphere,sphere,green,0.39420017391099466,0.10514553949959218,0.05,0,0.3642001739109947,0.07514553949959218,0.05,0.0,0.025,0.15,0.4696699141100896,0.8268343888967196,0.44999999999999996,1.0,1.0,1.0,0.6962678520123708,False,,data/grasp_success/raw/episode_000031/rgb.png,data/grasp_success/raw/episode_000031/depth.npy,data/grasp_success/raw/episode_000031/object_states.json,data/grasp_success/raw/episode_000031/candidates.json,
episode_000031,30,抓起最左边的物体,"{""confidence"": 0.6, ""intent"": ""pick"", ""language"": ""zh"", ""normalized_target_label_en"": ""left"", ""normalized_target_label_zh"": ""左边的物体"", ""raw_instruction"": ""抓起最左边的物体"", ""target_color"": null, ""target_position_hint"": ""left"", ""target_type"": null}",左边的物体,left,green_sphere,sphere,green,0.39420017391099466,0.10514553949959218,0.05,2,0.3642001739109947,0.13514553949959218,0.05,0.0,0.025,0.15,0.4696699141100896,0.8068343888967195,0.44999999999999996,1.0,1.0,1.0,0.6922678520123708,False,,data/grasp_success/raw/episode_000031/rgb.png,data/grasp_success/raw/episode_000031/depth.npy,data/grasp_success/raw/episode_000031/object_states.json,data/grasp_success/raw/episode_000031/candidates.json,
episode_000032,31,抓起红色方块,"{""confidence"": 0.8500000000000001, ""intent"": ""pick"", ""language"": ""zh"", ""normalized_target_label_en"": ""red cube"", ""normalized_target_label_zh"": ""红色方块"", ""raw_instruction"": ""抓起红色方块"", ""target_color"": ""red"", ""target_position_hint"": null, ""target_type"": ""cube""}",红色方块,red cube,red_cube,cube,red,0.4402455649479595,-0.12775202277839529,0.045,4,0.4402455649479595,-0.12775202277839529,0.045,0.0,0.035,0.15,1.0,0.8400050199608814,0.95,1.0,1.0,1.0,0.9580010039921762,True,False,data/grasp_success/raw/episode_000032/rgb.png,data/grasp_success/raw/episode_000032/depth.npy,data/grasp_success/raw/episode_000032/object_states.json,data/grasp_success/raw/episode_000032/candidates.json,
episode_000032,31,抓起红色方块,"{""confidence"": 0.8500000000000001, ""intent"": ""pick"", ""language"": ""zh"", ""normalized_target_label_en"": ""red cube"", ""normalized_target_label_zh"": ""红色方块"", ""raw_instruction"": ""抓起红色方块"", ""target_color"": ""red"", ""target_position_hint"": null, ""target_type"": ""cube""}",红色方块,red cube,red_cube,cube,red,0.4402455649479595,-0.12775202277839529,0.045,7,0.47024556494795955,-0.12775202277839529,0.045,0.0,0.035,0.15,0.6249999999999997,0.8527322926881541,0.44999999999999996,1.0,1.0,1.0,0.7480464585376307,False,,data/grasp_success/raw/episode_000032/rgb.png,data/grasp_success/raw/episode_000032/depth.npy,data/grasp_success/raw/episode_000032/object_states.json,data/grasp_success/raw/episode_000032/candidates.json,
episode_000032,31,抓起红色方块,"{""confidence"": 0.8500000000000001, ""intent"": ""pick"", ""language"": ""zh"", ""normalized_target_label_en"": ""red cube"", ""normalized_target_label_zh"": ""红色方块"", ""raw_instruction"": ""抓起红色方块"", ""target_color"": ""red"", ""target_position_hint"": null, ""target_type"": ""cube""}",红色方块,red cube,red_cube,cube,red,0.4402455649479595,-0.12775202277839529,0.045,5,0.4402455649479595,-0.09775202277839529,0.045,0.0,0.035,0.15,0.625,0.8500050199608814,0.44999999999999996,1.0,1.0,1.0,0.7475010039921763,False,,data/grasp_success/raw/episode_000032/rgb.png,data/grasp_success/raw/episode_000032/depth.npy,data/grasp_success/raw/episode_000032/object_states.json,data/grasp_success/raw/episode_000032/candidates.json,
episode_000032,31,抓起红色方块,"{""confidence"": 0.8500000000000001, ""intent"": ""pick"", ""language"": ""zh"", ""normalized_target_label_en"": ""red cube"", ""normalized_target_label_zh"": ""红色方块"", ""raw_instruction"": ""抓起红色方块"", ""target_color"": ""red"", ""target_position_hint"": null, ""target_type"": ""cube""}",红色方块,red cube,red_cube,cube,red,0.4402455649479595,-0.12775202277839529,0.045,3,0.4402455649479595,-0.15775202277839528,0.045,0.0,0.035,0.15,0.625,0.8300050199608814,0.44999999999999996,1.0,1.0,1.0,0.7435010039921763,False,,data/grasp_success/raw/episode_000032/rgb.png,data/grasp_success/raw/episode_000032/depth.npy,data/grasp_success/raw/episode_000032/object_states.json,data/grasp_success/raw/episode_000032/candidates.json,
episode_000032,31,抓起红色方块,"{""confidence"": 0.8500000000000001, ""intent"": ""pick"", ""language"": ""zh"", ""normalized_target_label_en"": ""red cube"", ""normalized_target_label_zh"": ""红色方块"", ""raw_instruction"": ""抓起红色方块"", ""target_color"": ""red"", ""target_position_hint"": null, ""target_type"": ""cube""}",红色方块,red cube,red_cube,cube,red,0.4402455649479595,-0.12775202277839529,0.045,1,0.4102455649479595,-0.12775202277839529,0.045,0.0,0.035,0.15,0.6249999999999997,0.8272777472336086,0.44999999999999996,1.0,1.0,1.0,0.7429555494467216,False,,data/grasp_success/raw/episode_000032/rgb.png,data/grasp_success/raw/episode_000032/depth.npy,data/grasp_success/raw/episode_000032/object_states.json,data/grasp_success/raw/episode_000032/candidates.json,
episode_000032,31,抓起红色方块,"{""confidence"": 0.8500000000000001, ""intent"": ""pick"", ""language"": ""zh"", ""normalized_target_label_en"": ""red cube"", ""normalized_target_label_zh"": ""红色方块"", ""raw_instruction"": ""抓起红色方块"", ""target_color"": ""red"", ""target_position_hint"": null, ""target_type"": ""cube""}",红色方块,red cube,red_cube,cube,red,0.4402455649479595,-0.12775202277839529,0.045,8,0.47024556494795955,-0.09775202277839529,0.045,0.0,0.035,0.15,0.4696699141100892,0.8627322926881541,0.4490428259126128,1.0,1.0,1.0,0.7032559979531802,False,,data/grasp_success/raw/episode_000032/rgb.png,data/grasp_success/raw/episode_000032/depth.npy,data/grasp_success/raw/episode_000032/object_states.json,data/grasp_success/raw/episode_000032/candidates.json,
episode_000032,31,抓起红色方块,"{""confidence"": 0.8500000000000001, ""intent"": ""pick"", ""language"": ""zh"", ""normalized_target_label_en"": ""red cube"", ""normalized_target_label_zh"": ""红色方块"", ""raw_instruction"": ""抓起红色方块"", ""target_color"": ""red"", ""target_position_hint"": null, ""target_type"": ""cube""}",红色方块,red cube,red_cube,cube,red,0.4402455649479595,-0.12775202277839529,0.045,6,0.47024556494795955,-0.15775202277839528,0.045,0.0,0.035,0.15,0.4696699141100892,0.8427322926881541,0.44999999999999996,1.0,1.0,1.0,0.6994474327706576,False,,data/grasp_success/raw/episode_000032/rgb.png,data/grasp_success/raw/episode_000032/depth.npy,data/grasp_success/raw/episode_000032/object_states.json,data/grasp_success/raw/episode_000032/candidates.json,
episode_000032,31,抓起红色方块,"{""confidence"": 0.8500000000000001, ""intent"": ""pick"", ""language"": ""zh"", ""normalized_target_label_en"": ""red cube"", ""normalized_target_label_zh"": ""红色方块"", ""raw_instruction"": ""抓起红色方块"", ""target_color"": ""red"", ""target_position_hint"": null, ""target_type"": ""cube""}",红色方块,red cube,red_cube,cube,red,0.4402455649479595,-0.12775202277839529,0.045,2,0.4102455649479595,-0.09775202277839529,0.045,0.0,0.035,0.15,0.4696699141100892,0.8372777472336086,0.44999999999999996,1.0,1.0,1.0,0.6983565236797485,False,,data/grasp_success/raw/episode_000032/rgb.png,data/grasp_success/raw/episode_000032/depth.npy,data/grasp_success/raw/episode_000032/object_states.json,data/grasp_success/raw/episode_000032/candidates.json,
episode_000033,32,抓起红色方块,"{""confidence"": 0.8500000000000001, ""intent"": ""pick"", ""language"": ""zh"", ""normalized_target_label_en"": ""red cube"", ""normalized_target_label_zh"": ""红色方块"", ""raw_instruction"": ""抓起红色方块"", ""target_color"": ""red"", ""target_position_hint"": null, ""target_type"": ""cube""}",红色方块,red cube,red_cube,cube,red,0.4415484356770661,-0.12572766421070022,0.045,4,0.4415484356770661,-0.12572766421070022,0.045,0.0,0.035,0.15,1.0,0.8412325391867037,0.95,1.0,1.0,1.0,0.9582465078373408,True,False,data/grasp_success/raw/episode_000033/rgb.png,data/grasp_success/raw/episode_000033/depth.npy,data/grasp_success/raw/episode_000033/object_states.json,data/grasp_success/raw/episode_000033/candidates.json,
episode_000033,32,抓起红色方块,"{""confidence"": 0.8500000000000001, ""intent"": ""pick"", ""language"": ""zh"", ""normalized_target_label_en"": ""red cube"", ""normalized_target_label_zh"": ""红色方块"", ""raw_instruction"": ""抓起红色方块"", ""target_color"": ""red"", ""target_position_hint"": null, ""target_type"": ""cube""}",红色方块,red cube,red_cube,cube,red,0.4415484356770661,-0.12572766421070022,0.045,7,0.47154843567706606,-0.12572766421070022,0.045,0.0,0.035,0.15,0.6250000000000004,0.8539598119139764,0.44999999999999996,1.0,1.0,1.0,0.7482919623827955,False,,data/grasp_success/raw/episode_000033/rgb.png,data/grasp_success/raw/episode_000033/depth.npy,data/grasp_success/raw/episode_000033/object_states.json,data/grasp_success/raw/episode_000033/candidates.json,
episode_000033,32,抓起红色方块,"{""confidence"": 0.8500000000000001, ""intent"": ""pick"", ""language"": ""zh"", ""normalized_target_label_en"": ""red cube"", ""normalized_target_label_zh"": ""红色方块"", ""raw_instruction"": ""抓起红色方块"", ""target_color"": ""red"", ""target_position_hint"": null, ""target_type"": ""cube""}",红色方块,red cube,red_cube,cube,red,0.4415484356770661,-0.12572766421070022,0.045,5,0.4415484356770661,-0.09572766421070023,0.045,0.0,0.035,0.15,0.625,0.8512325391867037,0.44999999999999996,1.0,1.0,1.0,0.7477465078373408,False,,data/grasp_success/raw/episode_000033/rgb.png,data/grasp_success/raw/episode_000033/depth.npy,data/grasp_success/raw/episode_000033/object_states.json,data/grasp_success/raw/episode_000033/candidates.json,
episode_000033,32,抓起红色方块,"{""confidence"": 0.8500000000000001, ""intent"": ""pick"", ""language"": ""zh"", ""normalized_target_label_en"": ""red cube"", ""normalized_target_label_zh"": ""红色方块"", ""raw_instruction"": ""抓起红色方块"", ""target_color"": ""red"", ""target_position_hint"": null, ""target_type"": ""cube""}",红色方块,red cube,red_cube,cube,red,0.4415484356770661,-0.12572766421070022,0.045,3,0.4415484356770661,-0.15572766421070022,0.045,0.0,0.035,0.15,0.625,0.8312325391867037,0.44999999999999996,1.0,1.0,1.0,0.7437465078373408,False,,data/grasp_success/raw/episode_000033/rgb.png,data/grasp_success/raw/episode_000033/depth.npy,data/grasp_success/raw/episode_000033/object_states.json,data/grasp_success/raw/episode_000033/candidates.json,
episode_000033,32,抓起红色方块,"{""confidence"": 0.8500000000000001, ""intent"": ""pick"", ""language"": ""zh"", ""normalized_target_label_en"": ""red cube"", ""normalized_target_label_zh"": ""红色方块"", ""raw_instruction"": ""抓起红色方块"", ""target_color"": ""red"", ""target_position_hint"": null, ""target_type"": ""cube""}",红色方块,red cube,red_cube,cube,red,0.4415484356770661,-0.12572766421070022,0.045,1,0.4115484356770661,-0.12572766421070022,0.045,0.0,0.035,0.15,0.6250000000000004,0.828505266459431,0.44999999999999996,1.0,1.0,1.0,0.7432010532918863,False,,data/grasp_success/raw/episode_000033/rgb.png,data/grasp_success/raw/episode_000033/depth.npy,data/grasp_success/raw/episode_000033/object_states.json,data/grasp_success/raw/episode_000033/candidates.json,
episode_000033,32,抓起红色方块,"{""confidence"": 0.8500000000000001, ""intent"": ""pick"", ""language"": ""zh"", ""normalized_target_label_en"": ""red cube"", ""normalized_target_label_zh"": ""红色方块"", ""raw_instruction"": ""抓起红色方块"", ""target_color"": ""red"", ""target_position_hint"": null, ""target_type"": ""cube""}",红色方块,red cube,red_cube,cube,red,0.4415484356770661,-0.12572766421070022,0.045,8,0.47154843567706606,-0.09572766421070023,0.045,0.0,0.035,0.15,0.4696699141100896,0.8639598119139764,0.44999999999999996,1.0,1.0,1.0,0.7036929366158222,False,,data/grasp_success/raw/episode_000033/rgb.png,data/grasp_success/raw/episode_000033/depth.npy,data/grasp_success/raw/episode_000033/object_states.json,data/grasp_success/raw/episode_000033/candidates.json,
episode_000033,32,抓起红色方块,"{""confidence"": 0.8500000000000001, ""intent"": ""pick"", ""language"": ""zh"", ""normalized_target_label_en"": ""red cube"", ""normalized_target_label_zh"": ""红色方块"", ""raw_instruction"": ""抓起红色方块"", ""target_color"": ""red"", ""target_position_hint"": null, ""target_type"": ""cube""}",红色方块,red cube,red_cube,cube,red,0.4415484356770661,-0.12572766421070022,0.045,6,0.47154843567706606,-0.15572766421070022,0.045,0.0,0.035,0.15,0.4696699141100896,0.8439598119139764,0.44999999999999996,1.0,1.0,1.0,0.6996929366158222,False,,data/grasp_success/raw/episode_000033/rgb.png,data/grasp_success/raw/episode_000033/depth.npy,data/grasp_success/raw/episode_000033/object_states.json,data/grasp_success/raw/episode_000033/candidates.json,
episode_000033,32,抓起红色方块,"{""confidence"": 0.8500000000000001, ""intent"": ""pick"", ""language"": ""zh"", ""normalized_target_label_en"": ""red cube"", ""normalized_target_label_zh"": ""红色方块"", ""raw_instruction"": ""抓起红色方块"", ""target_color"": ""red"", ""target_position_hint"": null, ""target_type"": ""cube""}",红色方块,red cube,red_cube,cube,red,0.4415484356770661,-0.12572766421070022,0.045,2,0.4115484356770661,-0.09572766421070023,0.045,0.0,0.035,0.15,0.4696699141100896,0.838505266459431,0.44999999999999996,1.0,1.0,1.0,0.6986020275249132,False,,data/grasp_success/raw/episode_000033/rgb.png,data/grasp_success/raw/episode_000033/depth.npy,data/grasp_success/raw/episode_000033/object_states.json,data/grasp_success/raw/episode_000033/candidates.json,
episode_000034,33,抓起最左边的物体,"{""confidence"": 0.6, ""intent"": ""pick"", ""language"": ""zh"", ""normalized_target_label_en"": ""left"", ""normalized_target_label_zh"": ""左边的物体"", ""raw_instruction"": ""抓起最左边的物体"", ""target_color"": null, ""target_position_hint"": ""left"", ""target_type"": null}",左边的物体,left,green_sphere,sphere,green,0.40303719936017157,0.11781621911118563,0.05,4,0.40303719936017157,0.11781621911118563,0.05,0.0,0.025,0.15,1.0,0.8290871428531119,0.95,1.0,1.0,1.0,0.9558174285706225,True,True,data/grasp_success/raw/episode_000034/rgb.png,data/grasp_success/raw/episode_000034/depth.npy,data/grasp_success/raw/episode_000034/object_states.json,data/grasp_success/raw/episode_000034/candidates.json,
episode_000034,33,抓起最左边的物体,"{""confidence"": 0.6, ""intent"": ""pick"", ""language"": ""zh"", ""normalized_target_label_en"": ""left"", ""normalized_target_label_zh"": ""左边的物体"", ""raw_instruction"": ""抓起最左边的物体"", ""target_color"": null, ""target_position_hint"": ""left"", ""target_type"": null}",左边的物体,left,green_sphere,sphere,green,0.40303719936017157,0.11781621911118563,0.05,3,0.40303719936017157,0.08781621911118563,0.05,0.0,0.025,0.15,0.625,0.8390871428531119,0.4416062690185716,1.0,1.0,1.0,0.7436386823743367,False,,data/grasp_success/raw/episode_000034/rgb.png,data/grasp_success/raw/episode_000034/depth.npy,data/grasp_success/raw/episode_000034/object_states.json,data/grasp_success/raw/episode_000034/candidates.json,
episode_000034,33,抓起最左边的物体,"{""confidence"": 0.6, ""intent"": ""pick"", ""language"": ""zh"", ""normalized_target_label_en"": ""left"", ""normalized_target_label_zh"": ""左边的物体"", ""raw_instruction"": ""抓起最左边的物体"", ""target_color"": null, ""target_position_hint"": ""left"", ""target_type"": null}",左边的物体,left,green_sphere,sphere,green,0.40303719936017157,0.11781621911118563,0.05,5,0.40303719936017157,0.14781621911118564,0.05,0.0,0.025,0.15,0.6249999999999998,0.8190871428531119,0.44999999999999996,1.0,1.0,1.0,0.7413174285706223,False,,data/grasp_success/raw/episode_000034/rgb.png,data/grasp_success/raw/episode_000034/depth.npy,data/grasp_success/raw/episode_000034/object_states.json,data/grasp_success/raw/episode_000034/candidates.json,
episode_000034,33,抓起最左边的物体,"{""confidence"": 0.6, ""intent"": ""pick"", ""language"": ""zh"", ""normalized_target_label_en"": ""left"", ""normalized_target_label_zh"": ""左边的物体"", ""raw_instruction"": ""抓起最左边的物体"", ""target_color"": null, ""target_position_hint"": ""left"", ""target_type"": null}",左边的物体,left,green_sphere,sphere,green,0.40303719936017157,0.11781621911118563,0.05,1,0.37303719936017155,0.11781621911118563,0.05,0.0,0.025,0.15,0.6249999999999997,0.8163598701258392,0.44999999999999996,1.0,1.0,1.0,0.7407719740251678,False,,data/grasp_success/raw/episode_000034/rgb.png,data/grasp_success/raw/episode_000034/depth.npy,data/grasp_success/raw/episode_000034/object_states.json,data/grasp_success/raw/episode_000034/candidates.json,
episode_000034,33,抓起最左边的物体,"{""confidence"": 0.6, ""intent"": ""pick"", ""language"": ""zh"", ""normalized_target_label_en"": ""left"", ""normalized_target_label_zh"": ""左边的物体"", ""raw_instruction"": ""抓起最左边的物体"", ""target_color"": null, ""target_position_hint"": ""left"", ""target_type"": null}",左边的物体,left,green_sphere,sphere,green,0.40303719936017157,0.11781621911118563,0.05,7,0.4330371993601716,0.11781621911118563,0.05,0.0,0.025,0.15,0.6249999999999997,0.8418144155803846,0.4104996998878815,1.0,1.0,1.0,0.7379628230936531,False,,data/grasp_success/raw/episode_000034/rgb.png,data/grasp_success/raw/episode_000034/depth.npy,data/grasp_success/raw/episode_000034/object_states.json,data/grasp_success/raw/episode_000034/candidates.json,
episode_000034,33,抓起最左边的物体,"{""confidence"": 0.6, ""intent"": ""pick"", ""language"": ""zh"", ""normalized_target_label_en"": ""left"", ""normalized_target_label_zh"": ""左边的物体"", ""raw_instruction"": ""抓起最左边的物体"", ""target_color"": null, ""target_position_hint"": ""left"", ""target_type"": null}",左边的物体,left,green_sphere,sphere,green,0.40303719936017157,0.11781621911118563,0.05,10,0.37303719936017155,0.11781621911118563,0.05,0.7853981633974483,0.025,0.15,0.6249999999999997,0.8163598701258392,0.4,1.0,1.0,1.0,0.7307719740251678,False,,data/grasp_success/raw/episode_000034/rgb.png,data/grasp_success/raw/episode_000034/depth.npy,data/grasp_success/raw/episode_000034/object_states.json,data/grasp_success/raw/episode_000034/candidates.json,
episode_000034,33,抓起最左边的物体,"{""confidence"": 0.6, ""intent"": ""pick"", ""language"": ""zh"", ""normalized_target_label_en"": ""left"", ""normalized_target_label_zh"": ""左边的物体"", ""raw_instruction"": ""抓起最左边的物体"", ""target_color"": null, ""target_position_hint"": ""left"", ""target_type"": null}",左边的物体,left,green_sphere,sphere,green,0.40303719936017157,0.11781621911118563,0.05,8,0.4330371993601716,0.14781621911118564,0.05,0.0,0.025,0.15,0.46966991411008896,0.8318144155803846,0.44999999999999996,1.0,1.0,1.0,0.6972638573491037,False,,data/grasp_success/raw/episode_000034/rgb.png,data/grasp_success/raw/episode_000034/depth.npy,data/grasp_success/raw/episode_000034/object_states.json,data/grasp_success/raw/episode_000034/candidates.json,
episode_000034,33,抓起最左边的物体,"{""confidence"": 0.6, ""intent"": ""pick"", ""language"": ""zh"", ""normalized_target_label_en"": ""left"", ""normalized_target_label_zh"": ""左边的物体"", ""raw_instruction"": ""抓起最左边的物体"", ""target_color"": null, ""target_position_hint"": ""left"", ""target_type"": null}",左边的物体,left,green_sphere,sphere,green,0.40303719936017157,0.11781621911118563,0.05,0,0.37303719936017155,0.08781621911118563,0.05,0.0,0.025,0.15,0.4696699141100892,0.8263598701258392,0.44999999999999996,1.0,1.0,1.0,0.6961729482581946,False,,data/grasp_success/raw/episode_000034/rgb.png,data/grasp_success/raw/episode_000034/depth.npy,data/grasp_success/raw/episode_000034/object_states.json,data/grasp_success/raw/episode_000034/candidates.json,
episode_000035,34,抓起最左边的物体,"{""confidence"": 0.6, ""intent"": ""pick"", ""language"": ""zh"", ""normalized_target_label_en"": ""left"", ""normalized_target_label_zh"": ""左边的物体"", ""raw_instruction"": ""抓起最左边的物体"", ""target_color"": null, ""target_position_hint"": ""left"", ""target_type"": null}",左边的物体,left,green_sphere,sphere,green,0.4076437305493736,0.10729391603985015,0.05,4,0.4076437305493736,0.10729391603985015,0.05,0.0,0.025,0.15,1.0,0.8345488631692792,0.9406000684365986,1.0,1.0,1.0,0.9550297863211756,True,True,data/grasp_success/raw/episode_000035/rgb.png,data/grasp_success/raw/episode_000035/depth.npy,data/grasp_success/raw/episode_000035/object_states.json,data/grasp_success/raw/episode_000035/candidates.json,
episode_000035,34,抓起最左边的物体,"{""confidence"": 0.6, ""intent"": ""pick"", ""language"": ""zh"", ""normalized_target_label_en"": ""left"", ""normalized_target_label_zh"": ""左边的物体"", ""raw_instruction"": ""抓起最左边的物体"", ""target_color"": null, ""target_position_hint"": ""left"", ""target_type"": null}",左边的物体,left,green_sphere,sphere,green,0.4076437305493736,0.10729391603985015,0.05,5,0.4076437305493736,0.13729391603985014,0.05,0.0,0.025,0.15,0.6250000000000002,0.8245488631692792,0.44999999999999996,1.0,1.0,1.0,0.742409772633856,False,,data/grasp_success/raw/episode_000035/rgb.png,data/grasp_success/raw/episode_000035/depth.npy,data/grasp_success/raw/episode_000035/object_states.json,data/grasp_success/raw/episode_000035/candidates.json,
episode_000035,34,抓起最左边的物体,"{""confidence"": 0.6, ""intent"": ""pick"", ""language"": ""zh"", ""normalized_target_label_en"": ""left"", ""normalized_target_label_zh"": ""左边的物体"", ""raw_instruction"": ""抓起最左边的物体"", ""target_color"": null, ""target_position_hint"": ""left"", ""target_type"": null}",左边的物体,left,green_sphere,sphere,green,0.4076437305493736,0.10729391603985015,0.05,1,0.3776437305493736,0.10729391603985015,0.05,0.0,0.025,0.15,0.6250000000000004,0.8218215904420064,0.44999999999999996,1.0,1.0,1.0,0.7418643180884015,False,,data/grasp_success/raw/episode_000035/rgb.png,data/grasp_success/raw/episode_000035/depth.npy,data/grasp_success/raw/episode_000035/object_states.json,data/grasp_success/raw/episode_000035/candidates.json,
episode_000035,34,抓起最左边的物体,"{""confidence"": 0.6, ""intent"": ""pick"", ""language"": ""zh"", ""normalized_target_label_en"": ""left"", ""normalized_target_label_zh"": ""左边的物体"", ""raw_instruction"": ""抓起最左边的物体"", ""target_color"": null, ""target_position_hint"": ""left"", ""target_type"": null}",左边的物体,left,green_sphere,sphere,green,0.4076437305493736,0.10729391603985015,0.05,3,0.4076437305493736,0.07729391603985016,0.05,0.0,0.025,0.15,0.625,0.8445488631692791,0.38492866960159,1.0,1.0,1.0,0.7333955065541738,False,,data/grasp_success/raw/episode_000035/rgb.png,data/grasp_success/raw/episode_000035/depth.npy,data/grasp_success/raw/episode_000035/object_states.json,data/grasp_success/raw/episode_000035/candidates.json,
episode_000035,34,抓起最左边的物体,"{""confidence"": 0.6, ""intent"": ""pick"", ""language"": ""zh"", ""normalized_target_label_en"": ""left"", ""normalized_target_label_zh"": ""左边的物体"", ""raw_instruction"": ""抓起最左边的物体"", ""target_color"": null, ""target_position_hint"": ""left"", ""target_type"": null}",左边的物体,left,green_sphere,sphere,green,0.4076437305493736,0.10729391603985015,0.05,10,0.3776437305493736,0.10729391603985015,0.05,0.7853981633974483,0.025,0.15,0.6250000000000004,0.8218215904420064,0.4,1.0,1.0,1.0,0.7318643180884015,False,,data/grasp_success/raw/episode_000035/rgb.png,data/grasp_success/raw/episode_000035/depth.npy,data/grasp_success/raw/episode_000035/object_states.json,data/grasp_success/raw/episode_000035/candidates.json,
episode_000035,34,抓起最左边的物体,"{""confidence"": 0.6, ""intent"": ""pick"", ""language"": ""zh"", ""normalized_target_label_en"": ""left"", ""normalized_target_label_zh"": ""左边的物体"", ""raw_instruction"": ""抓起最左边的物体"", ""target_color"": null, ""target_position_hint"": ""left"", ""target_type"": null}",左边的物体,left,green_sphere,sphere,green,0.4076437305493736,0.10729391603985015,0.05,7,0.43764373054937356,0.10729391603985015,0.05,0.0,0.025,0.15,0.6250000000000004,0.8472761358965518,0.3284424753832276,1.0,1.0,1.0,0.7226437222559561,False,,data/grasp_success/raw/episode_000035/rgb.png,data/grasp_success/raw/episode_000035/depth.npy,data/grasp_success/raw/episode_000035/object_states.json,data/grasp_success/raw/episode_000035/candidates.json,
episode_000035,34,抓起最左边的物体,"{""confidence"": 0.6, ""intent"": ""pick"", ""language"": ""zh"", ""normalized_target_label_en"": ""left"", ""normalized_target_label_zh"": ""左边的物体"", ""raw_instruction"": ""抓起最左边的物体"", ""target_color"": null, ""target_position_hint"": ""left"", ""target_type"": null}",左边的物体,left,green_sphere,sphere,green,0.4076437305493736,0.10729391603985015,0.05,0,0.3776437305493736,0.07729391603985016,0.05,0.0,0.025,0.15,0.4696699141100896,0.8318215904420064,0.44999999999999996,1.0,1.0,1.0,0.6972652923214282,False,,data/grasp_success/raw/episode_000035/rgb.png,data/grasp_success/raw/episode_000035/depth.npy,data/grasp_success/raw/episode_000035/object_states.json,data/grasp_success/raw/episode_000035/candidates.json,
episode_000035,34,抓起最左边的物体,"{""confidence"": 0.6, ""intent"": ""pick"", ""language"": ""zh"", ""normalized_target_label_en"": ""left"", ""normalized_target_label_zh"": ""左边的物体"", ""raw_instruction"": ""抓起最左边的物体"", ""target_color"": null, ""target_position_hint"": ""left"", ""target_type"": null}",左边的物体,left,green_sphere,sphere,green,0.4076437305493736,0.10729391603985015,0.05,2,0.3776437305493736,0.13729391603985014,0.05,0.0,0.025,0.15,0.46966991411008974,0.8118215904420064,0.44999999999999996,1.0,1.0,1.0,0.6932652923214282,False,,data/grasp_success/raw/episode_000035/rgb.png,data/grasp_success/raw/episode_000035/depth.npy,data/grasp_success/raw/episode_000035/object_states.json,data/grasp_success/raw/episode_000035/candidates.json,
episode_000036,35,抓起最左边的物体,"{""confidence"": 0.6, ""intent"": ""pick"", ""language"": ""zh"", ""normalized_target_label_en"": ""left"", ""normalized_target_label_zh"": ""左边的物体"", ""raw_instruction"": ""抓起最左边的物体"", ""target_color"": null, ""target_position_hint"": ""left"", ""target_type"": null}",左边的物体,left,green_sphere,sphere,green,0.39571813589807237,0.11931144926729031,0.05,4,0.39571813589807237,0.11931144926729031,0.05,0.0,0.025,0.15,1.0,0.8254836755747319,0.95,1.0,1.0,1.0,0.9550967351149464,True,True,data/grasp_success/raw/episode_000036/rgb.png,data/grasp_success/raw/episode_000036/depth.npy,data/grasp_success/raw/episode_000036/object_states.json,data/grasp_success/raw/episode_000036/candidates.json,
episode_000036,35,抓起最左边的物体,"{""confidence"": 0.6, ""intent"": ""pick"", ""language"": ""zh"", ""normalized_target_label_en"": ""left"", ""normalized_target_label_zh"": ""左边的物体"", ""raw_instruction"": ""抓起最左边的物体"", ""target_color"": null, ""target_position_hint"": ""left"", ""target_type"": null}",左边的物体,left,green_sphere,sphere,green,0.39571813589807237,0.11931144926729031,0.05,3,0.39571813589807237,0.08931144926729032,0.05,0.0,0.025,0.15,0.625,0.8354836755747319,0.4468577953643692,1.0,1.0,1.0,0.7439682941878203,False,,data/grasp_success/raw/episode_000036/rgb.png,data/grasp_success/raw/episode_000036/depth.npy,data/grasp_success/raw/episode_000036/object_states.json,data/grasp_success/raw/episode_000036/candidates.json,
episode_000036,35,抓起最左边的物体,"{""confidence"": 0.6, ""intent"": ""pick"", ""language"": ""zh"", ""normalized_target_label_en"": ""left"", ""normalized_target_label_zh"": ""左边的物体"", ""raw_instruction"": ""抓起最左边的物体"", ""target_color"": null, ""target_position_hint"": ""left"", ""target_type"": null}",左边的物体,left,green_sphere,sphere,green,0.39571813589807237,0.11931144926729031,0.05,5,0.39571813589807237,0.1493114492672903,0.05,0.0,0.025,0.15,0.625,0.8154836755747319,0.44999999999999996,1.0,1.0,1.0,0.7405967351149464,False,,data/grasp_success/raw/episode_000036/rgb.png,data/grasp_success/raw/episode_000036/depth.npy,data/grasp_success/raw/episode_000036/object_states.json,data/grasp_success/raw/episode_000036/candidates.json,
episode_000036,35,抓起最左边的物体,"{""confidence"": 0.6, ""intent"": ""pick"", ""language"": ""zh"", ""normalized_target_label_en"": ""left"", ""normalized_target_label_zh"": ""左边的物体"", ""raw_instruction"": ""抓起最左边的物体"", ""target_color"": null, ""target_position_hint"": ""left"", ""target_type"": null}",左边的物体,left,green_sphere,sphere,green,0.39571813589807237,0.11931144926729031,0.05,1,0.36571813589807234,0.11931144926729031,0.05,0.0,0.025,0.15,0.6249999999999997,0.8127564028474592,0.44999999999999996,1.0,1.0,1.0,0.7400512805694918,False,,data/grasp_success/raw/episode_000036/rgb.png,data/grasp_success/raw/episode_000036/depth.npy,data/grasp_success/raw/episode_000036/object_states.json,data/grasp_success/raw/episode_000036/candidates.json,
episode_000036,35,抓起最左边的物体,"{""confidence"": 0.6, ""intent"": ""pick"", ""language"": ""zh"", ""normalized_target_label_en"": ""left"", ""normalized_target_label_zh"": ""左边的物体"", ""raw_instruction"": ""抓起最左边的物体"", ""target_color"": null, ""target_position_hint"": ""left"", ""target_type"": null}",左边的物体,left,green_sphere,sphere,green,0.39571813589807237,0.11931144926729031,0.05,7,0.4257181358980724,0.11931144926729031,0.05,0.0,0.025,0.15,0.6249999999999997,0.8382109483020046,0.39929395953035307,1.0,1.0,1.0,0.7350009815664714,False,,data/grasp_success/raw/episode_000036/rgb.png,data/grasp_success/raw/episode_000036/depth.npy,data/grasp_success/raw/episode_000036/object_states.json,data/grasp_success/raw/episode_000036/candidates.json,
episode_000036,35,抓起最左边的物体,"{""confidence"": 0.6, ""intent"": ""pick"", ""language"": ""zh"", ""normalized_target_label_en"": ""left"", ""normalized_target_label_zh"": ""左边的物体"", ""raw_instruction"": ""抓起最左边的物体"", ""target_color"": null, ""target_position_hint"": ""left"", ""target_type"": null}",左边的物体,left,green_sphere,sphere,green,0.39571813589807237,0.11931144926729031,0.05,10,0.36571813589807234,0.11931144926729031,0.05,0.7853981633974483,0.025,0.15,0.6249999999999997,0.8127564028474592,0.4,1.0,1.0,1.0,0.7300512805694918,False,,data/grasp_success/raw/episode_000036/rgb.png,data/grasp_success/raw/episode_000036/depth.npy,data/grasp_success/raw/episode_000036/object_states.json,data/grasp_success/raw/episode_000036/candidates.json,
episode_000036,35,抓起最左边的物体,"{""confidence"": 0.6, ""intent"": ""pick"", ""language"": ""zh"", ""normalized_target_label_en"": ""left"", ""normalized_target_label_zh"": ""左边的物体"", ""raw_instruction"": ""抓起最左边的物体"", ""target_color"": null, ""target_position_hint"": ""left"", ""target_type"": null}",左边的物体,left,green_sphere,sphere,green,0.39571813589807237,0.11931144926729031,0.05,8,0.4257181358980724,0.1493114492672903,0.05,0.0,0.025,0.15,0.4696699141100892,0.8282109483020046,0.44999999999999996,1.0,1.0,1.0,0.6965431638934277,False,,data/grasp_success/raw/episode_000036/rgb.png,data/grasp_success/raw/episode_000036/depth.npy,data/grasp_success/raw/episode_000036/object_states.json,data/grasp_success/raw/episode_000036/candidates.json,
episode_000036,35,抓起最左边的物体,"{""confidence"": 0.6, ""intent"": ""pick"", ""language"": ""zh"", ""normalized_target_label_en"": ""left"", ""normalized_target_label_zh"": ""左边的物体"", ""raw_instruction"": ""抓起最左边的物体"", ""target_color"": null, ""target_position_hint"": ""left"", ""target_type"": null}",左边的物体,left,green_sphere,sphere,green,0.39571813589807237,0.11931144926729031,0.05,0,0.36571813589807234,0.08931144926729032,0.05,0.0,0.025,0.15,0.4696699141100892,0.8227564028474592,0.44999999999999996,1.0,1.0,1.0,0.6954522548025186,False,,data/grasp_success/raw/episode_000036/rgb.png,data/grasp_success/raw/episode_000036/depth.npy,data/grasp_success/raw/episode_000036/object_states.json,data/grasp_success/raw/episode_000036/candidates.json,
episode_000037,36,抓起绿色球,"{""confidence"": 0.8500000000000001, ""intent"": ""pick"", ""language"": ""zh"", ""normalized_target_label_en"": ""green sphere"", ""normalized_target_label_zh"": ""绿色球"", ""raw_instruction"": ""抓起绿色球"", ""target_color"": ""green"", ""target_position_hint"": null, ""target_type"": ""sphere""}",绿色球,green sphere,green_sphere,sphere,green,0.40579811264343246,0.11750133247354543,0.05,4,0.40579811264343246,0.11750133247354543,0.05,0.0,0.025,0.15,1.0,0.8303634016100724,0.95,1.0,1.0,1.0,0.9560726803220145,True,True,data/grasp_success/raw/episode_000037/rgb.png,data/grasp_success/raw/episode_000037/depth.npy,data/grasp_success/raw/episode_000037/object_states.json,data/grasp_success/raw/episode_000037/candidates.json,
episode_000037,36,抓起绿色球,"{""confidence"": 0.8500000000000001, ""intent"": ""pick"", ""language"": ""zh"", ""normalized_target_label_en"": ""green sphere"", ""normalized_target_label_zh"": ""绿色球"", ""raw_instruction"": ""抓起绿色球"", ""target_color"": ""green"", ""target_position_hint"": null, ""target_type"": ""sphere""}",绿色球,green sphere,green_sphere,sphere,green,0.40579811264343246,0.11750133247354543,0.05,5,0.40579811264343246,0.1475013324735454,0.05,0.0,0.025,0.15,0.6250000000000002,0.8203634016100724,0.44999999999999996,1.0,1.0,1.0,0.7415726803220146,False,,data/grasp_success/raw/episode_000037/rgb.png,data/grasp_success/raw/episode_000037/depth.npy,data/grasp_success/raw/episode_000037/object_states.json,data/grasp_success/raw/episode_000037/candidates.json,
episode_000037,36,抓起绿色球,"{""confidence"": 0.8500000000000001, ""intent"": ""pick"", ""language"": ""zh"", ""normalized_target_label_en"": ""green sphere"", ""normalized_target_label_zh"": ""绿色球"", ""raw_instruction"": ""抓起绿色球"", ""target_color"": ""green"", ""target_position_hint"": null, ""target_type"": ""sphere""}",绿色球,green sphere,green_sphere,sphere,green,0.40579811264343246,0.11750133247354543,0.05,1,0.37579811264343244,0.11750133247354543,0.05,0.0,0.025,0.15,0.6249999999999997,0.8176361288827997,0.44999999999999996,1.0,1.0,1.0,0.7410272257765599,False,,data/grasp_success/raw/episode_000037/rgb.png,data/grasp_success/raw/episode_000037/depth.npy,data/grasp_success/raw/episode_000037/object_states.json,data/grasp_success/raw/episode_000037/candidates.json,
episode_000037,36,抓起绿色球,"{""confidence"": 0.8500000000000001, ""intent"": ""pick"", ""language"": ""zh"", ""normalized_target_label_en"": ""green sphere"", ""normalized_target_label_zh"": ""绿色球"", ""raw_instruction"": ""抓起绿色球"", ""target_color"": ""green"", ""target_position_hint"": null, ""target_type"": ""sphere""}",绿色球,green sphere,green_sphere,sphere,green,0.40579811264343246,0.11750133247354543,0.05,3,0.40579811264343246,0.08750133247354543,0.05,0.0,0.025,0.15,0.625,0.8403634016100724,0.4176458228596147,1.0,1.0,1.0,0.7391018448939375,False,,data/grasp_success/raw/episode_000037/rgb.png,data/grasp_success/raw/episode_000037/depth.npy,data/grasp_success/raw/episode_000037/object_states.json,data/grasp_success/raw/episode_000037/candidates.json,
episode_000037,36,抓起绿色球,"{""confidence"": 0.8500000000000001, ""intent"": ""pick"", ""language"": ""zh"", ""normalized_target_label_en"": ""green sphere"", ""normalized_target_label_zh"": ""绿色球"", ""raw_instruction"": ""抓起绿色球"", ""target_color"": ""green"", ""target_position_hint"": null, ""target_type"": ""sphere""}",绿色球,green sphere,green_sphere,sphere,green,0.40579811264343246,0.11750133247354543,0.05,10,0.37579811264343244,0.11750133247354543,0.05,0.7853981633974483,0.025,0.15,0.6249999999999997,0.8176361288827997,0.4,1.0,1.0,1.0,0.7310272257765599,False,,data/grasp_success/raw/episode_000037/rgb.png,data/grasp_success/raw/episode_000037/depth.npy,data/grasp_success/raw/episode_000037/object_states.json,data/grasp_success/raw/episode_000037/candidates.json,
episode_000037,36,抓起绿色球,"{""confidence"": 0.8500000000000001, ""intent"": ""pick"", ""language"": ""zh"", ""normalized_target_label_en"": ""green sphere"", ""normalized_target_label_zh"": ""绿色球"", ""raw_instruction"": ""抓起绿色球"", ""target_color"": ""green"", ""target_position_hint"": null, ""target_type"": ""sphere""}",绿色球,green sphere,green_sphere,sphere,green,0.40579811264343246,0.11750133247354543,0.05,7,0.4357981126434325,0.11750133247354543,0.05,0.0,0.025,0.15,0.6249999999999997,0.8430906743373451,0.37083060589762085,1.0,1.0,1.0,0.7302842560469931,False,,data/grasp_success/raw/episode_000037/rgb.png,data/grasp_success/raw/episode_000037/depth.npy,data/grasp_success/raw/episode_000037/object_states.json,data/grasp_success/raw/episode_000037/candidates.json,
episode_000037,36,抓起绿色球,"{""confidence"": 0.8500000000000001, ""intent"": ""pick"", ""language"": ""zh"", ""normalized_target_label_en"": ""green sphere"", ""normalized_target_label_zh"": ""绿色球"", ""raw_instruction"": ""抓起绿色球"", ""target_color"": ""green"", ""target_position_hint"": null, ""target_type"": ""sphere""}",绿色球,green sphere,green_sphere,sphere,green,0.40579811264343246,0.11750133247354543,0.05,8,0.4357981126434325,0.1475013324735454,0.05,0.0,0.025,0.15,0.4696699141100893,0.8330906743373452,0.44999999999999996,1.0,1.0,1.0,0.6975191091004959,False,,data/grasp_success/raw/episode_000037/rgb.png,data/grasp_success/raw/episode_000037/depth.npy,data/grasp_success/raw/episode_000037/object_states.json,data/grasp_success/raw/episode_000037/candidates.json,
episode_000037,36,抓起绿色球,"{""confidence"": 0.8500000000000001, ""intent"": ""pick"", ""language"": ""zh"", ""normalized_target_label_en"": ""green sphere"", ""normalized_target_label_zh"": ""绿色球"", ""raw_instruction"": ""抓起绿色球"", ""target_color"": ""green"", ""target_position_hint"": null, ""target_type"": ""sphere""}",绿色球,green sphere,green_sphere,sphere,green,0.40579811264343246,0.11750133247354543,0.05,0,0.37579811264343244,0.08750133247354543,0.05,0.0,0.025,0.15,0.4696699141100892,0.8276361288827996,0.44999999999999996,1.0,1.0,1.0,0.6964282000095867,False,,data/grasp_success/raw/episode_000037/rgb.png,data/grasp_success/raw/episode_000037/depth.npy,data/grasp_success/raw/episode_000037/object_states.json,data/grasp_success/raw/episode_000037/candidates.json,
episode_000038,37,抓起最左边的物体,"{""confidence"": 0.6, ""intent"": ""pick"", ""language"": ""zh"", ""normalized_target_label_en"": ""left"", ""normalized_target_label_zh"": ""左边的物体"", ""raw_instruction"": ""抓起最左边的物体"", ""target_color"": null, ""target_position_hint"": ""left"", ""target_type"": null}",左边的物体,left,green_sphere,sphere,green,0.40669100577152184,0.11030035451582698,0.05,4,0.40669100577152184,0.11030035451582698,0.05,0.0,0.025,0.15,1.0,0.8331425307412286,0.9366005942426882,1.0,1.0,1.0,0.9539486249967833,True,True,data/grasp_success/raw/episode_000038/rgb.png,data/grasp_success/raw/episode_000038/depth.npy,data/grasp_success/raw/episode_000038/object_states.json,data/grasp_success/raw/episode_000038/candidates.json,
episode_000038,37,抓起最左边的物体,"{""confidence"": 0.6, ""intent"": ""pick"", ""language"": ""zh"", ""normalized_target_label_en"": ""left"", ""normalized_target_label_zh"": ""左边的物体"", ""raw_instruction"": ""抓起最左边的物体"", ""target_color"": null, ""target_position_hint"": ""left"", ""target_type"": null}",左边的物体,left,green_sphere,sphere,green,0.40669100577152184,0.11030035451582698,0.05,5,0.40669100577152184,0.14030035451582698,0.05,0.0,0.025,0.15,0.625,0.8231425307412286,0.44999999999999996,1.0,1.0,1.0,0.7421285061482458,False,,data/grasp_success/raw/episode_000038/rgb.png,data/grasp_success/raw/episode_000038/depth.npy,data/grasp_success/raw/episode_000038/object_states.json,data/grasp_success/raw/episode_000038/candidates.json,
episode_000038,37,抓起最左边的物体,"{""confidence"": 0.6, ""intent"": ""pick"", ""language"": ""zh"", ""normalized_target_label_en"": ""left"", ""normalized_target_label_zh"": ""左边的物体"", ""raw_instruction"": ""抓起最左边的物体"", ""target_color"": null, ""target_position_hint"": ""left"", ""target_type"": null}",左边的物体,left,green_sphere,sphere,green,0.40669100577152184,0.11030035451582698,0.05,1,0.3766910057715218,0.11030035451582698,0.05,0.0,0.025,0.15,0.6249999999999997,0.8204152580139559,0.44999999999999996,1.0,1.0,1.0,0.7415830516027911,False,,data/grasp_success/raw/episode_000038/rgb.png,data/grasp_success/raw/episode_000038/depth.npy,data/grasp_success/raw/episode_000038/object_states.json,data/grasp_success/raw/episode_000038/candidates.json,
episode_000038,37,抓起最左边的物体,"{""confidence"": 0.6, ""intent"": ""pick"", ""language"": ""zh"", ""normalized_target_label_en"": ""left"", ""normalized_target_label_zh"": ""左边的物体"", ""raw_instruction"": ""抓起最左边的物体"", ""target_color"": null, ""target_position_hint"": ""left"", ""target_type"": null}",左边的物体,left,green_sphere,sphere,green,0.40669100577152184,0.11030035451582698,0.05,10,0.3766910057715218,0.11030035451582698,0.05,0.7853981633974483,0.025,0.15,0.6249999999999997,0.8204152580139559,0.4,1.0,1.0,1.0,0.7315830516027911,False,,data/grasp_success/raw/episode_000038/rgb.png,data/grasp_success/raw/episode_000038/depth.npy,data/grasp_success/raw/episode_000038/object_states.json,data/grasp_success/raw/episode_000038/candidates.json,
episode_000038,37,抓起最左边的物体,"{""confidence"": 0.6, ""intent"": ""pick"", ""language"": ""zh"", ""normalized_target_label_en"": ""left"", ""normalized_target_label_zh"": ""左边的物体"", ""raw_instruction"": ""抓起最左边的物体"", ""target_color"": null, ""target_position_hint"": ""left"", ""target_type"": null}",左边的物体,left,green_sphere,sphere,green,0.40669100577152184,0.11030035451582698,0.05,3,0.40669100577152184,0.08030035451582698,0.05,0.0,0.025,0.15,0.625,0.8431425307412286,0.37602609270095844,1.0,1.0,1.0,0.7313337246884375,False,,data/grasp_success/raw/episode_000038/rgb.png,data/grasp_success/raw/episode_000038/depth.npy,data/grasp_success/raw/episode_000038/object_states.json,data/grasp_success/raw/episode_000038/candidates.json,
episode_000038,37,抓起最左边的物体,"{""confidence"": 0.6, ""intent"": ""pick"", ""language"": ""zh"", ""normalized_target_label_en"": ""left"", ""normalized_target_label_zh"": ""左边的物体"", ""raw_instruction"": ""抓起最左边的物体"", ""target_color"": null, ""target_position_hint"": ""left"", ""target_type"": null}",左边的物体,left,green_sphere,sphere,green,0.40669100577152184,0.11030035451582698,0.05,7,0.43669100577152187,0.11030035451582698,0.05,0.0,0.025,0.15,0.6249999999999997,0.8458698034685013,0.3278266707800045,1.0,1.0,1.0,0.7222392948497011,False,,data/grasp_success/raw/episode_000038/rgb.png,data/grasp_success/raw/episode_000038/depth.npy,data/grasp_success/raw/episode_000038/object_states.json,data/grasp_success/raw/episode_000038/candidates.json,
episode_000038,37,抓起最左边的物体,"{""confidence"": 0.6, ""intent"": ""pick"", ""language"": ""zh"", ""normalized_target_label_en"": ""left"", ""normalized_target_label_zh"": ""左边的物体"", ""raw_instruction"": ""抓起最左边的物体"", ""target_color"": null, ""target_position_hint"": ""left"", ""target_type"": null}",左边的物体,left,green_sphere,sphere,green,0.40669100577152184,0.11030035451582698,0.05,0,0.3766910057715218,0.08030035451582698,0.05,0.0,0.025,0.15,0.4696699141100892,0.8304152580139559,0.44999999999999996,1.0,1.0,1.0,0.696984025835818,False,,data/grasp_success/raw/episode_000038/rgb.png,data/grasp_success/raw/episode_000038/depth.npy,data/grasp_success/raw/episode_000038/object_states.json,data/grasp_success/raw/episode_000038/candidates.json,
episode_000038,37,抓起最左边的物体,"{""confidence"": 0.6, ""intent"": ""pick"", ""language"": ""zh"", ""normalized_target_label_en"": ""left"", ""normalized_target_label_zh"": ""左边的物体"", ""raw_instruction"": ""抓起最左边的物体"", ""target_color"": null, ""target_position_hint"": ""left"", ""target_type"": null}",左边的物体,left,green_sphere,sphere,green,0.40669100577152184,0.11030035451582698,0.05,2,0.3766910057715218,0.14030035451582698,0.05,0.0,0.025,0.15,0.4696699141100892,0.8104152580139559,0.44999999999999996,1.0,1.0,1.0,0.692984025835818,False,,data/grasp_success/raw/episode_000038/rgb.png,data/grasp_success/raw/episode_000038/depth.npy,data/grasp_success/raw/episode_000038/object_states.json,data/grasp_success/raw/episode_000038/candidates.json,
episode_000039,38,抓起中间的物体,"{""confidence"": 0.6, ""intent"": ""pick"", ""language"": ""zh"", ""normalized_target_label_en"": ""center"", ""normalized_target_label_zh"": ""中间的物体"", ""raw_instruction"": ""抓起中间的物体"", ""target_color"": null, ""target_position_hint"": ""center"", ""target_type"": null}",中间的物体,center,blue_cylinder,cylinder,blue,0.5244859764131258,0.021324629391193013,0.07,4,0.5244859764131258,0.021324629391193013,0.07,0.0,0.025,0.15,1.0,0.8770088507145388,0.95,1.0,1.0,1.0,0.9654017701429078,True,True,data/grasp_success/raw/episode_000039/rgb.png,data/grasp_success/raw/episode_000039/depth.npy,data/grasp_success/raw/episode_000039/object_states.json,data/grasp_success/raw/episode_000039/candidates.json,
episode_000039,38,抓起中间的物体,"{""confidence"": 0.6, ""intent"": ""pick"", ""language"": ""zh"", ""normalized_target_label_en"": ""center"", ""normalized_target_label_zh"": ""中间的物体"", ""raw_instruction"": ""抓起中间的物体"", ""target_color"": null, ""target_position_hint"": ""center"", ""target_type"": null}",中间的物体,center,blue_cylinder,cylinder,blue,0.5244859764131258,0.021324629391193013,0.07,3,0.5244859764131258,-0.008675370608806986,0.07,0.0,0.025,0.15,0.625,0.8812252703086676,0.44999999999999996,1.0,1.0,1.0,0.7537450540617335,False,,data/grasp_success/raw/episode_000039/rgb.png,data/grasp_success/raw/episode_000039/depth.npy,data/grasp_success/raw/episode_000039/object_states.json,data/grasp_success/raw/episode_000039/candidates.json,
episode_000039,38,抓起中间的物体,"{""confidence"": 0.6, ""intent"": ""pick"", ""language"": ""zh"", ""normalized_target_label_en"": ""center"", ""normalized_target_label_zh"": ""中间的物体"", ""raw_instruction"": ""抓起中间的物体"", ""target_color"": null, ""target_position_hint"": ""center"", ""target_type"": null}",中间的物体,center,blue_cylinder,cylinder,blue,0.5244859764131258,0.021324629391193013,0.07,1,0.49448597641312575,0.021324629391193013,0.07,0.0,0.025,0.15,0.6249999999999997,0.8897361234418116,0.4274353405867728,1.0,1.0,1.0,0.7509342928057168,False,,data/grasp_success/raw/episode_000039/rgb.png,data/grasp_success/raw/episode_000039/depth.npy,data/grasp_success/raw/episode_000039/object_states.json,data/grasp_success/raw/episode_000039/candidates.json,
episode_000039,38,抓起中间的物体,"{""confidence"": 0.6, ""intent"": ""pick"", ""language"": ""zh"", ""normalized_target_label_en"": ""center"", ""normalized_target_label_zh"": ""中间的物体"", ""raw_instruction"": ""抓起中间的物体"", ""target_color"": null, ""target_position_hint"": ""center"", ""target_type"": null}",中间的物体,center,blue_cylinder,cylinder,blue,0.5244859764131258,0.021324629391193013,0.07,5,0.5244859764131258,0.05132462939119301,0.07,0.0,0.025,0.15,0.625,0.8670088507145388,0.44999999999999996,1.0,1.0,1.0,0.7509017701429078,False,,data/grasp_success/raw/episode_000039/rgb.png,data/grasp_success/raw/episode_000039/depth.npy,data/grasp_success/raw/episode_000039/object_states.json,data/grasp_success/raw/episode_000039/candidates.json,
episode_000039,38,抓起中间的物体,"{""confidence"": 0.6, ""intent"": ""pick"", ""language"": ""zh"", ""normalized_target_label_en"": ""center"", ""normalized_target_label_zh"": ""中间的物体"", ""raw_instruction"": ""抓起中间的物体"", ""target_color"": null, ""target_position_hint"": ""center"", ""target_type"": null}",中间的物体,center,blue_cylinder,cylinder,blue,0.5244859764131258,0.021324629391193013,0.07,7,0.5544859764131258,0.021324629391193013,0.07,0.0,0.025,0.15,0.6249999999999997,0.8642815779872661,0.44999999999999996,1.0,1.0,1.0,0.7503563155974532,False,,data/grasp_success/raw/episode_000039/rgb.png,data/grasp_success/raw/episode_000039/depth.npy,data/grasp_success/raw/episode_000039/object_states.json,data/grasp_success/raw/episode_000039/candidates.json,
episode_000039,38,抓起中间的物体,"{""confidence"": 0.6, ""intent"": ""pick"", ""language"": ""zh"", ""normalized_target_label_en"": ""center"", ""normalized_target_label_zh"": ""中间的物体"", ""raw_instruction"": ""抓起中间的物体"", ""target_color"": null, ""target_position_hint"": ""center"", ""target_type"": null}",中间的物体,center,blue_cylinder,cylinder,blue,0.5244859764131258,0.021324629391193013,0.07,10,0.49448597641312575,0.021324629391193013,0.07,0.7853981633974483,0.025,0.15,0.6249999999999997,0.8897361234418116,0.37743534058677286,1.0,1.0,1.0,0.7409342928057168,False,,data/grasp_success/raw/episode_000039/rgb.png,data/grasp_success/raw/episode_000039/depth.npy,data/grasp_success/raw/episode_000039/object_states.json,data/grasp_success/raw/episode_000039/candidates.json,
episode_000039,38,抓起中间的物体,"{""confidence"": 0.6, ""intent"": ""pick"", ""language"": ""zh"", ""normalized_target_label_en"": ""center"", ""normalized_target_label_zh"": ""中间的物体"", ""raw_instruction"": ""抓起中间的物体"", ""target_color"": null, ""target_position_hint"": ""center"", ""target_type"": null}",中间的物体,center,blue_cylinder,cylinder,blue,0.5244859764131258,0.021324629391193013,0.07,0,0.49448597641312575,-0.008675370608806986,0.07,0.0,0.025,0.15,0.4696699141100892,0.8939525430359403,0.42843397627462654,1.0,1.0,1.0,0.7053782780951402,False,,data/grasp_success/raw/episode_000039/rgb.png,data/grasp_success/raw/episode_000039/depth.npy,data/grasp_success/raw/episode_000039/object_states.json,data/grasp_success/raw/episode_000039/candidates.json,
episode_000039,38,抓起中间的物体,"{""confidence"": 0.6, ""intent"": ""pick"", ""language"": ""zh"", ""normalized_target_label_en"": ""center"", ""normalized_target_label_zh"": ""中间的物体"", ""raw_instruction"": ""抓起中间的物体"", ""target_color"": null, ""target_position_hint"": ""center"", ""target_type"": null}",中间的物体,center,blue_cylinder,cylinder,blue,0.5244859764131258,0.021324629391193013,0.07,6,0.5544859764131258,-0.008675370608806986,0.07,0.0,0.025,0.15,0.4696699141100892,0.8684979975813948,0.44999999999999996,1.0,1.0,1.0,0.7046005737493057,False,,data/grasp_success/raw/episode_000039/rgb.png,data/grasp_success/raw/episode_000039/depth.npy,data/grasp_success/raw/episode_000039/object_states.json,data/grasp_success/raw/episode_000039/candidates.json,
episode_000040,39,抓起蓝色圆柱,"{""confidence"": 0.8500000000000001, ""intent"": ""pick"", ""language"": ""zh"", ""normalized_target_label_en"": ""blue cylinder"", ""normalized_target_label_zh"": ""蓝色圆柱"", ""raw_instruction"": ""抓起蓝色圆柱"", ""target_color"": ""blue"", ""target_position_hint"": null, ""target_type"": ""cylinder""}",蓝色圆柱,blue cylinder,blue_cylinder,cylinder,blue,0.5139012062878223,0.02791201334131167,0.07,4,0.5139012062878223,0.02791201334131167,0.07,0.0,0.025,0.15,1.0,0.8793035646025068,0.95,1.0,1.0,1.0,0.9658607129205015,True,True,data/grasp_success/raw/episode_000040/rgb.png,data/grasp_success/raw/episode_000040/depth.npy,data/grasp_success/raw/episode_000040/object_states.json,data/grasp_success/raw/episode_000040/candidates.json,
episode_000040,39,抓起蓝色圆柱,"{""confidence"": 0.8500000000000001, ""intent"": ""pick"", ""language"": ""zh"", ""normalized_target_label_en"": ""blue cylinder"", ""normalized_target_label_zh"": ""蓝色圆柱"", ""raw_instruction"": ""抓起蓝色圆柱"", ""target_color"": ""blue"", ""target_position_hint"": null, ""target_type"": ""cylinder""}",蓝色圆柱,blue cylinder,blue_cylinder,cylinder,blue,0.5139012062878223,0.02791201334131167,0.07,3,0.5139012062878223,-0.0020879866586883296,0.07,0.0,0.025,0.15,0.625,0.8879115734967147,0.44999999999999996,1.0,1.0,1.0,0.755082314699343,False,,data/grasp_success/raw/episode_000040/rgb.png,data/grasp_success/raw/episode_000040/depth.npy,data/grasp_success/raw/episode_000040/object_states.json,data/grasp_success/raw/episode_000040/candidates.json,
episode_000040,39,抓起蓝色圆柱,"{""confidence"": 0.8500000000000001, ""intent"": ""pick"", ""language"": ""zh"", ""normalized_target_label_en"": ""blue cylinder"", ""normalized_target_label_zh"": ""蓝色圆柱"", ""raw_instruction"": ""抓起蓝色圆柱"", ""target_color"": ""blue"", ""target_position_hint"": null, ""target_type"": ""cylinder""}",蓝色圆柱,blue cylinder,blue_cylinder,cylinder,blue,0.5139012062878223,0.02791201334131167,0.07,7,0.5439012062878223,0.02791201334131167,0.07,0.0,0.025,0.15,0.6249999999999997,0.8665762918752341,0.44999999999999996,1.0,1.0,1.0,0.7508152583750467,False,,data/grasp_success/raw/episode_000040/rgb.png,data/grasp_success/raw/episode_000040/depth.npy,data/grasp_success/raw/episode_000040/object_states.json,data/grasp_success/raw/episode_000040/candidates.json,
episode_000040,39,抓起蓝色圆柱,"{""confidence"": 0.8500000000000001, ""intent"": ""pick"", ""language"": ""zh"", ""normalized_target_label_en"": ""blue cylinder"", ""normalized_target_label_zh"": ""蓝色圆柱"", ""raw_instruction"": ""抓起蓝色圆柱"", ""target_color"": ""blue"", ""target_position_hint"": null, ""target_type"": ""cylinder""}",蓝色圆柱,blue cylinder,blue_cylinder,cylinder,blue,0.5139012062878223,0.02791201334131167,0.07,5,0.5139012062878223,0.05791201334131167,0.07,0.0,0.025,0.15,0.625,0.8693035646025068,0.4291166317460481,1.0,1.0,1.0,0.747184039269711,False,,data/grasp_success/raw/episode_000040/rgb.png,data/grasp_success/raw/episode_000040/depth.npy,data/grasp_success/raw/episode_000040/object_states.json,data/grasp_success/raw/episode_000040/candidates.json,
episode_000040,39,抓起蓝色圆柱,"{""confidence"": 0.8500000000000001, ""intent"": ""pick"", ""language"": ""zh"", ""normalized_target_label_en"": ""blue cylinder"", ""normalized_target_label_zh"": ""蓝色圆柱"", ""raw_instruction"": ""抓起蓝色圆柱"", ""target_color"": ""blue"", ""target_position_hint"": null, ""target_type"": ""cylinder""}",蓝色圆柱,blue cylinder,blue_cylinder,cylinder,blue,0.5139012062878223,0.02791201334131167,0.07,1,0.4839012062878223,0.02791201334131167,0.07,0.0,0.025,0.15,0.6249999999999997,0.8920308373297796,0.3985174384655914,1.0,1.0,1.0,0.7456096551590742,False,,data/grasp_success/raw/episode_000040/rgb.png,data/grasp_success/raw/episode_000040/depth.npy,data/grasp_success/raw/episode_000040/object_states.json,data/grasp_success/raw/episode_000040/candidates.json,
episode_000040,39,抓起蓝色圆柱,"{""confidence"": 0.8500000000000001, ""intent"": ""pick"", ""language"": ""zh"", ""normalized_target_label_en"": ""blue cylinder"", ""normalized_target_label_zh"": ""蓝色圆柱"", ""raw_instruction"": ""抓起蓝色圆柱"", ""target_color"": ""blue"", ""target_position_hint"": null, ""target_type"": ""cylinder""}",蓝色圆柱,blue cylinder,blue_cylinder,cylinder,blue,0.5139012062878223,0.02791201334131167,0.07,10,0.4839012062878223,0.02791201334131167,0.07,0.7853981633974483,0.025,0.15,0.6249999999999997,0.8920308373297796,0.34851743846559136,1.0,1.0,1.0,0.7356096551590742,False,,data/grasp_success/raw/episode_000040/rgb.png,data/grasp_success/raw/episode_000040/depth.npy,data/grasp_success/raw/episode_000040/object_states.json,data/grasp_success/raw/episode_000040/candidates.json,
episode_000040,39,抓起蓝色圆柱,"{""confidence"": 0.8500000000000001, ""intent"": ""pick"", ""language"": ""zh"", ""normalized_target_label_en"": ""blue cylinder"", ""normalized_target_label_zh"": ""蓝色圆柱"", ""raw_instruction"": ""抓起蓝色圆柱"", ""target_color"": ""blue"", ""target_position_hint"": null, ""target_type"": ""cylinder""}",蓝色圆柱,blue cylinder,blue_cylinder,cylinder,blue,0.5139012062878223,0.02791201334131167,0.07,0,0.4839012062878223,-0.0020879866586883296,0.07,0.0,0.025,0.15,0.4696699141100892,0.9006388462239874,0.44999999999999996,1.0,1.0,1.0,0.7110287434778243,False,,data/grasp_success/raw/episode_000040/rgb.png,data/grasp_success/raw/episode_000040/depth.npy,data/grasp_success/raw/episode_000040/object_states.json,data/grasp_success/raw/episode_000040/candidates.json,
episode_000040,39,抓起蓝色圆柱,"{""confidence"": 0.8500000000000001, ""intent"": ""pick"", ""language"": ""zh"", ""normalized_target_label_en"": ""blue cylinder"", ""normalized_target_label_zh"": ""蓝色圆柱"", ""raw_instruction"": ""抓起蓝色圆柱"", ""target_color"": ""blue"", ""target_position_hint"": null, ""target_type"": ""cylinder""}",蓝色圆柱,blue cylinder,blue_cylinder,cylinder,blue,0.5139012062878223,0.02791201334131167,0.07,6,0.5439012062878223,-0.0020879866586883296,0.07,0.0,0.025,0.15,0.4696699141100892,0.8751843007694419,0.44999999999999996,1.0,1.0,1.0,0.7059378343869152,False,,data/grasp_success/raw/episode_000040/rgb.png,data/grasp_success/raw/episode_000040/depth.npy,data/grasp_success/raw/episode_000040/object_states.json,data/grasp_success/raw/episode_000040/candidates.json,
episode_000041,40,抓起中间的物体,"{""confidence"": 0.6, ""intent"": ""pick"", ""language"": ""zh"", ""normalized_target_label_en"": ""center"", ""normalized_target_label_zh"": ""中间的物体"", ""raw_instruction"": ""抓起中间的物体"", ""target_color"": null, ""target_position_hint"": ""center"", ""target_type"": null}",中间的物体,center,blue_cylinder,cylinder,blue,0.5106369296081796,0.025648522923075852,0.07,4,0.5106369296081796,0.025648522923075852,0.07,0.0,0.025,0.15,1.0,0.8814429060605551,0.95,1.0,1.0,1.0,0.9662885812121111,True,True,data/grasp_success/raw/episode_000041/rgb.png,data/grasp_success/raw/episode_000041/depth.npy,data/grasp_success/raw/episode_000041/object_states.json,data/grasp_success/raw/episode_000041/candidates.json,
episode_000041,40,抓起中间的物体,"{""confidence"": 0.6, ""intent"": ""pick"", ""language"": ""zh"", ""normalized_target_label_en"": ""center"", ""normalized_target_label_zh"": ""中间的物体"", ""raw_instruction"": ""抓起中间的物体"", ""target_color"": null, ""target_position_hint"": ""center"", ""target_type"": null}",中间的物体,center,blue_cylinder,cylinder,blue,0.5106369296081796,0.025648522923075852,0.07,3,0.5106369296081796,-0.004351477076924147,0.07,0.0,0.025,0.15,0.625,0.8885419213426057,0.4470514499448106,1.0,1.0,1.0,0.7546186742574833,False,,data/grasp_success/raw/episode_000041/rgb.png,data/grasp_success/raw/episode_000041/depth.npy,data/grasp_success/raw/episode_000041/object_states.json,data/grasp_success/raw/episode_000041/candidates.json,
episode_000041,40,抓起中间的物体,"{""confidence"": 0.6, ""intent"": ""pick"", ""language"": ""zh"", ""normalized_target_label_en"": ""center"", ""normalized_target_label_zh"": ""中间的物体"", ""raw_instruction"": ""抓起中间的物体"", ""target_color"": null, ""target_position_hint"": ""center"", ""target_type"": null}",中间的物体,center,blue_cylinder,cylinder,blue,0.5106369296081796,0.025648522923075852,0.07,7,0.5406369296081797,0.025648522923075852,0.07,0.0,0.025,0.15,0.6249999999999997,0.8687156333332824,0.44999999999999996,1.0,1.0,1.0,0.7512431266666564,False,,data/grasp_success/raw/episode_000041/rgb.png,data/grasp_success/raw/episode_000041/depth.npy,data/grasp_success/raw/episode_000041/object_states.json,data/grasp_success/raw/episode_000041/candidates.json,
episode_000041,40,抓起中间的物体,"{""confidence"": 0.6, ""intent"": ""pick"", ""language"": ""zh"", ""normalized_target_label_en"": ""center"", ""normalized_target_label_zh"": ""中间的物体"", ""raw_instruction"": ""抓起中间的物体"", ""target_color"": null, ""target_position_hint"": ""center"", ""target_type"": null}",中间的物体,center,blue_cylinder,cylinder,blue,0.5106369296081796,0.025648522923075852,0.07,1,0.4806369296081796,0.025648522923075852,0.07,0.0,0.025,0.15,0.6249999999999997,0.8941701787878278,0.3736893436670331,1.0,1.0,1.0,0.7410719044909722,False,,data/grasp_success/raw/episode_000041/rgb.png,data/grasp_success/raw/episode_000041/depth.npy,data/grasp_success/raw/episode_000041/object_states.json,data/grasp_success/raw/episode_000041/candidates.json,
episode_000041,40,抓起中间的物体,"{""confidence"": 0.6, ""intent"": ""pick"", ""language"": ""zh"", ""normalized_target_label_en"": ""center"", ""normalized_target_label_zh"": ""中间的物体"", ""raw_instruction"": ""抓起中间的物体"", ""target_color"": null, ""target_position_hint"": ""center"", ""target_type"": null}",中间的物体,center,blue_cylinder,cylinder,blue,0.5106369296081796,0.025648522923075852,0.07,5,0.5106369296081796,0.05564852292307585,0.07,0.0,0.025,0.15,0.625,0.8714429060605551,0.38986874788805437,1.0,1.0,1.0,0.7397623307897219,False,,data/grasp_success/raw/episode_000041/rgb.png,data/grasp_success/raw/episode_000041/depth.npy,data/grasp_success/raw/episode_000041/object_states.json,data/grasp_success/raw/episode_000041/candidates.json,
episode_000041,40,抓起中间的物体,"{""confidence"": 0.6, ""intent"": ""pick"", ""language"": ""zh"", ""normalized_target_label_en"": ""center"", ""normalized_target_label_zh"": ""中间的物体"", ""raw_instruction"": ""抓起中间的物体"", ""target_color"": null, ""target_position_hint"": ""center"", ""target_type"": null}",中间的物体,center,blue_cylinder,cylinder,blue,0.5106369296081796,0.025648522923075852,0.07,10,0.4806369296081796,0.025648522923075852,0.07,0.7853981633974483,0.025,0.15,0.6249999999999997,0.8941701787878278,0.32368934366703317,1.0,1.0,1.0,0.7310719044909721,False,,data/grasp_success/raw/episode_000041/rgb.png,data/grasp_success/raw/episode_000041/depth.npy,data/grasp_success/raw/episode_000041/object_states.json,data/grasp_success/raw/episode_000041/candidates.json,
episode_000041,40,抓起中间的物体,"{""confidence"": 0.6, ""intent"": ""pick"", ""language"": ""zh"", ""normalized_target_label_en"": ""center"", ""normalized_target_label_zh"": ""中间的物体"", ""raw_instruction"": ""抓起中间的物体"", ""target_color"": null, ""target_position_hint"": ""center"", ""target_type"": null}",中间的物体,center,blue_cylinder,cylinder,blue,0.5106369296081796,0.025648522923075852,0.07,6,0.5406369296081797,-0.004351477076924147,0.07,0.0,0.025,0.15,0.4696699141100892,0.8758146486153329,0.44999999999999996,1.0,1.0,1.0,0.7060639039560933,False,,data/grasp_success/raw/episode_000041/rgb.png,data/grasp_success/raw/episode_000041/depth.npy,data/grasp_success/raw/episode_000041/object_states.json,data/grasp_success/raw/episode_000041/candidates.json,
episode_000041,40,抓起中间的物体,"{""confidence"": 0.6, ""intent"": ""pick"", ""language"": ""zh"", ""normalized_target_label_en"": ""center"", ""normalized_target_label_zh"": ""中间的物体"", ""raw_instruction"": ""抓起中间的物体"", ""target_color"": null, ""target_position_hint"": ""center"", ""target_type"": null}",中间的物体,center,blue_cylinder,cylinder,blue,0.5106369296081796,0.025648522923075852,0.07,8,0.5406369296081797,0.05564852292307585,0.07,0.0,0.025,0.15,0.4696699141100892,0.8587156333332824,0.44999999999999996,1.0,1.0,1.0,0.7026441008996832,False,,data/grasp_success/raw/episode_000041/rgb.png,data/grasp_success/raw/episode_000041/depth.npy,data/grasp_success/raw/episode_000041/object_states.json,data/grasp_success/raw/episode_000041/candidates.json,
episode_000042,41,抓起中间的物体,"{""confidence"": 0.6, ""intent"": ""pick"", ""language"": ""zh"", ""normalized_target_label_en"": ""center"", ""normalized_target_label_zh"": ""中间的物体"", ""raw_instruction"": ""抓起中间的物体"", ""target_color"": null, ""target_position_hint"": ""center"", ""target_type"": null}",中间的物体,center,blue_cylinder,cylinder,blue,0.5133207344862827,0.038276668695454256,0.07,4,0.5133207344862827,0.038276668695454256,0.07,0.0,0.025,0.15,1.0,0.8760949402487489,0.95,1.0,1.0,1.0,0.9652189880497498,True,True,data/grasp_success/raw/episode_000042/rgb.png,data/grasp_success/raw/episode_000042/depth.npy,data/grasp_success/raw/episode_000042/object_states.json,data/grasp_success/raw/episode_000042/candidates.json,
episode_000042,41,抓起中间的物体,"{""confidence"": 0.6, ""intent"": ""pick"", ""language"": ""zh"", ""normalized_target_label_en"": ""center"", ""normalized_target_label_zh"": ""中间的物体"", ""raw_instruction"": ""抓起中间的物体"", ""target_color"": null, ""target_position_hint"": ""center"", ""target_type"": null}",中间的物体,center,blue_cylinder,cylinder,blue,0.5133207344862827,0.038276668695454256,0.07,3,0.5133207344862827,0.008276668695454258,0.07,0.0,0.025,0.15,0.625,0.8860949402487488,0.44999999999999996,1.0,1.0,1.0,0.7547189880497498,False,,data/grasp_success/raw/episode_000042/rgb.png,data/grasp_success/raw/episode_000042/depth.npy,data/grasp_success/raw/episode_000042/object_states.json,data/grasp_success/raw/episode_000042/candidates.json,
episode_000042,41,抓起中间的物体,"{""confidence"": 0.6, ""intent"": ""pick"", ""language"": ""zh"", ""normalized_target_label_en"": ""center"", ""normalized_target_label_zh"": ""中间的物体"", ""raw_instruction"": ""抓起中间的物体"", ""target_color"": null, ""target_position_hint"": ""center"", ""target_type"": null}",中间的物体,center,blue_cylinder,cylinder,blue,0.5133207344862827,0.038276668695454256,0.07,7,0.5433207344862827,0.038276668695454256,0.07,0.0,0.025,0.15,0.6249999999999997,0.8633676675214761,0.44999999999999996,1.0,1.0,1.0,0.7501735335042952,False,,data/grasp_success/raw/episode_000042/rgb.png,data/grasp_success/raw/episode_000042/depth.npy,data/grasp_success/raw/episode_000042/object_states.json,data/grasp_success/raw/episode_000042/candidates.json,
episode_000042,41,抓起中间的物体,"{""confidence"": 0.6, ""intent"": ""pick"", ""language"": ""zh"", ""normalized_target_label_en"": ""center"", ""normalized_target_label_zh"": ""中间的物体"", ""raw_instruction"": ""抓起中间的物体"", ""target_color"": null, ""target_position_hint"": ""center"", ""target_type"": null}",中间的物体,center,blue_cylinder,cylinder,blue,0.5133207344862827,0.038276668695454256,0.07,5,0.5133207344862827,0.06827666869545426,0.07,0.0,0.025,0.15,0.625,0.8660949402487488,0.4080541683477811,1.0,1.0,1.0,0.7423298217193061,False,,data/grasp_success/raw/episode_000042/rgb.png,data/grasp_success/raw/episode_000042/depth.npy,data/grasp_success/raw/episode_000042/object_states.json,data/grasp_success/raw/episode_000042/candidates.json,
episode_000042,41,抓起中间的物体,"{""confidence"": 0.6, ""intent"": ""pick"", ""language"": ""zh"", ""normalized_target_label_en"": ""center"", ""normalized_target_label_zh"": ""中间的物体"", ""raw_instruction"": ""抓起中间的物体"", ""target_color"": null, ""target_position_hint"": ""center"", ""target_type"": null}",中间的物体,center,blue_cylinder,cylinder,blue,0.5133207344862827,0.038276668695454256,0.07,1,0.48332073448628265,0.038276668695454256,0.07,0.0,0.025,0.15,0.6249999999999997,0.8888222129760216,0.3658803517620738,1.0,1.0,1.0,0.7384405129476189,False,,data/grasp_success/raw/episode_000042/rgb.png,data/grasp_success/raw/episode_000042/depth.npy,data/grasp_success/raw/episode_000042/object_states.json,data/grasp_success/raw/episode_000042/candidates.json,
episode_000042,41,抓起中间的物体,"{""confidence"": 0.6, ""intent"": ""pick"", ""language"": ""zh"", ""normalized_target_label_en"": ""center"", ""normalized_target_label_zh"": ""中间的物体"", ""raw_instruction"": ""抓起中间的物体"", ""target_color"": null, ""target_position_hint"": ""center"", ""target_type"": null}",中间的物体,center,blue_cylinder,cylinder,blue,0.5133207344862827,0.038276668695454256,0.07,10,0.48332073448628265,0.038276668695454256,0.07,0.7853981633974483,0.025,0.15,0.6249999999999997,0.8888222129760216,0.31588035176207385,1.0,1.0,1.0,0.728440512947619,False,,data/grasp_success/raw/episode_000042/rgb.png,data/grasp_success/raw/episode_000042/depth.npy,data/grasp_success/raw/episode_000042/object_states.json,data/grasp_success/raw/episode_000042/candidates.json,
episode_000042,41,抓起中间的物体,"{""confidence"": 0.6, ""intent"": ""pick"", ""language"": ""zh"", ""normalized_target_label_en"": ""center"", ""normalized_target_label_zh"": ""中间的物体"", ""raw_instruction"": ""抓起中间的物体"", ""target_color"": null, ""target_position_hint"": ""center"", ""target_type"": null}",中间的物体,center,blue_cylinder,cylinder,blue,0.5133207344862827,0.038276668695454256,0.07,0,0.48332073448628265,0.008276668695454258,0.07,0.0,0.025,0.15,0.4696699141100892,0.8988222129760216,0.44999999999999996,1.0,1.0,1.0,0.7106654168282311,False,,data/grasp_success/raw/episode_000042/rgb.png,data/grasp_success/raw/episode_000042/depth.npy,data/grasp_success/raw/episode_000042/object_states.json,data/grasp_success/raw/episode_000042/candidates.json,
episode_000042,41,抓起中间的物体,"{""confidence"": 0.6, ""intent"": ""pick"", ""language"": ""zh"", ""normalized_target_label_en"": ""center"", ""normalized_target_label_zh"": ""中间的物体"", ""raw_instruction"": ""抓起中间的物体"", ""target_color"": null, ""target_position_hint"": ""center"", ""target_type"": null}",中间的物体,center,blue_cylinder,cylinder,blue,0.5133207344862827,0.038276668695454256,0.07,6,0.5433207344862827,0.008276668695454258,0.07,0.0,0.025,0.15,0.4696699141100892,0.8733676675214761,0.44999999999999996,1.0,1.0,1.0,0.705574507737322,False,,data/grasp_success/raw/episode_000042/rgb.png,data/grasp_success/raw/episode_000042/depth.npy,data/grasp_success/raw/episode_000042/object_states.json,data/grasp_success/raw/episode_000042/candidates.json,
episode_000043,42,抓起红色方块,"{""confidence"": 0.8500000000000001, ""intent"": ""pick"", ""language"": ""zh"", ""normalized_target_label_en"": ""red cube"", ""normalized_target_label_zh"": ""红色方块"", ""raw_instruction"": ""抓起红色方块"", ""target_color"": ""red"", ""target_position_hint"": null, ""target_type"": ""cube""}",红色方块,red cube,red_cube,cube,red,0.4527885359691577,-0.12949978489554664,0.045,4,0.4527885359691577,-0.12949978489554664,0.045,0.0,0.035,0.15,1.0,0.8447436930217331,0.95,1.0,1.0,1.0,0.9589487386043467,True,False,data/grasp_success/raw/episode_000043/rgb.png,data/grasp_success/raw/episode_000043/depth.npy,data/grasp_success/raw/episode_000043/object_states.json,data/grasp_success/raw/episode_000043/candidates.json,
episode_000043,42,抓起红色方块,"{""confidence"": 0.8500000000000001, ""intent"": ""pick"", ""language"": ""zh"", ""normalized_target_label_en"": ""red cube"", ""normalized_target_label_zh"": ""红色方块"", ""raw_instruction"": ""抓起红色方块"", ""target_color"": ""red"", ""target_position_hint"": null, ""target_type"": ""cube""}",红色方块,red cube,red_cube,cube,red,0.4527885359691577,-0.12949978489554664,0.045,7,0.4827885359691577,-0.12949978489554664,0.045,0.0,0.035,0.15,0.6249999999999997,0.8508625109872964,0.44999999999999996,1.0,1.0,1.0,0.7476725021974592,False,,data/grasp_success/raw/episode_000043/rgb.png,data/grasp_success/raw/episode_000043/depth.npy,data/grasp_success/raw/episode_000043/object_states.json,data/grasp_success/raw/episode_000043/candidates.json,
episode_000043,42,抓起红色方块,"{""confidence"": 0.8500000000000001, ""intent"": ""pick"", ""language"": ""zh"", ""normalized_target_label_en"": ""red cube"", ""normalized_target_label_zh"": ""红色方块"", ""raw_instruction"": ""抓起红色方块"", ""target_color"": ""red"", ""target_position_hint"": null, ""target_type"": ""cube""}",红色方块,red cube,red_cube,cube,red,0.4527885359691577,-0.12949978489554664,0.045,5,0.4527885359691577,-0.09949978489554664,0.045,0.0,0.035,0.15,0.625,0.8547436930217331,0.44515794656140906,1.0,1.0,1.0,0.7474803279166286,False,,data/grasp_success/raw/episode_000043/rgb.png,data/grasp_success/raw/episode_000043/depth.npy,data/grasp_success/raw/episode_000043/object_states.json,data/grasp_success/raw/episode_000043/candidates.json,
episode_000043,42,抓起红色方块,"{""confidence"": 0.8500000000000001, ""intent"": ""pick"", ""language"": ""zh"", ""normalized_target_label_en"": ""red cube"", ""normalized_target_label_zh"": ""红色方块"", ""raw_instruction"": ""抓起红色方块"", ""target_color"": ""red"", ""target_position_hint"": null, ""target_type"": ""cube""}",红色方块,red cube,red_cube,cube,red,0.4527885359691577,-0.12949978489554664,0.045,3,0.4527885359691577,-0.15949978489554664,0.045,0.0,0.035,0.15,0.625,0.8347436930217331,0.44999999999999996,1.0,1.0,1.0,0.7444487386043467,False,,data/grasp_success/raw/episode_000043/rgb.png,data/grasp_success/raw/episode_000043/depth.npy,data/grasp_success/raw/episode_000043/object_states.json,data/grasp_success/raw/episode_000043/candidates.json,
episode_000043,42,抓起红色方块,"{""confidence"": 0.8500000000000001, ""intent"": ""pick"", ""language"": ""zh"", ""normalized_target_label_en"": ""red cube"", ""normalized_target_label_zh"": ""红色方块"", ""raw_instruction"": ""抓起红色方块"", ""target_color"": ""red"", ""target_position_hint"": null, ""target_type"": ""cube""}",红色方块,red cube,red_cube,cube,red,0.4527885359691577,-0.12949978489554664,0.045,1,0.42278853596915766,-0.12949978489554664,0.045,0.0,0.035,0.15,0.6249999999999997,0.8320164202944604,0.44999999999999996,1.0,1.0,1.0,0.7439032840588921,False,,data/grasp_success/raw/episode_000043/rgb.png,data/grasp_success/raw/episode_000043/depth.npy,data/grasp_success/raw/episode_000043/object_states.json,data/grasp_success/raw/episode_000043/candidates.json,
episode_000043,42,抓起红色方块,"{""confidence"": 0.8500000000000001, ""intent"": ""pick"", ""language"": ""zh"", ""normalized_target_label_en"": ""red cube"", ""normalized_target_label_zh"": ""红色方块"", ""raw_instruction"": ""抓起红色方块"", ""target_color"": ""red"", ""target_position_hint"": null, ""target_type"": ""cube""}",红色方块,red cube,red_cube,cube,red,0.4527885359691577,-0.12949978489554664,0.045,2,0.42278853596915766,-0.09949978489554664,0.045,0.0,0.035,0.15,0.4696699141100892,0.8420164202944604,0.44999999999999996,1.0,1.0,1.0,0.6993042582919189,False,,data/grasp_success/raw/episode_000043/rgb.png,data/grasp_success/raw/episode_000043/depth.npy,data/grasp_success/raw/episode_000043/object_states.json,data/grasp_success/raw/episode_000043/candidates.json,
episode_000043,42,抓起红色方块,"{""confidence"": 0.8500000000000001, ""intent"": ""pick"", ""language"": ""zh"", ""normalized_target_label_en"": ""red cube"", ""normalized_target_label_zh"": ""红色方块"", ""raw_instruction"": ""抓起红色方块"", ""target_color"": ""red"", ""target_position_hint"": null, ""target_type"": ""cube""}",红色方块,red cube,red_cube,cube,red,0.4527885359691577,-0.12949978489554664,0.045,6,0.4827885359691577,-0.15949978489554664,0.045,0.0,0.035,0.15,0.4696699141100892,0.8408625109872964,0.44999999999999996,1.0,1.0,1.0,0.699073476430486,False,,data/grasp_success/raw/episode_000043/rgb.png,data/grasp_success/raw/episode_000043/depth.npy,data/grasp_success/raw/episode_000043/object_states.json,data/grasp_success/raw/episode_000043/candidates.json,
episode_000043,42,抓起红色方块,"{""confidence"": 0.8500000000000001, ""intent"": ""pick"", ""language"": ""zh"", ""normalized_target_label_en"": ""red cube"", ""normalized_target_label_zh"": ""红色方块"", ""raw_instruction"": ""抓起红色方块"", ""target_color"": ""red"", ""target_position_hint"": null, ""target_type"": ""cube""}",红色方块,red cube,red_cube,cube,red,0.4527885359691577,-0.12949978489554664,0.045,0,0.42278853596915766,-0.15949978489554664,0.045,0.0,0.035,0.15,0.4696699141100892,0.8220164202944604,0.44999999999999996,1.0,1.0,1.0,0.6953042582919189,False,,data/grasp_success/raw/episode_000043/rgb.png,data/grasp_success/raw/episode_000043/depth.npy,data/grasp_success/raw/episode_000043/object_states.json,data/grasp_success/raw/episode_000043/candidates.json,
episode_000044,43,抓起红色方块,"{""confidence"": 0.8500000000000001, ""intent"": ""pick"", ""language"": ""zh"", ""normalized_target_label_en"": ""red cube"", ""normalized_target_label_zh"": ""红色方块"", ""raw_instruction"": ""抓起红色方块"", ""target_color"": ""red"", ""target_position_hint"": null, ""target_type"": ""cube""}",红色方块,red cube,red_cube,cube,red,0.4407710367867476,-0.11607551354725894,0.045,4,0.4407710367867476,-0.11607551354725894,0.045,0.0,0.035,0.15,1.0,0.8441201171513522,0.95,1.0,1.0,1.0,0.9588240234302705,True,False,data/grasp_success/raw/episode_000044/rgb.png,data/grasp_success/raw/episode_000044/depth.npy,data/grasp_success/raw/episode_000044/object_states.json,data/grasp_success/raw/episode_000044/candidates.json,
episode_000044,43,抓起红色方块,"{""confidence"": 0.8500000000000001, ""intent"": ""pick"", ""language"": ""zh"", ""normalized_target_label_en"": ""red cube"", ""normalized_target_label_zh"": ""红色方块"", ""raw_instruction"": ""抓起红色方块"", ""target_color"": ""red"", ""target_position_hint"": null, ""target_type"": ""cube""}",红色方块,red cube,red_cube,cube,red,0.4407710367867476,-0.11607551354725894,0.045,7,0.4707710367867476,-0.11607551354725894,0.045,0.0,0.035,0.15,0.6250000000000004,0.8568473898786249,0.44999999999999996,1.0,1.0,1.0,0.7488694779757251,False,,data/grasp_success/raw/episode_000044/rgb.png,data/grasp_success/raw/episode_000044/depth.npy,data/grasp_success/raw/episode_000044/object_states.json,data/grasp_success/raw/episode_000044/candidates.json,
episode_000044,43,抓起红色方块,"{""confidence"": 0.8500000000000001, ""intent"": ""pick"", ""language"": ""zh"", ""normalized_target_label_en"": ""red cube"", ""normalized_target_label_zh"": ""红色方块"", ""raw_instruction"": ""抓起红色方块"", ""target_color"": ""red"", ""target_position_hint"": null, ""target_type"": ""cube""}",红色方块,red cube,red_cube,cube,red,0.4407710367867476,-0.11607551354725894,0.045,5,0.4407710367867476,-0.08607551354725894,0.045,0.0,0.035,0.15,0.625,0.854120117151352,0.432060099042164,1.0,1.0,1.0,0.7447360432387032,False,,data/grasp_success/raw/episode_000044/rgb.png,data/grasp_success/raw/episode_000044/depth.npy,data/grasp_success/raw/episode_000044/object_states.json,data/grasp_success/raw/episode_000044/candidates.json,
episode_000044,43,抓起红色方块,"{""confidence"": 0.8500000000000001, ""intent"": ""pick"", ""language"": ""zh"", ""normalized_target_label_en"": ""red cube"", ""normalized_target_label_zh"": ""红色方块"", ""raw_instruction"": ""抓起红色方块"", ""target_color"": ""red"", ""target_position_hint"": null, ""target_type"": ""cube""}",红色方块,red cube,red_cube,cube,red,0.4407710367867476,-0.11607551354725894,0.045,3,0.4407710367867476,-0.14607551354725895,0.045,0.0,0.035,0.15,0.6249999999999998,0.8341201171513521,0.44999999999999996,1.0,1.0,1.0,0.7443240234302704,False,,data/grasp_success/raw/episode_000044/rgb.png,data/grasp_success/raw/episode_000044/depth.npy,data/grasp_success/raw/episode_000044/object_states.json,data/grasp_success/raw/episode_000044/candidates.json,
episode_000044,43,抓起红色方块,"{""confidence"": 0.8500000000000001, ""intent"": ""pick"", ""language"": ""zh"", ""normalized_target_label_en"": ""red cube"", ""normalized_target_label_zh"": ""红色方块"", ""raw_instruction"": ""抓起红色方块"", ""target_color"": ""red"", ""target_position_hint"": null, ""target_type"": ""cube""}",红色方块,red cube,red_cube,cube,red,0.4407710367867476,-0.11607551354725894,0.045,1,0.41077103678674765,-0.11607551354725894,0.045,0.0,0.035,0.15,0.6250000000000004,0.8313928444240793,0.44999999999999996,1.0,1.0,1.0,0.7437785688848161,False,,data/grasp_success/raw/episode_000044/rgb.png,data/grasp_success/raw/episode_000044/depth.npy,data/grasp_success/raw/episode_000044/object_states.json,data/grasp_success/raw/episode_000044/candidates.json,
episode_000044,43,抓起红色方块,"{""confidence"": 0.8500000000000001, ""intent"": ""pick"", ""language"": ""zh"", ""normalized_target_label_en"": ""red cube"", ""normalized_target_label_zh"": ""红色方块"", ""raw_instruction"": ""抓起红色方块"", ""target_color"": ""red"", ""target_position_hint"": null, ""target_type"": ""cube""}",红色方块,red cube,red_cube,cube,red,0.4407710367867476,-0.11607551354725894,0.045,6,0.4707710367867476,-0.14607551354725895,0.045,0.0,0.035,0.15,0.4696699141100895,0.8468473898786248,0.44999999999999996,1.0,1.0,1.0,0.7002704522087518,False,,data/grasp_success/raw/episode_000044/rgb.png,data/grasp_success/raw/episode_000044/depth.npy,data/grasp_success/raw/episode_000044/object_states.json,data/grasp_success/raw/episode_000044/candidates.json,
episode_000044,43,抓起红色方块,"{""confidence"": 0.8500000000000001, ""intent"": ""pick"", ""language"": ""zh"", ""normalized_target_label_en"": ""red cube"", ""normalized_target_label_zh"": ""红色方块"", ""raw_instruction"": ""抓起红色方块"", ""target_color"": ""red"", ""target_position_hint"": null, ""target_type"": ""cube""}",红色方块,red cube,red_cube,cube,red,0.4407710367867476,-0.11607551354725894,0.045,2,0.41077103678674765,-0.08607551354725894,0.045,0.0,0.035,0.15,0.4696699141100896,0.8413928444240794,0.44999999999999996,1.0,1.0,1.0,0.6991795431178428,False,,data/grasp_success/raw/episode_000044/rgb.png,data/grasp_success/raw/episode_000044/depth.npy,data/grasp_success/raw/episode_000044/object_states.json,data/grasp_success/raw/episode_000044/candidates.json,
episode_000044,43,抓起红色方块,"{""confidence"": 0.8500000000000001, ""intent"": ""pick"", ""language"": ""zh"", ""normalized_target_label_en"": ""red cube"", ""normalized_target_label_zh"": ""红色方块"", ""raw_instruction"": ""抓起红色方块"", ""target_color"": ""red"", ""target_position_hint"": null, ""target_type"": ""cube""}",红色方块,red cube,red_cube,cube,red,0.4407710367867476,-0.11607551354725894,0.045,0,0.41077103678674765,-0.14607551354725895,0.045,0.0,0.035,0.15,0.4696699141100895,0.8213928444240793,0.44999999999999996,1.0,1.0,1.0,0.6951795431178428,False,,data/grasp_success/raw/episode_000044/rgb.png,data/grasp_success/raw/episode_000044/depth.npy,data/grasp_success/raw/episode_000044/object_states.json,data/grasp_success/raw/episode_000044/candidates.json,
episode_000045,44,抓起中间的物体,"{""confidence"": 0.6, ""intent"": ""pick"", ""language"": ""zh"", ""normalized_target_label_en"": ""center"", ""normalized_target_label_zh"": ""中间的物体"", ""raw_instruction"": ""抓起中间的物体"", ""target_color"": null, ""target_position_hint"": ""center"", ""target_type"": null}",中间的物体,center,blue_cylinder,cylinder,blue,0.5272407323295855,0.023533312883908877,0.07,4,0.5272407323295855,0.023533312883908877,0.07,0.0,0.025,0.15,1.0,0.8751039385554386,0.95,1.0,1.0,1.0,0.9650207877110877,True,True,data/grasp_success/raw/episode_000045/rgb.png,data/grasp_success/raw/episode_000045/depth.npy,data/grasp_success/raw/episode_000045/object_states.json,data/grasp_success/raw/episode_000045/candidates.json,
episode_000045,44,抓起中间的物体,"{""confidence"": 0.6, ""intent"": ""pick"", ""language"": ""zh"", ""normalized_target_label_en"": ""center"", ""normalized_target_label_zh"": ""中间的物体"", ""raw_instruction"": ""抓起中间的物体"", ""target_color"": null, ""target_position_hint"": ""center"", ""target_type"": null}",中间的物体,center,blue_cylinder,cylinder,blue,0.5272407323295855,0.023533312883908877,0.07,3,0.5272407323295855,-0.006466687116091122,0.07,0.0,0.025,0.15,0.625,0.8807928138113779,0.44999999999999996,1.0,1.0,1.0,0.7536585627622756,False,,data/grasp_success/raw/episode_000045/rgb.png,data/grasp_success/raw/episode_000045/depth.npy,data/grasp_success/raw/episode_000045/object_states.json,data/grasp_success/raw/episode_000045/candidates.json,
episode_000045,44,抓起中间的物体,"{""confidence"": 0.6, ""intent"": ""pick"", ""language"": ""zh"", ""normalized_target_label_en"": ""center"", ""normalized_target_label_zh"": ""中间的物体"", ""raw_instruction"": ""抓起中间的物体"", ""target_color"": null, ""target_position_hint"": ""center"", ""target_type"": null}",中间的物体,center,blue_cylinder,cylinder,blue,0.5272407323295855,0.023533312883908877,0.07,1,0.49724073232958543,0.023533312883908877,0.07,0.0,0.025,0.15,0.6249999999999997,0.8878312112827114,0.44288645802432836,1.0,1.0,1.0,0.7536435338614078,False,,data/grasp_success/raw/episode_000045/rgb.png,data/grasp_success/raw/episode_000045/depth.npy,data/grasp_success/raw/episode_000045/object_states.json,data/grasp_success/raw/episode_000045/candidates.json,
episode_000045,44,抓起中间的物体,"{""confidence"": 0.6, ""intent"": ""pick"", ""language"": ""zh"", ""normalized_target_label_en"": ""center"", ""normalized_target_label_zh"": ""中间的物体"", ""raw_instruction"": ""抓起中间的物体"", ""target_color"": null, ""target_position_hint"": ""center"", ""target_type"": null}",中间的物体,center,blue_cylinder,cylinder,blue,0.5272407323295855,0.023533312883908877,0.07,5,0.5272407323295855,0.053533312883908876,0.07,0.0,0.025,0.15,0.625,0.8651039385554385,0.44999999999999996,1.0,1.0,1.0,0.7505207877110878,False,,data/grasp_success/raw/episode_000045/rgb.png,data/grasp_success/raw/episode_000045/depth.npy,data/grasp_success/raw/episode_000045/object_states.json,data/grasp_success/raw/episode_000045/candidates.json,
episode_000045,44,抓起中间的物体,"{""confidence"": 0.6, ""intent"": ""pick"", ""language"": ""zh"", ""normalized_target_label_en"": ""center"", ""normalized_target_label_zh"": ""中间的物体"", ""raw_instruction"": ""抓起中间的物体"", ""target_color"": null, ""target_position_hint"": ""center"", ""target_type"": null}",中间的物体,center,blue_cylinder,cylinder,blue,0.5272407323295855,0.023533312883908877,0.07,7,0.5572407323295855,0.023533312883908877,0.07,0.0,0.025,0.15,0.6249999999999997,0.8623766658281657,0.44999999999999996,1.0,1.0,1.0,0.749975333165633,False,,data/grasp_success/raw/episode_000045/rgb.png,data/grasp_success/raw/episode_000045/depth.npy,data/grasp_success/raw/episode_000045/object_states.json,data/grasp_success/raw/episode_000045/candidates.json,
episode_000045,44,抓起中间的物体,"{""confidence"": 0.6, ""intent"": ""pick"", ""language"": ""zh"", ""normalized_target_label_en"": ""center"", ""normalized_target_label_zh"": ""中间的物体"", ""raw_instruction"": ""抓起中间的物体"", ""target_color"": null, ""target_position_hint"": ""center"", ""target_type"": null}",中间的物体,center,blue_cylinder,cylinder,blue,0.5272407323295855,0.023533312883908877,0.07,10,0.49724073232958543,0.023533312883908877,0.07,0.7853981633974483,0.025,0.15,0.6249999999999997,0.8878312112827114,0.3928864580243284,1.0,1.0,1.0,0.7436435338614079,False,,data/grasp_success/raw/episode_000045/rgb.png,data/grasp_success/raw/episode_000045/depth.npy,data/grasp_success/raw/episode_000045/object_states.json,data/grasp_success/raw/episode_000045/candidates.json,
episode_000045,44,抓起中间的物体,"{""confidence"": 0.6, ""intent"": ""pick"", ""language"": ""zh"", ""normalized_target_label_en"": ""center"", ""normalized_target_label_zh"": ""中间的物体"", ""raw_instruction"": ""抓起中间的物体"", ""target_color"": null, ""target_position_hint"": ""center"", ""target_type"": null}",中间的物体,center,blue_cylinder,cylinder,blue,0.5272407323295855,0.023533312883908877,0.07,0,0.49724073232958543,-0.006466687116091122,0.07,0.0,0.025,0.15,0.4696699141100892,0.8935200865386506,0.4406116068697675,1.0,1.0,1.0,0.7077273129147104,False,,data/grasp_success/raw/episode_000045/rgb.png,data/grasp_success/raw/episode_000045/depth.npy,data/grasp_success/raw/episode_000045/object_states.json,data/grasp_success/raw/episode_000045/candidates.json,
episode_000045,44,抓起中间的物体,"{""confidence"": 0.6, ""intent"": ""pick"", ""language"": ""zh"", ""normalized_target_label_en"": ""center"", ""normalized_target_label_zh"": ""中间的物体"", ""raw_instruction"": ""抓起中间的物体"", ""target_color"": null, ""target_position_hint"": ""center"", ""target_type"": null}",中间的物体,center,blue_cylinder,cylinder,blue,0.5272407323295855,0.023533312883908877,0.07,6,0.5572407323295855,-0.006466687116091122,0.07,0.0,0.025,0.15,0.4696699141100892,0.868065541084105,0.44999999999999996,1.0,1.0,1.0,0.7045140824498478,False,,data/grasp_success/raw/episode_000045/rgb.png,data/grasp_success/raw/episode_000045/depth.npy,data/grasp_success/raw/episode_000045/object_states.json,data/grasp_success/raw/episode_000045/candidates.json,
episode_000046,45,抓起绿色球,"{""confidence"": 0.8500000000000001, ""intent"": ""pick"", ""language"": ""zh"", ""normalized_target_label_en"": ""green sphere"", ""normalized_target_label_zh"": ""绿色球"", ""raw_instruction"": ""抓起绿色球"", ""target_color"": ""green"", ""target_position_hint"": null, ""target_type"": ""sphere""}",绿色球,green sphere,green_sphere,sphere,green,0.3914466721541071,0.100220727341598,0.05,4,0.3914466721541071,0.100220727341598,0.05,0.0,0.025,0.15,1.0,0.8300351134161592,0.95,1.0,1.0,1.0,0.9560070226832319,True,True,data/grasp_success/raw/episode_000046/rgb.png,data/grasp_success/raw/episode_000046/depth.npy,data/grasp_success/raw/episode_000046/object_states.json,data/grasp_success/raw/episode_000046/candidates.json,
episode_000046,45,抓起绿色球,"{""confidence"": 0.8500000000000001, ""intent"": ""pick"", ""language"": ""zh"", ""normalized_target_label_en"": ""green sphere"", ""normalized_target_label_zh"": ""绿色球"", ""raw_instruction"": ""抓起绿色球"", ""target_color"": ""green"", ""target_position_hint"": null, ""target_type"": ""sphere""}",绿色球,green sphere,green_sphere,sphere,green,0.3914466721541071,0.100220727341598,0.05,5,0.3914466721541071,0.130220727341598,0.05,0.0,0.025,0.15,0.6249999999999998,0.8200351134161592,0.44999999999999996,1.0,1.0,1.0,0.7415070226832318,False,,data/grasp_success/raw/episode_000046/rgb.png,data/grasp_success/raw/episode_000046/depth.npy,data/grasp_success/raw/episode_000046/object_states.json,data/grasp_success/raw/episode_000046/candidates.json,
episode_000046,45,抓起绿色球,"{""confidence"": 0.8500000000000001, ""intent"": ""pick"", ""language"": ""zh"", ""normalized_target_label_en"": ""green sphere"", ""normalized_target_label_zh"": ""绿色球"", ""raw_instruction"": ""抓起绿色球"", ""target_color"": ""green"", ""target_position_hint"": null, ""target_type"": ""sphere""}",绿色球,green sphere,green_sphere,sphere,green,0.3914466721541071,0.100220727341598,0.05,1,0.3614466721541071,0.100220727341598,0.05,0.0,0.025,0.15,0.6249999999999997,0.8173078406888865,0.44999999999999996,1.0,1.0,1.0,0.7409615681377772,False,,data/grasp_success/raw/episode_000046/rgb.png,data/grasp_success/raw/episode_000046/depth.npy,data/grasp_success/raw/episode_000046/object_states.json,data/grasp_success/raw/episode_000046/candidates.json,
episode_000046,45,抓起绿色球,"{""confidence"": 0.8500000000000001, ""intent"": ""pick"", ""language"": ""zh"", ""normalized_target_label_en"": ""green sphere"", ""normalized_target_label_zh"": ""绿色球"", ""raw_instruction"": ""抓起绿色球"", ""target_color"": ""green"", ""target_position_hint"": null, ""target_type"": ""sphere""}",绿色球,green sphere,green_sphere,sphere,green,0.3914466721541071,0.100220727341598,0.05,3,0.3914466721541071,0.070220727341598,0.05,0.0,0.025,0.15,0.625,0.8400351134161592,0.39511013892385083,1.0,1.0,1.0,0.7345290504680021,False,,data/grasp_success/raw/episode_000046/rgb.png,data/grasp_success/raw/episode_000046/depth.npy,data/grasp_success/raw/episode_000046/object_states.json,data/grasp_success/raw/episode_000046/candidates.json,
episode_000046,45,抓起绿色球,"{""confidence"": 0.8500000000000001, ""intent"": ""pick"", ""language"": ""zh"", ""normalized_target_label_en"": ""green sphere"", ""normalized_target_label_zh"": ""绿色球"", ""raw_instruction"": ""抓起绿色球"", ""target_color"": ""green"", ""target_position_hint"": null, ""target_type"": ""sphere""}",绿色球,green sphere,green_sphere,sphere,green,0.3914466721541071,0.100220727341598,0.05,10,0.3614466721541071,0.100220727341598,0.05,0.7853981633974483,0.025,0.15,0.6249999999999997,0.8173078406888865,0.4,1.0,1.0,1.0,0.7309615681377772,False,,data/grasp_success/raw/episode_000046/rgb.png,data/grasp_success/raw/episode_000046/depth.npy,data/grasp_success/raw/episode_000046/object_states.json,data/grasp_success/raw/episode_000046/candidates.json,
episode_000046,45,抓起绿色球,"{""confidence"": 0.8500000000000001, ""intent"": ""pick"", ""language"": ""zh"", ""normalized_target_label_en"": ""green sphere"", ""normalized_target_label_zh"": ""绿色球"", ""raw_instruction"": ""抓起绿色球"", ""target_color"": ""green"", ""target_position_hint"": null, ""target_type"": ""sphere""}",绿色球,green sphere,green_sphere,sphere,green,0.3914466721541071,0.100220727341598,0.05,7,0.42144667215410714,0.100220727341598,0.05,0.0,0.025,0.15,0.6249999999999997,0.842762386143432,0.3434087031438874,1.0,1.0,1.0,0.7247342178574637,False,,data/grasp_success/raw/episode_000046/rgb.png,data/grasp_success/raw/episode_000046/depth.npy,data/grasp_success/raw/episode_000046/object_states.json,data/grasp_success/raw/episode_000046/candidates.json,
episode_000046,45,抓起绿色球,"{""confidence"": 0.8500000000000001, ""intent"": ""pick"", ""language"": ""zh"", ""normalized_target_label_en"": ""green sphere"", ""normalized_target_label_zh"": ""绿色球"", ""raw_instruction"": ""抓起绿色球"", ""target_color"": ""green"", ""target_position_hint"": null, ""target_type"": ""sphere""}",绿色球,green sphere,green_sphere,sphere,green,0.3914466721541071,0.100220727341598,0.05,0,0.3614466721541071,0.070220727341598,0.05,0.0,0.025,0.15,0.4696699141100892,0.8273078406888865,0.44999999999999996,1.0,1.0,1.0,0.6963625423708041,False,,data/grasp_success/raw/episode_000046/rgb.png,data/grasp_success/raw/episode_000046/depth.npy,data/grasp_success/raw/episode_000046/object_states.json,data/grasp_success/raw/episode_000046/candidates.json,
episode_000046,45,抓起绿色球,"{""confidence"": 0.8500000000000001, ""intent"": ""pick"", ""language"": ""zh"", ""normalized_target_label_en"": ""green sphere"", ""normalized_target_label_zh"": ""绿色球"", ""raw_instruction"": ""抓起绿色球"", ""target_color"": ""green"", ""target_position_hint"": null, ""target_type"": ""sphere""}",绿色球,green sphere,green_sphere,sphere,green,0.3914466721541071,0.100220727341598,0.05,8,0.42144667215410714,0.130220727341598,0.05,0.0,0.025,0.15,0.46966991411008896,0.832762386143432,0.43759098966298104,1.0,1.0,1.0,0.6949716493943093,False,,data/grasp_success/raw/episode_000046/rgb.png,data/grasp_success/raw/episode_000046/depth.npy,data/grasp_success/raw/episode_000046/object_states.json,data/grasp_success/raw/episode_000046/candidates.json,
episode_000047,46,抓起红色方块,"{""confidence"": 0.8500000000000001, ""intent"": ""pick"", ""language"": ""zh"", ""normalized_target_label_en"": ""red cube"", ""normalized_target_label_zh"": ""红色方块"", ""raw_instruction"": ""抓起红色方块"", ""target_color"": ""red"", ""target_position_hint"": null, ""target_type"": ""cube""}",红色方块,red cube,red_cube,cube,red,0.4577653615290498,-0.12200011208057973,0.045,4,0.4577653615290498,-0.12200011208057973,0.045,0.0,0.035,0.15,1.0,0.8493549645006158,0.95,1.0,1.0,1.0,0.9598709929001232,True,False,data/grasp_success/raw/episode_000047/rgb.png,data/grasp_success/raw/episode_000047/depth.npy,data/grasp_success/raw/episode_000047/object_states.json,data/grasp_success/raw/episode_000047/candidates.json,
episode_000047,46,抓起红色方块,"{""confidence"": 0.8500000000000001, ""intent"": ""pick"", ""language"": ""zh"", ""normalized_target_label_en"": ""red cube"", ""normalized_target_label_zh"": ""红色方块"", ""raw_instruction"": ""抓起红色方块"", ""target_color"": ""red"", ""target_position_hint"": null, ""target_type"": ""cube""}",红色方块,red cube,red_cube,cube,red,0.4577653615290498,-0.12200011208057973,0.045,5,0.4577653615290498,-0.09200011208057973,0.045,0.0,0.035,0.15,0.625,0.8593549645006158,0.44999999999999996,1.0,1.0,1.0,0.7493709929001232,False,,data/grasp_success/raw/episode_000047/rgb.png,data/grasp_success/raw/episode_000047/depth.npy,data/grasp_success/raw/episode_000047/object_states.json,data/grasp_success/raw/episode_000047/candidates.json,
episode_000047,46,抓起红色方块,"{""confidence"": 0.8500000000000001, ""intent"": ""pick"", ""language"": ""zh"", ""normalized_target_label_en"": ""red cube"", ""normalized_target_label_zh"": ""红色方块"", ""raw_instruction"": ""抓起红色方块"", ""target_color"": ""red"", ""target_position_hint"": null, ""target_type"": ""cube""}",红色方块,red cube,red_cube,cube,red,0.4577653615290498,-0.12200011208057973,0.045,7,0.4877653615290498,-0.12200011208057973,0.045,0.0,0.035,0.15,0.6249999999999997,0.8512510213850584,0.44999999999999996,1.0,1.0,1.0,0.7477502042770116,False,,data/grasp_success/raw/episode_000047/rgb.png,data/grasp_success/raw/episode_000047/depth.npy,data/grasp_success/raw/episode_000047/object_states.json,data/grasp_success/raw/episode_000047/candidates.json,
episode_000047,46,抓起红色方块,"{""confidence"": 0.8500000000000001, ""intent"": ""pick"", ""language"": ""zh"", ""normalized_target_label_en"": ""red cube"", ""normalized_target_label_zh"": ""红色方块"", ""raw_instruction"": ""抓起红色方块"", ""target_color"": ""red"", ""target_position_hint"": null, ""target_type"": ""cube""}",红色方块,red cube,red_cube,cube,red,0.4577653615290498,-0.12200011208057973,0.045,3,0.4577653615290498,-0.15200011208057973,0.045,0.0,0.035,0.15,0.625,0.8393549645006158,0.44999999999999996,1.0,1.0,1.0,0.7453709929001232,False,,data/grasp_success/raw/episode_000047/rgb.png,data/grasp_success/raw/episode_000047/depth.npy,data/grasp_success/raw/episode_000047/object_states.json,data/grasp_success/raw/episode_000047/candidates.json,
episode_000047,46,抓起红色方块,"{""confidence"": 0.8500000000000001, ""intent"": ""pick"", ""language"": ""zh"", ""normalized_target_label_en"": ""red cube"", ""normalized_target_label_zh"": ""红色方块"", ""raw_instruction"": ""抓起红色方块"", ""target_color"": ""red"", ""target_position_hint"": null, ""target_type"": ""cube""}",红色方块,red cube,red_cube,cube,red,0.4577653615290498,-0.12200011208057973,0.045,1,0.42776536152904976,-0.12200011208057973,0.045,0.0,0.035,0.15,0.6249999999999997,0.8366276917733431,0.44999999999999996,1.0,1.0,1.0,0.7448255383546686,False,,data/grasp_success/raw/episode_000047/rgb.png,data/grasp_success/raw/episode_000047/depth.npy,data/grasp_success/raw/episode_000047/object_states.json,data/grasp_success/raw/episode_000047/candidates.json,
episode_000047,46,抓起红色方块,"{""confidence"": 0.8500000000000001, ""intent"": ""pick"", ""language"": ""zh"", ""normalized_target_label_en"": ""red cube"", ""normalized_target_label_zh"": ""红色方块"", ""raw_instruction"": ""抓起红色方块"", ""target_color"": ""red"", ""target_position_hint"": null, ""target_type"": ""cube""}",红色方块,red cube,red_cube,cube,red,0.4577653615290498,-0.12200011208057973,0.045,2,0.42776536152904976,-0.09200011208057973,0.045,0.0,0.035,0.15,0.4696699141100892,0.8466276917733431,0.44999999999999996,1.0,1.0,1.0,0.7002265125876954,False,,data/grasp_success/raw/episode_000047/rgb.png,data/grasp_success/raw/episode_000047/depth.npy,data/grasp_success/raw/episode_000047/object_states.json,data/grasp_success/raw/episode_000047/candidates.json,
episode_000047,46,抓起红色方块,"{""confidence"": 0.8500000000000001, ""intent"": ""pick"", ""language"": ""zh"", ""normalized_target_label_en"": ""red cube"", ""normalized_target_label_zh"": ""红色方块"", ""raw_instruction"": ""抓起红色方块"", ""target_color"": ""red"", ""target_position_hint"": null, ""target_type"": ""cube""}",红色方块,red cube,red_cube,cube,red,0.4577653615290498,-0.12200011208057973,0.045,6,0.4877653615290498,-0.15200011208057973,0.045,0.0,0.035,0.15,0.4696699141100892,0.8412510213850584,0.44999999999999996,1.0,1.0,1.0,0.6991511785100385,False,,data/grasp_success/raw/episode_000047/rgb.png,data/grasp_success/raw/episode_000047/depth.npy,data/grasp_success/raw/episode_000047/object_states.json,data/grasp_success/raw/episode_000047/candidates.json,
episode_000047,46,抓起红色方块,"{""confidence"": 0.8500000000000001, ""intent"": ""pick"", ""language"": ""zh"", ""normalized_target_label_en"": ""red cube"", ""normalized_target_label_zh"": ""红色方块"", ""raw_instruction"": ""抓起红色方块"", ""target_color"": ""red"", ""target_position_hint"": null, ""target_type"": ""cube""}",红色方块,red cube,red_cube,cube,red,0.4577653615290498,-0.12200011208057973,0.045,8,0.4877653615290498,-0.09200011208057973,0.045,0.0,0.035,0.15,0.4696699141100892,0.8612510213850584,0.421184597103312,1.0,1.0,1.0,0.6973880979307009,False,,data/grasp_success/raw/episode_000047/rgb.png,data/grasp_success/raw/episode_000047/depth.npy,data/grasp_success/raw/episode_000047/object_states.json,data/grasp_success/raw/episode_000047/candidates.json,
episode_000048,47,抓起绿色球,"{""confidence"": 0.8500000000000001, ""intent"": ""pick"", ""language"": ""zh"", ""normalized_target_label_en"": ""green sphere"", ""normalized_target_label_zh"": ""绿色球"", ""raw_instruction"": ""抓起绿色球"", ""target_color"": ""green"", ""target_position_hint"": null, ""target_type"": ""sphere""}",绿色球,green sphere,green_sphere,sphere,green,0.4002488872984882,0.10784830802910944,0.05,4,0.4002488872984882,0.10784830802910944,0.05,0.0,0.025,0.15,1.0,0.8312268596118777,0.95,1.0,1.0,1.0,0.9562453719223756,True,True,data/grasp_success/raw/episode_000048/rgb.png,data/grasp_success/raw/episode_000048/depth.npy,data/grasp_success/raw/episode_000048/object_states.json,data/grasp_success/raw/episode_000048/candidates.json,
episode_000048,47,抓起绿色球,"{""confidence"": 0.8500000000000001, ""intent"": ""pick"", ""language"": ""zh"", ""normalized_target_label_en"": ""green sphere"", ""normalized_target_label_zh"": ""绿色球"", ""raw_instruction"": ""抓起绿色球"", ""target_color"": ""green"", ""target_position_hint"": null, ""target_type"": ""sphere""}",绿色球,green sphere,green_sphere,sphere,green,0.4002488872984882,0.10784830802910944,0.05,5,0.4002488872984882,0.13784830802910944,0.05,0.0,0.025,0.15,0.625,0.8212268596118777,0.44999999999999996,1.0,1.0,1.0,0.7417453719223756,False,,data/grasp_success/raw/episode_000048/rgb.png,data/grasp_success/raw/episode_000048/depth.npy,data/grasp_success/raw/episode_000048/object_states.json,data/grasp_success/raw/episode_000048/candidates.json,
episode_000048,47,抓起绿色球,"{""confidence"": 0.8500000000000001, ""intent"": ""pick"", ""language"": ""zh"", ""normalized_target_label_en"": ""green sphere"", ""normalized_target_label_zh"": ""绿色球"", ""raw_instruction"": ""抓起绿色球"", ""target_color"": ""green"", ""target_position_hint"": null, ""target_type"": ""sphere""}",绿色球,green sphere,green_sphere,sphere,green,0.4002488872984882,0.10784830802910944,0.05,1,0.37024888729848815,0.10784830802910944,0.05,0.0,0.025,0.15,0.6249999999999997,0.818499586884605,0.44999999999999996,1.0,1.0,1.0,0.7411999173769209,False,,data/grasp_success/raw/episode_000048/rgb.png,data/grasp_success/raw/episode_000048/depth.npy,data/grasp_success/raw/episode_000048/object_states.json,data/grasp_success/raw/episode_000048/candidates.json,
episode_000048,47,抓起绿色球,"{""confidence"": 0.8500000000000001, ""intent"": ""pick"", ""language"": ""zh"", ""normalized_target_label_en"": ""green sphere"", ""normalized_target_label_zh"": ""绿色球"", ""raw_instruction"": ""抓起绿色球"", ""target_color"": ""green"", ""target_position_hint"": null, ""target_type"": ""sphere""}",绿色球,green sphere,green_sphere,sphere,green,0.4002488872984882,0.10784830802910944,0.05,3,0.4002488872984882,0.07784830802910944,0.05,0.0,0.025,0.15,0.625,0.8412268596118777,0.4018435356184977,1.0,1.0,1.0,0.7361140790460751,False,,data/grasp_success/raw/episode_000048/rgb.png,data/grasp_success/raw/episode_000048/depth.npy,data/grasp_success/raw/episode_000048/object_states.json,data/grasp_success/raw/episode_000048/candidates.json,
episode_000048,47,抓起绿色球,"{""confidence"": 0.8500000000000001, ""intent"": ""pick"", ""language"": ""zh"", ""normalized_target_label_en"": ""green sphere"", ""normalized_target_label_zh"": ""绿色球"", ""raw_instruction"": ""抓起绿色球"", ""target_color"": ""green"", ""target_position_hint"": null, ""target_type"": ""sphere""}",绿色球,green sphere,green_sphere,sphere,green,0.4002488872984882,0.10784830802910944,0.05,10,0.37024888729848815,0.10784830802910944,0.05,0.7853981633974483,0.025,0.15,0.6249999999999997,0.818499586884605,0.4,1.0,1.0,1.0,0.7311999173769209,False,,data/grasp_success/raw/episode_000048/rgb.png,data/grasp_success/raw/episode_000048/depth.npy,data/grasp_success/raw/episode_000048/object_states.json,data/grasp_success/raw/episode_000048/candidates.json,
episode_000048,47,抓起绿色球,"{""confidence"": 0.8500000000000001, ""intent"": ""pick"", ""language"": ""zh"", ""normalized_target_label_en"": ""green sphere"", ""normalized_target_label_zh"": ""绿色球"", ""raw_instruction"": ""抓起绿色球"", ""target_color"": ""green"", ""target_position_hint"": null, ""target_type"": ""sphere""}",绿色球,green sphere,green_sphere,sphere,green,0.4002488872984882,0.10784830802910944,0.05,7,0.4302488872984882,0.10784830802910944,0.05,0.0,0.025,0.15,0.6249999999999997,0.8439541323391504,0.36088767371377295,1.0,1.0,1.0,0.7284683612105846,False,,data/grasp_success/raw/episode_000048/rgb.png,data/grasp_success/raw/episode_000048/depth.npy,data/grasp_success/raw/episode_000048/object_states.json,data/grasp_success/raw/episode_000048/candidates.json,
episode_000048,47,抓起绿色球,"{""confidence"": 0.8500000000000001, ""intent"": ""pick"", ""language"": ""zh"", ""normalized_target_label_en"": ""green sphere"", ""normalized_target_label_zh"": ""绿色球"", ""raw_instruction"": ""抓起绿色球"", ""target_color"": ""green"", ""target_position_hint"": null, ""target_type"": ""sphere""}",绿色球,green sphere,green_sphere,sphere,green,0.4002488872984882,0.10784830802910944,0.05,8,0.4302488872984882,0.13784830802910944,0.05,0.0,0.025,0.15,0.4696699141100892,0.8339541323391504,0.44999999999999996,1.0,1.0,1.0,0.6976918007008569,False,,data/grasp_success/raw/episode_000048/rgb.png,data/grasp_success/raw/episode_000048/depth.npy,data/grasp_success/raw/episode_000048/object_states.json,data/grasp_success/raw/episode_000048/candidates.json,
episode_000048,47,抓起绿色球,"{""confidence"": 0.8500000000000001, ""intent"": ""pick"", ""language"": ""zh"", ""normalized_target_label_en"": ""green sphere"", ""normalized_target_label_zh"": ""绿色球"", ""raw_instruction"": ""抓起绿色球"", ""target_color"": ""green"", ""target_position_hint"": null, ""target_type"": ""sphere""}",绿色球,green sphere,green_sphere,sphere,green,0.4002488872984882,0.10784830802910944,0.05,0,0.37024888729848815,0.07784830802910944,0.05,0.0,0.025,0.15,0.4696699141100892,0.828499586884605,0.44999999999999996,1.0,1.0,1.0,0.6966008916099478,False,,data/grasp_success/raw/episode_000048/rgb.png,data/grasp_success/raw/episode_000048/depth.npy,data/grasp_success/raw/episode_000048/object_states.json,data/grasp_success/raw/episode_000048/candidates.json,
episode_000049,48,抓起最左边的物体,"{""confidence"": 0.6, ""intent"": ""pick"", ""language"": ""zh"", ""normalized_target_label_en"": ""left"", ""normalized_target_label_zh"": ""左边的物体"", ""raw_instruction"": ""抓起最左边的物体"", ""target_color"": null, ""target_position_hint"": ""left"", ""target_type"": null}",左边的物体,left,green_sphere,sphere,green,0.4087665054955054,0.1038543669453066,0.05,4,0.4087665054955054,0.1038543669453066,0.05,0.0,0.025,0.15,1.0,0.8361717082991527,0.9465566450258793,1.0,1.0,1.0,0.9565456706650064,True,True,data/grasp_success/raw/episode_000049/rgb.png,data/grasp_success/raw/episode_000049/depth.npy,data/grasp_success/raw/episode_000049/object_states.json,data/grasp_success/raw/episode_000049/candidates.json,
episode_000049,48,抓起最左边的物体,"{""confidence"": 0.6, ""intent"": ""pick"", ""language"": ""zh"", ""normalized_target_label_en"": ""left"", ""normalized_target_label_zh"": ""左边的物体"", ""raw_instruction"": ""抓起最左边的物体"", ""target_color"": null, ""target_position_hint"": ""left"", ""target_type"": null}",左边的物体,left,green_sphere,sphere,green,0.4087665054955054,0.1038543669453066,0.05,5,0.4087665054955054,0.1338543669453066,0.05,0.0,0.025,0.15,0.6249999999999998,0.8261717082991527,0.44999999999999996,1.0,1.0,1.0,0.7427343416598304,False,,data/grasp_success/raw/episode_000049/rgb.png,data/grasp_success/raw/episode_000049/depth.npy,data/grasp_success/raw/episode_000049/object_states.json,data/grasp_success/raw/episode_000049/candidates.json,
episode_000049,48,抓起最左边的物体,"{""confidence"": 0.6, ""intent"": ""pick"", ""language"": ""zh"", ""normalized_target_label_en"": ""left"", ""normalized_target_label_zh"": ""左边的物体"", ""raw_instruction"": ""抓起最左边的物体"", ""target_color"": null, ""target_position_hint"": ""left"", ""target_type"": null}",左边的物体,left,green_sphere,sphere,green,0.4087665054955054,0.1038543669453066,0.05,1,0.3787665054955054,0.1038543669453066,0.05,0.0,0.025,0.15,0.6249999999999997,0.82344443557188,0.44999999999999996,1.0,1.0,1.0,0.7421888871143759,False,,data/grasp_success/raw/episode_000049/rgb.png,data/grasp_success/raw/episode_000049/depth.npy,data/grasp_success/raw/episode_000049/object_states.json,data/grasp_success/raw/episode_000049/candidates.json,
episode_000049,48,抓起最左边的物体,"{""confidence"": 0.6, ""intent"": ""pick"", ""language"": ""zh"", ""normalized_target_label_en"": ""left"", ""normalized_target_label_zh"": ""左边的物体"", ""raw_instruction"": ""抓起最左边的物体"", ""target_color"": null, ""target_position_hint"": ""left"", ""target_type"": null}",左边的物体,left,green_sphere,sphere,green,0.4087665054955054,0.1038543669453066,0.05,3,0.4087665054955054,0.0738543669453066,0.05,0.0,0.025,0.15,0.625,0.8461717082991527,0.38236985156242254,1.0,1.0,1.0,0.7332083119723151,False,,data/grasp_success/raw/episode_000049/rgb.png,data/grasp_success/raw/episode_000049/depth.npy,data/grasp_success/raw/episode_000049/object_states.json,data/grasp_success/raw/episode_000049/candidates.json,
episode_000049,48,抓起最左边的物体,"{""confidence"": 0.6, ""intent"": ""pick"", ""language"": ""zh"", ""normalized_target_label_en"": ""left"", ""normalized_target_label_zh"": ""左边的物体"", ""raw_instruction"": ""抓起最左边的物体"", ""target_color"": null, ""target_position_hint"": ""left"", ""target_type"": null}",左边的物体,left,green_sphere,sphere,green,0.4087665054955054,0.1038543669453066,0.05,10,0.3787665054955054,0.1038543669453066,0.05,0.7853981633974483,0.025,0.15,0.6249999999999997,0.82344443557188,0.4,1.0,1.0,1.0,0.7321888871143759,False,,data/grasp_success/raw/episode_000049/rgb.png,data/grasp_success/raw/episode_000049/depth.npy,data/grasp_success/raw/episode_000049/object_states.json,data/grasp_success/raw/episode_000049/candidates.json,
episode_000049,48,抓起最左边的物体,"{""confidence"": 0.6, ""intent"": ""pick"", ""language"": ""zh"", ""normalized_target_label_en"": ""left"", ""normalized_target_label_zh"": ""左边的物体"", ""raw_instruction"": ""抓起最左边的物体"", ""target_color"": null, ""target_position_hint"": ""left"", ""target_type"": null}",左边的物体,left,green_sphere,sphere,green,0.4087665054955054,0.1038543669453066,0.05,7,0.43876650549550544,0.1038543669453066,0.05,0.0,0.025,0.15,0.6249999999999997,0.8488989810264254,0.3401047445813312,1.0,1.0,1.0,0.7253007451215512,False,,data/grasp_success/raw/episode_000049/rgb.png,data/grasp_success/raw/episode_000049/depth.npy,data/grasp_success/raw/episode_000049/object_states.json,data/grasp_success/raw/episode_000049/candidates.json,
episode_000049,48,抓起最左边的物体,"{""confidence"": 0.6, ""intent"": ""pick"", ""language"": ""zh"", ""normalized_target_label_en"": ""left"", ""normalized_target_label_zh"": ""左边的物体"", ""raw_instruction"": ""抓起最左边的物体"", ""target_color"": null, ""target_position_hint"": ""left"", ""target_type"": null}",左边的物体,left,green_sphere,sphere,green,0.4087665054955054,0.1038543669453066,0.05,0,0.3787665054955054,0.0738543669453066,0.05,0.0,0.025,0.15,0.4696699141100892,0.8334444355718799,0.44999999999999996,1.0,1.0,1.0,0.6975898613474028,False,,data/grasp_success/raw/episode_000049/rgb.png,data/grasp_success/raw/episode_000049/depth.npy,data/grasp_success/raw/episode_000049/object_states.json,data/grasp_success/raw/episode_000049/candidates.json,
episode_000049,48,抓起最左边的物体,"{""confidence"": 0.6, ""intent"": ""pick"", ""language"": ""zh"", ""normalized_target_label_en"": ""left"", ""normalized_target_label_zh"": ""左边的物体"", ""raw_instruction"": ""抓起最左边的物体"", ""target_color"": null, ""target_position_hint"": ""left"", ""target_type"": null}",左边的物体,left,green_sphere,sphere,green,0.4087665054955054,0.1038543669453066,0.05,8,0.43876650549550544,0.1338543669453066,0.05,0.0,0.025,0.15,0.46966991411008896,0.8388989810264253,0.43908991658381613,1.0,1.0,1.0,0.696498753755075,False,,data/grasp_success/raw/episode_000049/rgb.png,data/grasp_success/raw/episode_000049/depth.npy,data/grasp_success/raw/episode_000049/object_states.json,data/grasp_success/raw/episode_000049/candidates.json,
episode_000050,49,抓起红色方块,"{""confidence"": 0.8500000000000001, ""intent"": ""pick"", ""language"": ""zh"", ""normalized_target_label_en"": ""red cube"", ""normalized_target_label_zh"": ""红色方块"", ""raw_instruction"": ""抓起红色方块"", ""target_color"": ""red"", ""target_position_hint"": null, ""target_type"": ""cube""}",红色方块,red cube,red_cube,cube,red,0.44133767952685504,-0.12173514367143481,0.045,4,0.44133767952685504,-0.12173514367143481,0.045,0.0,0.035,0.15,1.0,0.8424739676663693,0.95,1.0,1.0,1.0,0.9584947935332739,True,False,data/grasp_success/raw/episode_000050/rgb.png,data/grasp_success/raw/episode_000050/depth.npy,data/grasp_success/raw/episode_000050/object_states.json,data/grasp_success/raw/episode_000050/candidates.json,
episode_000050,49,抓起红色方块,"{""confidence"": 0.8500000000000001, ""intent"": ""pick"", ""language"": ""zh"", ""normalized_target_label_en"": ""red cube"", ""normalized_target_label_zh"": ""红色方块"", ""raw_instruction"": ""抓起红色方块"", ""target_color"": ""red"", ""target_position_hint"": null, ""target_type"": ""cube""}",红色方块,red cube,red_cube,cube,red,0.44133767952685504,-0.12173514367143481,0.045,7,0.471337679526855,-0.12173514367143481,0.045,0.0,0.035,0.15,0.6250000000000004,0.855201240393642,0.44999999999999996,1.0,1.0,1.0,0.7485402480787285,False,,data/grasp_success/raw/episode_000050/rgb.png,data/grasp_success/raw/episode_000050/depth.npy,data/grasp_success/raw/episode_000050/object_states.json,data/grasp_success/raw/episode_000050/candidates.json,
episode_000050,49,抓起红色方块,"{""confidence"": 0.8500000000000001, ""intent"": ""pick"", ""language"": ""zh"", ""normalized_target_label_en"": ""red cube"", ""normalized_target_label_zh"": ""红色方块"", ""raw_instruction"": ""抓起红色方块"", ""target_color"": ""red"", ""target_position_hint"": null, ""target_type"": ""cube""}",红色方块,red cube,red_cube,cube,red,0.44133767952685504,-0.12173514367143481,0.045,5,0.44133767952685504,-0.09173514367143482,0.045,0.0,0.035,0.15,0.625,0.8524739676663693,0.44999999999999996,1.0,1.0,1.0,0.7479947935332739,False,,data/grasp_success/raw/episode_000050/rgb.png,data/grasp_success/raw/episode_000050/depth.npy,data/grasp_success/raw/episode_000050/object_states.json,data/grasp_success/raw/episode_000050/candidates.json,
episode_000050,49,抓起红色方块,"{""confidence"": 0.8500000000000001, ""intent"": ""pick"", ""language"": ""zh"", ""normalized_target_label_en"": ""red cube"", ""normalized_target_label_zh"": ""红色方块"", ""raw_instruction"": ""抓起红色方块"", ""target_color"": ""red"", ""target_position_hint"": null, ""target_type"": ""cube""}",红色方块,red cube,red_cube,cube,red,0.44133767952685504,-0.12173514367143481,0.045,3,0.44133767952685504,-0.1517351436714348,0.045,0.0,0.035,0.15,0.625,0.8324739676663694,0.44999999999999996,1.0,1.0,1.0,0.7439947935332739,False,,data/grasp_success/raw/episode_000050/rgb.png,data/grasp_success/raw/episode_000050/depth.npy,data/grasp_success/raw/episode_000050/object_states.json,data/grasp_success/raw/episode_000050/candidates.json,
episode_000050,49,抓起红色方块,"{""confidence"": 0.8500000000000001, ""intent"": ""pick"", ""language"": ""zh"", ""normalized_target_label_en"": ""red cube"", ""normalized_target_label_zh"": ""红色方块"", ""raw_instruction"": ""抓起红色方块"", ""target_color"": ""red"", ""target_position_hint"": null, ""target_type"": ""cube""}",红色方块,red cube,red_cube,cube,red,0.44133767952685504,-0.12173514367143481,0.045,1,0.41133767952685507,-0.12173514367143481,0.045,0.0,0.035,0.15,0.6250000000000004,0.8297466949390966,0.44999999999999996,1.0,1.0,1.0,0.7434493389878195,False,,data/grasp_success/raw/episode_000050/rgb.png,data/grasp_success/raw/episode_000050/depth.npy,data/grasp_success/raw/episode_000050/object_states.json,data/grasp_success/raw/episode_000050/candidates.json,
episode_000050,49,抓起红色方块,"{""confidence"": 0.8500000000000001, ""intent"": ""pick"", ""language"": ""zh"", ""normalized_target_label_en"": ""red cube"", ""normalized_target_label_zh"": ""红色方块"", ""raw_instruction"": ""抓起红色方块"", ""target_color"": ""red"", ""target_position_hint"": null, ""target_type"": ""cube""}",红色方块,red cube,red_cube,cube,red,0.44133767952685504,-0.12173514367143481,0.045,6,0.471337679526855,-0.1517351436714348,0.045,0.0,0.035,0.15,0.4696699141100896,0.8452012403936421,0.44999999999999996,1.0,1.0,1.0,0.6999412223117554,False,,data/grasp_success/raw/episode_000050/rgb.png,data/grasp_success/raw/episode_000050/depth.npy,data/grasp_success/raw/episode_000050/object_states.json,data/grasp_success/raw/episode_000050/candidates.json,
episode_000050,49,抓起红色方块,"{""confidence"": 0.8500000000000001, ""intent"": ""pick"", ""language"": ""zh"", ""normalized_target_label_en"": ""red cube"", ""normalized_target_label_zh"": ""红色方块"", ""raw_instruction"": ""抓起红色方块"", ""target_color"": ""red"", ""target_position_hint"": null, ""target_type"": ""cube""}",红色方块,red cube,red_cube,cube,red,0.44133767952685504,-0.12173514367143481,0.045,2,0.41133767952685507,-0.09173514367143482,0.045,0.0,0.035,0.15,0.4696699141100896,0.8397466949390966,0.44999999999999996,1.0,1.0,1.0,0.6988503132208462,False,,data/grasp_success/raw/episode_000050/rgb.png,data/grasp_success/raw/episode_000050/depth.npy,data/grasp_success/raw/episode_000050/object_states.json,data/grasp_success/raw/episode_000050/candidates.json,
episode_000050,49,抓起红色方块,"{""confidence"": 0.8500000000000001, ""intent"": ""pick"", ""language"": ""zh"", ""normalized_target_label_en"": ""red cube"", ""normalized_target_label_zh"": ""红色方块"", ""raw_instruction"": ""抓起红色方块"", ""target_color"": ""red"", ""target_position_hint"": null, ""target_type"": ""cube""}",红色方块,red cube,red_cube,cube,red,0.44133767952685504,-0.12173514367143481,0.045,8,0.471337679526855,-0.09173514367143482,0.045,0.0,0.035,0.15,0.4696699141100896,0.865201240393642,0.41941379375580023,1.0,1.0,1.0,0.6978239810629154,False,,data/grasp_success/raw/episode_000050/rgb.png,data/grasp_success/raw/episode_000050/depth.npy,data/grasp_success/raw/episode_000050/object_states.json,data/grasp_success/raw/episode_000050/candidates.json,
episode_000051,50,抓起中间的物体,"{""confidence"": 0.6, ""intent"": ""pick"", ""language"": ""zh"", ""normalized_target_label_en"": ""center"", ""normalized_target_label_zh"": ""中间的物体"", ""raw_instruction"": ""抓起中间的物体"", ""target_color"": null, ""target_position_hint"": ""center"", ""target_type"": null}",中间的物体,center,blue_cylinder,cylinder,blue,0.5227482232288738,0.024849595083675253,0.07,4,0.5227482232288738,0.024849595083675253,0.07,0.0,0.025,0.15,1.0,0.8765710907740002,0.95,1.0,1.0,1.0,0.9653142181548,True,True,data/grasp_success/raw/episode_000051/rgb.png,data/grasp_success/raw/episode_000051/depth.npy,data/grasp_success/raw/episode_000051/object_states.json,data/grasp_success/raw/episode_000051/candidates.json,
episode_000051,50,抓起中间的物体,"{""confidence"": 0.6, ""intent"": ""pick"", ""language"": ""zh"", ""normalized_target_label_en"": ""center"", ""normalized_target_label_zh"": ""中间的物体"", ""raw_instruction"": ""抓起中间的物体"", ""target_color"": null, ""target_position_hint"": ""center"", ""target_type"": null}",中间的物体,center,blue_cylinder,cylinder,blue,0.5227482232288738,0.024849595083675253,0.07,1,0.4927482232288738,0.024849595083675253,0.07,0.0,0.025,0.15,0.6249999999999997,0.8892983635012729,0.44999999999999996,1.0,1.0,1.0,0.7553596727002545,False,,data/grasp_success/raw/episode_000051/rgb.png,data/grasp_success/raw/episode_000051/depth.npy,data/grasp_success/raw/episode_000051/object_states.json,data/grasp_success/raw/episode_000051/candidates.json,
episode_000051,50,抓起中间的物体,"{""confidence"": 0.6, ""intent"": ""pick"", ""language"": ""zh"", ""normalized_target_label_en"": ""center"", ""normalized_target_label_zh"": ""中间的物体"", ""raw_instruction"": ""抓起中间的物体"", ""target_color"": null, ""target_position_hint"": ""center"", ""target_type"": null}",中间的物体,center,blue_cylinder,cylinder,blue,0.5227482232288738,0.024849595083675253,0.07,3,0.5227482232288738,-0.005150404916324746,0.07,0.0,0.025,0.15,0.625,0.8831374874964504,0.44999999999999996,1.0,1.0,1.0,0.7541274974992901,False,,data/grasp_success/raw/episode_000051/rgb.png,data/grasp_success/raw/episode_000051/depth.npy,data/grasp_success/raw/episode_000051/object_states.json,data/grasp_success/raw/episode_000051/candidates.json,
episode_000051,50,抓起中间的物体,"{""confidence"": 0.6, ""intent"": ""pick"", ""language"": ""zh"", ""normalized_target_label_en"": ""center"", ""normalized_target_label_zh"": ""中间的物体"", ""raw_instruction"": ""抓起中间的物体"", ""target_color"": null, ""target_position_hint"": ""center"", ""target_type"": null}",中间的物体,center,blue_cylinder,cylinder,blue,0.5227482232288738,0.024849595083675253,0.07,5,0.5227482232288738,0.05484959508367525,0.07,0.0,0.025,0.15,0.625,0.8665710907740002,0.44999999999999996,1.0,1.0,1.0,0.7508142181548001,False,,data/grasp_success/raw/episode_000051/rgb.png,data/grasp_success/raw/episode_000051/depth.npy,data/grasp_success/raw/episode_000051/object_states.json,data/grasp_success/raw/episode_000051/candidates.json,
episode_000051,50,抓起中间的物体,"{""confidence"": 0.6, ""intent"": ""pick"", ""language"": ""zh"", ""normalized_target_label_en"": ""center"", ""normalized_target_label_zh"": ""中间的物体"", ""raw_instruction"": ""抓起中间的物体"", ""target_color"": null, ""target_position_hint"": ""center"", ""target_type"": null}",中间的物体,center,blue_cylinder,cylinder,blue,0.5227482232288738,0.024849595083675253,0.07,7,0.5527482232288738,0.024849595083675253,0.07,0.0,0.025,0.15,0.6249999999999997,0.8638438180467274,0.44999999999999996,1.0,1.0,1.0,0.7502687636093454,False,,data/grasp_success/raw/episode_000051/rgb.png,data/grasp_success/raw/episode_000051/depth.npy,data/grasp_success/raw/episode_000051/object_states.json,data/grasp_success/raw/episode_000051/candidates.json,
episode_000051,50,抓起中间的物体,"{""confidence"": 0.6, ""intent"": ""pick"", ""language"": ""zh"", ""normalized_target_label_en"": ""center"", ""normalized_target_label_zh"": ""中间的物体"", ""raw_instruction"": ""抓起中间的物体"", ""target_color"": null, ""target_position_hint"": ""center"", ""target_type"": null}",中间的物体,center,blue_cylinder,cylinder,blue,0.5227482232288738,0.024849595083675253,0.07,10,0.4927482232288738,0.024849595083675253,0.07,0.7853981633974483,0.025,0.15,0.6249999999999997,0.8892983635012729,0.4,1.0,1.0,1.0,0.7453596727002545,False,,data/grasp_success/raw/episode_000051/rgb.png,data/grasp_success/raw/episode_000051/depth.npy,data/grasp_success/raw/episode_000051/object_states.json,data/grasp_success/raw/episode_000051/candidates.json,
episode_000051,50,抓起中间的物体,"{""confidence"": 0.6, ""intent"": ""pick"", ""language"": ""zh"", ""normalized_target_label_en"": ""center"", ""normalized_target_label_zh"": ""中间的物体"", ""raw_instruction"": ""抓起中间的物体"", ""target_color"": null, ""target_position_hint"": ""center"", ""target_type"": null}",中间的物体,center,blue_cylinder,cylinder,blue,0.5227482232288738,0.024849595083675253,0.07,0,0.4927482232288738,-0.005150404916324746,0.07,0.0,0.025,0.15,0.4696699141100892,0.8958647602237231,0.44999999999999996,1.0,1.0,1.0,0.7100739262777714,False,,data/grasp_success/raw/episode_000051/rgb.png,data/grasp_success/raw/episode_000051/depth.npy,data/grasp_success/raw/episode_000051/object_states.json,data/grasp_success/raw/episode_000051/candidates.json,
episode_000051,50,抓起中间的物体,"{""confidence"": 0.6, ""intent"": ""pick"", ""language"": ""zh"", ""normalized_target_label_en"": ""center"", ""normalized_target_label_zh"": ""中间的物体"", ""raw_instruction"": ""抓起中间的物体"", ""target_color"": null, ""target_position_hint"": ""center"", ""target_type"": null}",中间的物体,center,blue_cylinder,cylinder,blue,0.5227482232288738,0.024849595083675253,0.07,6,0.5527482232288738,-0.005150404916324746,0.07,0.0,0.025,0.15,0.4696699141100892,0.8704102147691776,0.44999999999999996,1.0,1.0,1.0,0.7049830171868623,False,,data/grasp_success/raw/episode_000051/rgb.png,data/grasp_success/raw/episode_000051/depth.npy,data/grasp_success/raw/episode_000051/object_states.json,data/grasp_success/raw/episode_000051/candidates.json,
episode_000052,51,抓起蓝色圆柱,"{""confidence"": 0.8500000000000001, ""intent"": ""pick"", ""language"": ""zh"", ""normalized_target_label_en"": ""blue cylinder"", ""normalized_target_label_zh"": ""蓝色圆柱"", ""raw_instruction"": ""抓起蓝色圆柱"", ""target_color"": ""blue"", ""target_position_hint"": null, ""target_type"": ""cylinder""}",蓝色圆柱,blue cylinder,blue_cylinder,cylinder,blue,0.5132387502858161,0.036424444316865624,0.07,4,0.5132387502858161,0.036424444316865624,0.07,0.0,0.025,0.15,1.0,0.8767471295509006,0.95,1.0,1.0,1.0,0.9653494259101802,True,True,data/grasp_success/raw/episode_000052/rgb.png,data/grasp_success/raw/episode_000052/depth.npy,data/grasp_success/raw/episode_000052/object_states.json,data/grasp_success/raw/episode_000052/candidates.json,
episode_000052,51,抓起蓝色圆柱,"{""confidence"": 0.8500000000000001, ""intent"": ""pick"", ""language"": ""zh"", ""normalized_target_label_en"": ""blue cylinder"", ""normalized_target_label_zh"": ""蓝色圆柱"", ""raw_instruction"": ""抓起蓝色圆柱"", ""target_color"": ""blue"", ""target_position_hint"": null, ""target_type"": ""cylinder""}",蓝色圆柱,blue cylinder,blue_cylinder,cylinder,blue,0.5132387502858161,0.036424444316865624,0.07,3,0.5132387502858161,0.006424444316865625,0.07,0.0,0.025,0.15,0.625,0.8867471295509006,0.44999999999999996,1.0,1.0,1.0,0.7548494259101801,False,,data/grasp_success/raw/episode_000052/rgb.png,data/grasp_success/raw/episode_000052/depth.npy,data/grasp_success/raw/episode_000052/object_states.json,data/grasp_success/raw/episode_000052/candidates.json,
episode_000052,51,抓起蓝色圆柱,"{""confidence"": 0.8500000000000001, ""intent"": ""pick"", ""language"": ""zh"", ""normalized_target_label_en"": ""blue cylinder"", ""normalized_target_label_zh"": ""蓝色圆柱"", ""raw_instruction"": ""抓起蓝色圆柱"", ""target_color"": ""blue"", ""target_position_hint"": null, ""target_type"": ""cylinder""}",蓝色圆柱,blue cylinder,blue_cylinder,cylinder,blue,0.5132387502858161,0.036424444316865624,0.07,7,0.5432387502858161,0.036424444316865624,0.07,0.0,0.025,0.15,0.6249999999999997,0.8640198568236279,0.44999999999999996,1.0,1.0,1.0,0.7503039713647255,False,,data/grasp_success/raw/episode_000052/rgb.png,data/grasp_success/raw/episode_000052/depth.npy,data/grasp_success/raw/episode_000052/object_states.json,data/grasp_success/raw/episode_000052/candidates.json,
episode_000052,51,抓起蓝色圆柱,"{""confidence"": 0.8500000000000001, ""intent"": ""pick"", ""language"": ""zh"", ""normalized_target_label_en"": ""blue cylinder"", ""normalized_target_label_zh"": ""蓝色圆柱"", ""raw_instruction"": ""抓起蓝色圆柱"", ""target_color"": ""blue"", ""target_position_hint"": null, ""target_type"": ""cylinder""}",蓝色圆柱,blue cylinder,blue_cylinder,cylinder,blue,0.5132387502858161,0.036424444316865624,0.07,5,0.5132387502858161,0.06642444431686562,0.07,0.0,0.025,0.15,0.6250000000000001,0.8667471295509006,0.4352699769751829,1.0,1.0,1.0,0.7479034213052168,False,,data/grasp_success/raw/episode_000052/rgb.png,data/grasp_success/raw/episode_000052/depth.npy,data/grasp_success/raw/episode_000052/object_states.json,data/grasp_success/raw/episode_000052/candidates.json,
episode_000052,51,抓起蓝色圆柱,"{""confidence"": 0.8500000000000001, ""intent"": ""pick"", ""language"": ""zh"", ""normalized_target_label_en"": ""blue cylinder"", ""normalized_target_label_zh"": ""蓝色圆柱"", ""raw_instruction"": ""抓起蓝色圆柱"", ""target_color"": ""blue"", ""target_position_hint"": null, ""target_type"": ""cylinder""}",蓝色圆柱,blue cylinder,blue_cylinder,cylinder,blue,0.5132387502858161,0.036424444316865624,0.07,1,0.4832387502858161,0.036424444316865624,0.07,0.0,0.025,0.15,0.6249999999999997,0.8894744022781733,0.38630764364155135,1.0,1.0,1.0,0.7426564091839448,False,,data/grasp_success/raw/episode_000052/rgb.png,data/grasp_success/raw/episode_000052/depth.npy,data/grasp_success/raw/episode_000052/object_states.json,data/grasp_success/raw/episode_000052/candidates.json,
episode_000052,51,抓起蓝色圆柱,"{""confidence"": 0.8500000000000001, ""intent"": ""pick"", ""language"": ""zh"", ""normalized_target_label_en"": ""blue cylinder"", ""normalized_target_label_zh"": ""蓝色圆柱"", ""raw_instruction"": ""抓起蓝色圆柱"", ""target_color"": ""blue"", ""target_position_hint"": null, ""target_type"": ""cylinder""}",蓝色圆柱,blue cylinder,blue_cylinder,cylinder,blue,0.5132387502858161,0.036424444316865624,0.07,10,0.4832387502858161,0.036424444316865624,0.07,0.7853981633974483,0.025,0.15,0.6249999999999997,0.8894744022781733,0.3363076436415514,1.0,1.0,1.0,0.7326564091839449,False,,data/grasp_success/raw/episode_000052/rgb.png,data/grasp_success/raw/episode_000052/depth.npy,data/grasp_success/raw/episode_000052/object_states.json,data/grasp_success/raw/episode_000052/candidates.json,
episode_000052,51,抓起蓝色圆柱,"{""confidence"": 0.8500000000000001, ""intent"": ""pick"", ""language"": ""zh"", ""normalized_target_label_en"": ""blue cylinder"", ""normalized_target_label_zh"": ""蓝色圆柱"", ""raw_instruction"": ""抓起蓝色圆柱"", ""target_color"": ""blue"", ""target_position_hint"": null, ""target_type"": ""cylinder""}",蓝色圆柱,blue cylinder,blue_cylinder,cylinder,blue,0.5132387502858161,0.036424444316865624,0.07,0,0.4832387502858161,0.006424444316865625,0.07,0.0,0.025,0.15,0.4696699141100892,0.8994744022781733,0.44999999999999996,1.0,1.0,1.0,0.7107958546886615,False,,data/grasp_success/raw/episode_000052/rgb.png,data/grasp_success/raw/episode_000052/depth.npy,data/grasp_success/raw/episode_000052/object_states.json,data/grasp_success/raw/episode_000052/candidates.json,
episode_000052,51,抓起蓝色圆柱,"{""confidence"": 0.8500000000000001, ""intent"": ""pick"", ""language"": ""zh"", ""normalized_target_label_en"": ""blue cylinder"", ""normalized_target_label_zh"": ""蓝色圆柱"", ""raw_instruction"": ""抓起蓝色圆柱"", ""target_color"": ""blue"", ""target_position_hint"": null, ""target_type"": ""cylinder""}",蓝色圆柱,blue cylinder,blue_cylinder,cylinder,blue,0.5132387502858161,0.036424444316865624,0.07,6,0.5432387502858161,0.006424444316865625,0.07,0.0,0.025,0.15,0.4696699141100892,0.8740198568236278,0.44999999999999996,1.0,1.0,1.0,0.7057049455977523,False,,data/grasp_success/raw/episode_000052/rgb.png,data/grasp_success/raw/episode_000052/depth.npy,data/grasp_success/raw/episode_000052/object_states.json,data/grasp_success/raw/episode_000052/candidates.json,
episode_000053,52,抓起绿色球,"{""confidence"": 0.8500000000000001, ""intent"": ""pick"", ""language"": ""zh"", ""normalized_target_label_en"": ""green sphere"", ""normalized_target_label_zh"": ""绿色球"", ""raw_instruction"": ""抓起绿色球"", ""target_color"": ""green"", ""target_position_hint"": null, ""target_type"": ""sphere""}",绿色球,green sphere,green_sphere,sphere,green,0.40883446490332814,0.10813708976418585,0.05,4,0.40883446490332814,0.10813708976418585,0.05,0.0,0.025,0.15,1.0,0.8347729652901177,0.9489951610325615,1.0,1.0,1.0,0.9567536252645359,True,True,data/grasp_success/raw/episode_000053/rgb.png,data/grasp_success/raw/episode_000053/depth.npy,data/grasp_success/raw/episode_000053/object_states.json,data/grasp_success/raw/episode_000053/candidates.json,
episode_000053,52,抓起绿色球,"{""confidence"": 0.8500000000000001, ""intent"": ""pick"", ""language"": ""zh"", ""normalized_target_label_en"": ""green sphere"", ""normalized_target_label_zh"": ""绿色球"", ""raw_instruction"": ""抓起绿色球"", ""target_color"": ""green"", ""target_position_hint"": null, ""target_type"": ""sphere""}",绿色球,green sphere,green_sphere,sphere,green,0.40883446490332814,0.10813708976418585,0.05,5,0.40883446490332814,0.13813708976418584,0.05,0.0,0.025,0.15,0.625,0.8247729652901177,0.44999999999999996,1.0,1.0,1.0,0.7424545930580235,False,,data/grasp_success/raw/episode_000053/rgb.png,data/grasp_success/raw/episode_000053/depth.npy,data/grasp_success/raw/episode_000053/object_states.json,data/grasp_success/raw/episode_000053/candidates.json,
episode_000053,52,抓起绿色球,"{""confidence"": 0.8500000000000001, ""intent"": ""pick"", ""language"": ""zh"", ""normalized_target_label_en"": ""green sphere"", ""normalized_target_label_zh"": ""绿色球"", ""raw_instruction"": ""抓起绿色球"", ""target_color"": ""green"", ""target_position_hint"": null, ""target_type"": ""sphere""}",绿色球,green sphere,green_sphere,sphere,green,0.40883446490332814,0.10813708976418585,0.05,1,0.37883446490332817,0.10813708976418585,0.05,0.0,0.025,0.15,0.6250000000000004,0.822045692562845,0.44999999999999996,1.0,1.0,1.0,0.7419091385125691,False,,data/grasp_success/raw/episode_000053/rgb.png,data/grasp_success/raw/episode_000053/depth.npy,data/grasp_success/raw/episode_000053/object_states.json,data/grasp_success/raw/episode_000053/candidates.json,
episode_000053,52,抓起绿色球,"{""confidence"": 0.8500000000000001, ""intent"": ""pick"", ""language"": ""zh"", ""normalized_target_label_en"": ""green sphere"", ""normalized_target_label_zh"": ""绿色球"", ""raw_instruction"": ""抓起绿色球"", ""target_color"": ""green"", ""target_position_hint"": null, ""target_type"": ""sphere""}",绿色球,green sphere,green_sphere,sphere,green,0.40883446490332814,0.10813708976418585,0.05,3,0.40883446490332814,0.07813708976418585,0.05,0.0,0.025,0.15,0.625,0.8447729652901177,0.38438567389833367,1.0,1.0,1.0,0.7333317278376903,False,,data/grasp_success/raw/episode_000053/rgb.png,data/grasp_success/raw/episode_000053/depth.npy,data/grasp_success/raw/episode_000053/object_states.json,data/grasp_success/raw/episode_000053/candidates.json,
episode_000053,52,抓起绿色球,"{""confidence"": 0.8500000000000001, ""intent"": ""pick"", ""language"": ""zh"", ""normalized_target_label_en"": ""green sphere"", ""normalized_target_label_zh"": ""绿色球"", ""raw_instruction"": ""抓起绿色球"", ""target_color"": ""green"", ""target_position_hint"": null, ""target_type"": ""sphere""}",绿色球,green sphere,green_sphere,sphere,green,0.40883446490332814,0.10813708976418585,0.05,10,0.37883446490332817,0.10813708976418585,0.05,0.7853981633974483,0.025,0.15,0.6250000000000004,0.822045692562845,0.4,1.0,1.0,1.0,0.7319091385125691,False,,data/grasp_success/raw/episode_000053/rgb.png,data/grasp_success/raw/episode_000053/depth.npy,data/grasp_success/raw/episode_000053/object_states.json,data/grasp_success/raw/episode_000053/candidates.json,
episode_000053,52,抓起绿色球,"{""confidence"": 0.8500000000000001, ""intent"": ""pick"", ""language"": ""zh"", ""normalized_target_label_en"": ""green sphere"", ""normalized_target_label_zh"": ""绿色球"", ""raw_instruction"": ""抓起绿色球"", ""target_color"": ""green"", ""target_position_hint"": null, ""target_type"": ""sphere""}",绿色球,green sphere,green_sphere,sphere,green,0.40883446490332814,0.10813708976418585,0.05,7,0.4388344649033281,0.10813708976418585,0.05,0.0,0.025,0.15,0.6250000000000004,0.8475002380173904,0.34279078763438986,1.0,1.0,1.0,0.7255582051303563,False,,data/grasp_success/raw/episode_000053/rgb.png,data/grasp_success/raw/episode_000053/depth.npy,data/grasp_success/raw/episode_000053/object_states.json,data/grasp_success/raw/episode_000053/candidates.json,
episode_000053,52,抓起绿色球,"{""confidence"": 0.8500000000000001, ""intent"": ""pick"", ""language"": ""zh"", ""normalized_target_label_en"": ""green sphere"", ""normalized_target_label_zh"": ""绿色球"", ""raw_instruction"": ""抓起绿色球"", ""target_color"": ""green"", ""target_position_hint"": null, ""target_type"": ""sphere""}",绿色球,green sphere,green_sphere,sphere,green,0.40883446490332814,0.10813708976418585,0.05,0,0.37883446490332817,0.07813708976418585,0.05,0.0,0.025,0.15,0.4696699141100896,0.832045692562845,0.44999999999999996,1.0,1.0,1.0,0.697310112745596,False,,data/grasp_success/raw/episode_000053/rgb.png,data/grasp_success/raw/episode_000053/depth.npy,data/grasp_success/raw/episode_000053/object_states.json,data/grasp_success/raw/episode_000053/candidates.json,
episode_000053,52,抓起绿色球,"{""confidence"": 0.8500000000000001, ""intent"": ""pick"", ""language"": ""zh"", ""normalized_target_label_en"": ""green sphere"", ""normalized_target_label_zh"": ""绿色球"", ""raw_instruction"": ""抓起绿色球"", ""target_color"": ""green"", ""target_position_hint"": null, ""target_type"": ""sphere""}",绿色球,green sphere,green_sphere,sphere,green,0.40883446490332814,0.10813708976418585,0.05,8,0.4388344649033281,0.13813708976418584,0.05,0.0,0.025,0.15,0.4696699141100896,0.8375002380173904,0.4419838674242986,1.0,1.0,1.0,0.6967977953213648,False,,data/grasp_success/raw/episode_000053/rgb.png,data/grasp_success/raw/episode_000053/depth.npy,data/grasp_success/raw/episode_000053/object_states.json,data/grasp_success/raw/episode_000053/candidates.json,
episode_000054,53,抓起最左边的物体,"{""confidence"": 0.6, ""intent"": ""pick"", ""language"": ""zh"", ""normalized_target_label_en"": ""left"", ""normalized_target_label_zh"": ""左边的物体"", ""raw_instruction"": ""抓起最左边的物体"", ""target_color"": null, ""target_position_hint"": ""left"", ""target_type"": null}",左边的物体,left,green_sphere,sphere,green,0.4087396260675647,0.11041119655381229,0.05,4,0.4087396260675647,0.11041119655381229,0.05,0.0,0.025,0.15,1.0,0.833974695035979,0.9235679944799021,1.0,1.0,1.0,0.9515085379031762,True,True,data/grasp_success/raw/episode_000054/rgb.png,data/grasp_success/raw/episode_000054/depth.npy,data/grasp_success/raw/episode_000054/object_states.json,data/grasp_success/raw/episode_000054/candidates.json,
episode_000054,53,抓起最左边的物体,"{""confidence"": 0.6, ""intent"": ""pick"", ""language"": ""zh"", ""normalized_target_label_en"": ""left"", ""normalized_target_label_zh"": ""左边的物体"", ""raw_instruction"": ""抓起最左边的物体"", ""target_color"": null, ""target_position_hint"": ""left"", ""target_type"": null}",左边的物体,left,green_sphere,sphere,green,0.4087396260675647,0.11041119655381229,0.05,5,0.4087396260675647,0.1404111965538123,0.05,0.0,0.025,0.15,0.625,0.823974695035979,0.44999999999999996,1.0,1.0,1.0,0.7422949390071958,False,,data/grasp_success/raw/episode_000054/rgb.png,data/grasp_success/raw/episode_000054/depth.npy,data/grasp_success/raw/episode_000054/object_states.json,data/grasp_success/raw/episode_000054/candidates.json,
episode_000054,53,抓起最左边的物体,"{""confidence"": 0.6, ""intent"": ""pick"", ""language"": ""zh"", ""normalized_target_label_en"": ""left"", ""normalized_target_label_zh"": ""左边的物体"", ""raw_instruction"": ""抓起最左边的物体"", ""target_color"": null, ""target_position_hint"": ""left"", ""target_type"": null}",左边的物体,left,green_sphere,sphere,green,0.4087396260675647,0.11041119655381229,0.05,1,0.3787396260675647,0.11041119655381229,0.05,0.0,0.025,0.15,0.6250000000000004,0.8212474223087062,0.44999999999999996,1.0,1.0,1.0,0.7417494844617414,False,,data/grasp_success/raw/episode_000054/rgb.png,data/grasp_success/raw/episode_000054/depth.npy,data/grasp_success/raw/episode_000054/object_states.json,data/grasp_success/raw/episode_000054/candidates.json,
episode_000054,53,抓起最左边的物体,"{""confidence"": 0.6, ""intent"": ""pick"", ""language"": ""zh"", ""normalized_target_label_en"": ""left"", ""normalized_target_label_zh"": ""左边的物体"", ""raw_instruction"": ""抓起最左边的物体"", ""target_color"": null, ""target_position_hint"": ""left"", ""target_type"": null}",左边的物体,left,green_sphere,sphere,green,0.4087396260675647,0.11041119655381229,0.05,10,0.3787396260675647,0.11041119655381229,0.05,0.7853981633974483,0.025,0.15,0.6250000000000004,0.8212474223087062,0.4,1.0,1.0,1.0,0.7317494844617414,False,,data/grasp_success/raw/episode_000054/rgb.png,data/grasp_success/raw/episode_000054/depth.npy,data/grasp_success/raw/episode_000054/object_states.json,data/grasp_success/raw/episode_000054/candidates.json,
episode_000054,53,抓起最左边的物体,"{""confidence"": 0.6, ""intent"": ""pick"", ""language"": ""zh"", ""normalized_target_label_en"": ""left"", ""normalized_target_label_zh"": ""左边的物体"", ""raw_instruction"": ""抓起最左边的物体"", ""target_color"": null, ""target_position_hint"": ""left"", ""target_type"": null}",左边的物体,left,green_sphere,sphere,green,0.4087396260675647,0.11041119655381229,0.05,3,0.4087396260675647,0.08041119655381229,0.05,0.0,0.025,0.15,0.625,0.8439746950359789,0.35847642083826814,1.0,1.0,1.0,0.7279902231748494,False,,data/grasp_success/raw/episode_000054/rgb.png,data/grasp_success/raw/episode_000054/depth.npy,data/grasp_success/raw/episode_000054/object_states.json,data/grasp_success/raw/episode_000054/candidates.json,
episode_000054,53,抓起最左边的物体,"{""confidence"": 0.6, ""intent"": ""pick"", ""language"": ""zh"", ""normalized_target_label_en"": ""left"", ""normalized_target_label_zh"": ""左边的物体"", ""raw_instruction"": ""抓起最左边的物体"", ""target_color"": null, ""target_position_hint"": ""left"", ""target_type"": null}",左边的物体,left,green_sphere,sphere,green,0.4087396260675647,0.11041119655381229,0.05,7,0.43873962606756467,0.11041119655381229,0.05,0.0,0.025,0.15,0.6250000000000004,0.8467019677632517,0.31839274692910424,1.0,1.0,1.0,0.7205189429384714,False,,data/grasp_success/raw/episode_000054/rgb.png,data/grasp_success/raw/episode_000054/depth.npy,data/grasp_success/raw/episode_000054/object_states.json,data/grasp_success/raw/episode_000054/candidates.json,
episode_000054,53,抓起最左边的物体,"{""confidence"": 0.6, ""intent"": ""pick"", ""language"": ""zh"", ""normalized_target_label_en"": ""left"", ""normalized_target_label_zh"": ""左边的物体"", ""raw_instruction"": ""抓起最左边的物体"", ""target_color"": null, ""target_position_hint"": ""left"", ""target_type"": null}",左边的物体,left,green_sphere,sphere,green,0.4087396260675647,0.11041119655381229,0.05,0,0.3787396260675647,0.08041119655381229,0.05,0.0,0.025,0.15,0.4696699141100896,0.8312474223087062,0.44999999999999996,1.0,1.0,1.0,0.6971504586947682,False,,data/grasp_success/raw/episode_000054/rgb.png,data/grasp_success/raw/episode_000054/depth.npy,data/grasp_success/raw/episode_000054/object_states.json,data/grasp_success/raw/episode_000054/candidates.json,
episode_000054,53,抓起最左边的物体,"{""confidence"": 0.6, ""intent"": ""pick"", ""language"": ""zh"", ""normalized_target_label_en"": ""left"", ""normalized_target_label_zh"": ""左边的物体"", ""raw_instruction"": ""抓起最左边的物体"", ""target_color"": null, ""target_position_hint"": ""left"", ""target_type"": null}",左边的物体,left,green_sphere,sphere,green,0.4087396260675647,0.11041119655381229,0.05,2,0.3787396260675647,0.1404111965538123,0.05,0.0,0.025,0.15,0.4696699141100896,0.8112474223087062,0.44999999999999996,1.0,1.0,1.0,0.6931504586947682,False,,data/grasp_success/raw/episode_000054/rgb.png,data/grasp_success/raw/episode_000054/depth.npy,data/grasp_success/raw/episode_000054/object_states.json,data/grasp_success/raw/episode_000054/candidates.json,
episode_000055,54,抓起蓝色圆柱,"{""confidence"": 0.8500000000000001, ""intent"": ""pick"", ""language"": ""zh"", ""normalized_target_label_en"": ""blue cylinder"", ""normalized_target_label_zh"": ""蓝色圆柱"", ""raw_instruction"": ""抓起蓝色圆柱"", ""target_color"": ""blue"", ""target_position_hint"": null, ""target_type"": ""cylinder""}",蓝色圆柱,blue cylinder,blue_cylinder,cylinder,blue,0.5211214027252683,0.02966044975665764,0.07,4,0.5211214027252683,0.02966044975665764,0.07,0.0,0.025,0.15,1.0,0.8756576388239296,0.95,1.0,1.0,1.0,0.965131527764786,True,True,data/grasp_success/raw/episode_000055/rgb.png,data/grasp_success/raw/episode_000055/depth.npy,data/grasp_success/raw/episode_000055/object_states.json,data/grasp_success/raw/episode_000055/candidates.json,
episode_000055,54,抓起蓝色圆柱,"{""confidence"": 0.8500000000000001, ""intent"": ""pick"", ""language"": ""zh"", ""normalized_target_label_en"": ""blue cylinder"", ""normalized_target_label_zh"": ""蓝色圆柱"", ""raw_instruction"": ""抓起蓝色圆柱"", ""target_color"": ""blue"", ""target_position_hint"": null, ""target_type"": ""cylinder""}",蓝色圆柱,blue cylinder,blue_cylinder,cylinder,blue,0.5211214027252683,0.02966044975665764,0.07,3,0.5211214027252683,-0.00033955024334235764,0.07,0.0,0.025,0.15,0.625,0.8854312719950347,0.44999999999999996,1.0,1.0,1.0,0.754586254399007,False,,data/grasp_success/raw/episode_000055/rgb.png,data/grasp_success/raw/episode_000055/depth.npy,data/grasp_success/raw/episode_000055/object_states.json,data/grasp_success/raw/episode_000055/candidates.json,
episode_000055,54,抓起蓝色圆柱,"{""confidence"": 0.8500000000000001, ""intent"": ""pick"", ""language"": ""zh"", ""normalized_target_label_en"": ""blue cylinder"", ""normalized_target_label_zh"": ""蓝色圆柱"", ""raw_instruction"": ""抓起蓝色圆柱"", ""target_color"": ""blue"", ""target_position_hint"": null, ""target_type"": ""cylinder""}",蓝色圆柱,blue cylinder,blue_cylinder,cylinder,blue,0.5211214027252683,0.02966044975665764,0.07,7,0.5511214027252683,0.02966044975665764,0.07,0.0,0.025,0.15,0.6249999999999997,0.8629303660966569,0.44999999999999996,1.0,1.0,1.0,0.7500860732193313,False,,data/grasp_success/raw/episode_000055/rgb.png,data/grasp_success/raw/episode_000055/depth.npy,data/grasp_success/raw/episode_000055/object_states.json,data/grasp_success/raw/episode_000055/candidates.json,
episode_000055,54,抓起蓝色圆柱,"{""confidence"": 0.8500000000000001, ""intent"": ""pick"", ""language"": ""zh"", ""normalized_target_label_en"": ""blue cylinder"", ""normalized_target_label_zh"": ""蓝色圆柱"", ""raw_instruction"": ""抓起蓝色圆柱"", ""target_color"": ""blue"", ""target_position_hint"": null, ""target_type"": ""cylinder""}",蓝色圆柱,blue cylinder,blue_cylinder,cylinder,blue,0.5211214027252683,0.02966044975665764,0.07,5,0.5211214027252683,0.059660449756657644,0.07,0.0,0.025,0.15,0.625,0.8656576388239297,0.4130015907685636,1.0,1.0,1.0,0.7432318459184987,False,,data/grasp_success/raw/episode_000055/rgb.png,data/grasp_success/raw/episode_000055/depth.npy,data/grasp_success/raw/episode_000055/object_states.json,data/grasp_success/raw/episode_000055/candidates.json,
episode_000055,54,抓起蓝色圆柱,"{""confidence"": 0.8500000000000001, ""intent"": ""pick"", ""language"": ""zh"", ""normalized_target_label_en"": ""blue cylinder"", ""normalized_target_label_zh"": ""蓝色圆柱"", ""raw_instruction"": ""抓起蓝色圆柱"", ""target_color"": ""blue"", ""target_position_hint"": null, ""target_type"": ""cylinder""}",蓝色圆柱,blue cylinder,blue_cylinder,cylinder,blue,0.5211214027252683,0.02966044975665764,0.07,1,0.4911214027252683,0.02966044975665764,0.07,0.0,0.025,0.15,0.6249999999999997,0.8883849115512024,0.3739228701549191,1.0,1.0,1.0,0.7399615563412242,False,,data/grasp_success/raw/episode_000055/rgb.png,data/grasp_success/raw/episode_000055/depth.npy,data/grasp_success/raw/episode_000055/object_states.json,data/grasp_success/raw/episode_000055/candidates.json,
episode_000055,54,抓起蓝色圆柱,"{""confidence"": 0.8500000000000001, ""intent"": ""pick"", ""language"": ""zh"", ""normalized_target_label_en"": ""blue cylinder"", ""normalized_target_label_zh"": ""蓝色圆柱"", ""raw_instruction"": ""抓起蓝色圆柱"", ""target_color"": ""blue"", ""target_position_hint"": null, ""target_type"": ""cylinder""}",蓝色圆柱,blue cylinder,blue_cylinder,cylinder,blue,0.5211214027252683,0.02966044975665764,0.07,10,0.4911214027252683,0.02966044975665764,0.07,0.7853981633974483,0.025,0.15,0.6249999999999997,0.8883849115512024,0.32392287015491916,1.0,1.0,1.0,0.7299615563412243,False,,data/grasp_success/raw/episode_000055/rgb.png,data/grasp_success/raw/episode_000055/depth.npy,data/grasp_success/raw/episode_000055/object_states.json,data/grasp_success/raw/episode_000055/candidates.json,
episode_000055,54,抓起蓝色圆柱,"{""confidence"": 0.8500000000000001, ""intent"": ""pick"", ""language"": ""zh"", ""normalized_target_label_en"": ""blue cylinder"", ""normalized_target_label_zh"": ""蓝色圆柱"", ""raw_instruction"": ""抓起蓝色圆柱"", ""target_color"": ""blue"", ""target_position_hint"": null, ""target_type"": ""cylinder""}",蓝色圆柱,blue cylinder,blue_cylinder,cylinder,blue,0.5211214027252683,0.02966044975665764,0.07,0,0.4911214027252683,-0.00033955024334235764,0.07,0.0,0.025,0.15,0.4696699141100892,0.8981585447223074,0.44999999999999996,1.0,1.0,1.0,0.7105326831774883,False,,data/grasp_success/raw/episode_000055/rgb.png,data/grasp_success/raw/episode_000055/depth.npy,data/grasp_success/raw/episode_000055/object_states.json,data/grasp_success/raw/episode_000055/candidates.json,
episode_000055,54,抓起蓝色圆柱,"{""confidence"": 0.8500000000000001, ""intent"": ""pick"", ""language"": ""zh"", ""normalized_target_label_en"": ""blue cylinder"", ""normalized_target_label_zh"": ""蓝色圆柱"", ""raw_instruction"": ""抓起蓝色圆柱"", ""target_color"": ""blue"", ""target_position_hint"": null, ""target_type"": ""cylinder""}",蓝色圆柱,blue cylinder,blue_cylinder,cylinder,blue,0.5211214027252683,0.02966044975665764,0.07,6,0.5511214027252683,-0.00033955024334235764,0.07,0.0,0.025,0.15,0.4696699141100892,0.872703999267762,0.44999999999999996,1.0,1.0,1.0,0.7054417740865792,False,,data/grasp_success/raw/episode_000055/rgb.png,data/grasp_success/raw/episode_000055/depth.npy,data/grasp_success/raw/episode_000055/object_states.json,data/grasp_success/raw/episode_000055/candidates.json,
episode_000056,55,抓起红色方块,"{""confidence"": 0.8500000000000001, ""intent"": ""pick"", ""language"": ""zh"", ""normalized_target_label_en"": ""red cube"", ""normalized_target_label_zh"": ""红色方块"", ""raw_instruction"": ""抓起红色方块"", ""target_color"": ""red"", ""target_position_hint"": null, ""target_type"": ""cube""}",红色方块,red cube,red_cube,cube,red,0.441806797085387,-0.11098732870873111,0.045,4,0.441806797085387,-0.11098732870873111,0.045,0.0,0.035,0.15,1.0,0.8462555922242235,0.95,1.0,1.0,1.0,0.9592511184448447,True,False,data/grasp_success/raw/episode_000056/rgb.png,data/grasp_success/raw/episode_000056/depth.npy,data/grasp_success/raw/episode_000056/object_states.json,data/grasp_success/raw/episode_000056/candidates.json,
episode_000056,55,抓起红色方块,"{""confidence"": 0.8500000000000001, ""intent"": ""pick"", ""language"": ""zh"", ""normalized_target_label_en"": ""red cube"", ""normalized_target_label_zh"": ""红色方块"", ""raw_instruction"": ""抓起红色方块"", ""target_color"": ""red"", ""target_position_hint"": null, ""target_type"": ""cube""}",红色方块,red cube,red_cube,cube,red,0.441806797085387,-0.11098732870873111,0.045,7,0.471806797085387,-0.11098732870873111,0.045,0.0,0.035,0.15,0.6250000000000004,0.8589828649514962,0.44999999999999996,1.0,1.0,1.0,0.7492965729902994,False,,data/grasp_success/raw/episode_000056/rgb.png,data/grasp_success/raw/episode_000056/depth.npy,data/grasp_success/raw/episode_000056/object_states.json,data/grasp_success/raw/episode_000056/candidates.json,
episode_000056,55,抓起红色方块,"{""confidence"": 0.8500000000000001, ""intent"": ""pick"", ""language"": ""zh"", ""normalized_target_label_en"": ""red cube"", ""normalized_target_label_zh"": ""红色方块"", ""raw_instruction"": ""抓起红色方块"", ""target_color"": ""red"", ""target_position_hint"": null, ""target_type"": ""cube""}",红色方块,red cube,red_cube,cube,red,0.441806797085387,-0.11098732870873111,0.045,5,0.441806797085387,-0.08098732870873111,0.045,0.0,0.035,0.15,0.625,0.8562555922242235,0.43160577945216205,1.0,1.0,1.0,0.7450722743352772,False,,data/grasp_success/raw/episode_000056/rgb.png,data/grasp_success/raw/episode_000056/depth.npy,data/grasp_success/raw/episode_000056/object_states.json,data/grasp_success/raw/episode_000056/candidates.json,
episode_000056,55,抓起红色方块,"{""confidence"": 0.8500000000000001, ""intent"": ""pick"", ""language"": ""zh"", ""normalized_target_label_en"": ""red cube"", ""normalized_target_label_zh"": ""红色方块"", ""raw_instruction"": ""抓起红色方块"", ""target_color"": ""red"", ""target_position_hint"": null, ""target_type"": ""cube""}",红色方块,red cube,red_cube,cube,red,0.441806797085387,-0.11098732870873111,0.045,3,0.441806797085387,-0.1409873287087311,0.045,0.0,0.035,0.15,0.6250000000000002,0.8362555922242235,0.44999999999999996,1.0,1.0,1.0,0.7447511184448448,False,,data/grasp_success/raw/episode_000056/rgb.png,data/grasp_success/raw/episode_000056/depth.npy,data/grasp_success/raw/episode_000056/object_states.json,data/grasp_success/raw/episode_000056/candidates.json,
episode_000056,55,抓起红色方块,"{""confidence"": 0.8500000000000001, ""intent"": ""pick"", ""language"": ""zh"", ""normalized_target_label_en"": ""red cube"", ""normalized_target_label_zh"": ""红色方块"", ""raw_instruction"": ""抓起红色方块"", ""target_color"": ""red"", ""target_position_hint"": null, ""target_type"": ""cube""}",红色方块,red cube,red_cube,cube,red,0.441806797085387,-0.11098732870873111,0.045,1,0.41180679708538703,-0.11098732870873111,0.045,0.0,0.035,0.15,0.6250000000000004,0.8335283194969508,0.44999999999999996,1.0,1.0,1.0,0.7442056638993904,False,,data/grasp_success/raw/episode_000056/rgb.png,data/grasp_success/raw/episode_000056/depth.npy,data/grasp_success/raw/episode_000056/object_states.json,data/grasp_success/raw/episode_000056/candidates.json,
episode_000056,55,抓起红色方块,"{""confidence"": 0.8500000000000001, ""intent"": ""pick"", ""language"": ""zh"", ""normalized_target_label_en"": ""red cube"", ""normalized_target_label_zh"": ""红色方块"", ""raw_instruction"": ""抓起红色方块"", ""target_color"": ""red"", ""target_position_hint"": null, ""target_type"": ""cube""}",红色方块,red cube,red_cube,cube,red,0.441806797085387,-0.11098732870873111,0.045,6,0.471806797085387,-0.1409873287087311,0.045,0.0,0.035,0.15,0.46966991411008974,0.8489828649514962,0.44999999999999996,1.0,1.0,1.0,0.7006975472233262,False,,data/grasp_success/raw/episode_000056/rgb.png,data/grasp_success/raw/episode_000056/depth.npy,data/grasp_success/raw/episode_000056/object_states.json,data/grasp_success/raw/episode_000056/candidates.json,
episode_000056,55,抓起红色方块,"{""confidence"": 0.8500000000000001, ""intent"": ""pick"", ""language"": ""zh"", ""normalized_target_label_en"": ""red cube"", ""normalized_target_label_zh"": ""红色方块"", ""raw_instruction"": ""抓起红色方块"", ""target_color"": ""red"", ""target_position_hint"": null, ""target_type"": ""cube""}",红色方块,red cube,red_cube,cube,red,0.441806797085387,-0.11098732870873111,0.045,2,0.41180679708538703,-0.08098732870873111,0.045,0.0,0.035,0.15,0.4696699141100896,0.8435283194969508,0.44999999999999996,1.0,1.0,1.0,0.6996066381324171,False,,data/grasp_success/raw/episode_000056/rgb.png,data/grasp_success/raw/episode_000056/depth.npy,data/grasp_success/raw/episode_000056/object_states.json,data/grasp_success/raw/episode_000056/candidates.json,
episode_000056,55,抓起红色方块,"{""confidence"": 0.8500000000000001, ""intent"": ""pick"", ""language"": ""zh"", ""normalized_target_label_en"": ""red cube"", ""normalized_target_label_zh"": ""红色方块"", ""raw_instruction"": ""抓起红色方块"", ""target_color"": ""red"", ""target_position_hint"": null, ""target_type"": ""cube""}",红色方块,red cube,red_cube,cube,red,0.441806797085387,-0.11098732870873111,0.045,0,0.41180679708538703,-0.1409873287087311,0.045,0.0,0.035,0.15,0.46966991411008974,0.8235283194969508,0.44999999999999996,1.0,1.0,1.0,0.6956066381324171,False,,data/grasp_success/raw/episode_000056/rgb.png,data/grasp_success/raw/episode_000056/depth.npy,data/grasp_success/raw/episode_000056/object_states.json,data/grasp_success/raw/episode_000056/candidates.json,
episode_000057,56,抓起最左边的物体,"{""confidence"": 0.6, ""intent"": ""pick"", ""language"": ""zh"", ""normalized_target_label_en"": ""left"", ""normalized_target_label_zh"": ""左边的物体"", ""raw_instruction"": ""抓起最左边的物体"", ""target_color"": null, ""target_position_hint"": ""left"", ""target_type"": null}",左边的物体,left,green_sphere,sphere,green,0.40535320126156904,0.11977212055488945,0.05,4,0.40535320126156904,0.11977212055488945,0.05,0.0,0.025,0.15,1.0,0.8294177219664096,0.95,1.0,1.0,1.0,0.955883544393282,True,True,data/grasp_success/raw/episode_000057/rgb.png,data/grasp_success/raw/episode_000057/depth.npy,data/grasp_success/raw/episode_000057/object_states.json,data/grasp_success/raw/episode_000057/candidates.json,
episode_000057,56,抓起最左边的物体,"{""confidence"": 0.6, ""intent"": ""pick"", ""language"": ""zh"", ""normalized_target_label_en"": ""left"", ""normalized_target_label_zh"": ""左边的物体"", ""raw_instruction"": ""抓起最左边的物体"", ""target_color"": null, ""target_position_hint"": ""left"", ""target_type"": null}",左边的物体,left,green_sphere,sphere,green,0.40535320126156904,0.11977212055488945,0.05,5,0.40535320126156904,0.14977212055488945,0.05,0.0,0.025,0.15,0.625,0.8194177219664096,0.44999999999999996,1.0,1.0,1.0,0.7413835443932819,False,,data/grasp_success/raw/episode_000057/rgb.png,data/grasp_success/raw/episode_000057/depth.npy,data/grasp_success/raw/episode_000057/object_states.json,data/grasp_success/raw/episode_000057/candidates.json,
episode_000057,56,抓起最左边的物体,"{""confidence"": 0.6, ""intent"": ""pick"", ""language"": ""zh"", ""normalized_target_label_en"": ""left"", ""normalized_target_label_zh"": ""左边的物体"", ""raw_instruction"": ""抓起最左边的物体"", ""target_color"": null, ""target_position_hint"": ""left"", ""target_type"": null}",左边的物体,left,green_sphere,sphere,green,0.40535320126156904,0.11977212055488945,0.05,1,0.375353201261569,0.11977212055488945,0.05,0.0,0.025,0.15,0.6249999999999997,0.8166904492391368,0.44999999999999996,1.0,1.0,1.0,0.7408380898478273,False,,data/grasp_success/raw/episode_000057/rgb.png,data/grasp_success/raw/episode_000057/depth.npy,data/grasp_success/raw/episode_000057/object_states.json,data/grasp_success/raw/episode_000057/candidates.json,
episode_000057,56,抓起最左边的物体,"{""confidence"": 0.6, ""intent"": ""pick"", ""language"": ""zh"", ""normalized_target_label_en"": ""left"", ""normalized_target_label_zh"": ""左边的物体"", ""raw_instruction"": ""抓起最左边的物体"", ""target_color"": null, ""target_position_hint"": ""left"", ""target_type"": null}",左边的物体,left,green_sphere,sphere,green,0.40535320126156904,0.11977212055488945,0.05,3,0.40535320126156904,0.08977212055488945,0.05,0.0,0.025,0.15,0.625,0.8394177219664096,0.3987478149715604,1.0,1.0,1.0,0.735133107387594,False,,data/grasp_success/raw/episode_000057/rgb.png,data/grasp_success/raw/episode_000057/depth.npy,data/grasp_success/raw/episode_000057/object_states.json,data/grasp_success/raw/episode_000057/candidates.json,
episode_000057,56,抓起最左边的物体,"{""confidence"": 0.6, ""intent"": ""pick"", ""language"": ""zh"", ""normalized_target_label_en"": ""left"", ""normalized_target_label_zh"": ""左边的物体"", ""raw_instruction"": ""抓起最左边的物体"", ""target_color"": null, ""target_position_hint"": ""left"", ""target_type"": null}",左边的物体,left,green_sphere,sphere,green,0.40535320126156904,0.11977212055488945,0.05,10,0.375353201261569,0.11977212055488945,0.05,0.7853981633974483,0.025,0.15,0.6249999999999997,0.8166904492391368,0.4,1.0,1.0,1.0,0.7308380898478273,False,,data/grasp_success/raw/episode_000057/rgb.png,data/grasp_success/raw/episode_000057/depth.npy,data/grasp_success/raw/episode_000057/object_states.json,data/grasp_success/raw/episode_000057/candidates.json,
episode_000057,56,抓起最左边的物体,"{""confidence"": 0.6, ""intent"": ""pick"", ""language"": ""zh"", ""normalized_target_label_en"": ""left"", ""normalized_target_label_zh"": ""左边的物体"", ""raw_instruction"": ""抓起最左边的物体"", ""target_color"": null, ""target_position_hint"": ""left"", ""target_type"": null}",左边的物体,left,green_sphere,sphere,green,0.40535320126156904,0.11977212055488945,0.05,7,0.43535320126156907,0.11977212055488945,0.05,0.0,0.025,0.15,0.6249999999999997,0.8421449946936823,0.37208729491349823,1.0,1.0,1.0,0.730346457921436,False,,data/grasp_success/raw/episode_000057/rgb.png,data/grasp_success/raw/episode_000057/depth.npy,data/grasp_success/raw/episode_000057/object_states.json,data/grasp_success/raw/episode_000057/candidates.json,
episode_000057,56,抓起最左边的物体,"{""confidence"": 0.6, ""intent"": ""pick"", ""language"": ""zh"", ""normalized_target_label_en"": ""left"", ""normalized_target_label_zh"": ""左边的物体"", ""raw_instruction"": ""抓起最左边的物体"", ""target_color"": null, ""target_position_hint"": ""left"", ""target_type"": null}",左边的物体,left,green_sphere,sphere,green,0.40535320126156904,0.11977212055488945,0.05,8,0.43535320126156907,0.14977212055488945,0.05,0.0,0.025,0.15,0.4696699141100892,0.8321449946936823,0.44999999999999996,1.0,1.0,1.0,0.6973299731717633,False,,data/grasp_success/raw/episode_000057/rgb.png,data/grasp_success/raw/episode_000057/depth.npy,data/grasp_success/raw/episode_000057/object_states.json,data/grasp_success/raw/episode_000057/candidates.json,
episode_000057,56,抓起最左边的物体,"{""confidence"": 0.6, ""intent"": ""pick"", ""language"": ""zh"", ""normalized_target_label_en"": ""left"", ""normalized_target_label_zh"": ""左边的物体"", ""raw_instruction"": ""抓起最左边的物体"", ""target_color"": null, ""target_position_hint"": ""left"", ""target_type"": null}",左边的物体,left,green_sphere,sphere,green,0.40535320126156904,0.11977212055488945,0.05,0,0.375353201261569,0.08977212055488945,0.05,0.0,0.025,0.15,0.4696699141100892,0.8266904492391369,0.44999999999999996,1.0,1.0,1.0,0.6962390640808541,False,,data/grasp_success/raw/episode_000057/rgb.png,data/grasp_success/raw/episode_000057/depth.npy,data/grasp_success/raw/episode_000057/object_states.json,data/grasp_success/raw/episode_000057/candidates.json,
episode_000058,57,抓起红色方块,"{""confidence"": 0.8500000000000001, ""intent"": ""pick"", ""language"": ""zh"", ""normalized_target_label_en"": ""red cube"", ""normalized_target_label_zh"": ""红色方块"", ""raw_instruction"": ""抓起红色方块"", ""target_color"": ""red"", ""target_position_hint"": null, ""target_type"": ""cube""}",红色方块,red cube,red_cube,cube,red,0.44085131427165153,-0.11820627099196691,0.045,4,0.44085131427165153,-0.11820627099196691,0.045,0.0,0.035,0.15,1.0,0.8434439217845905,0.95,1.0,1.0,1.0,0.9586887843569181,True,False,data/grasp_success/raw/episode_000058/rgb.png,data/grasp_success/raw/episode_000058/depth.npy,data/grasp_success/raw/episode_000058/object_states.json,data/grasp_success/raw/episode_000058/candidates.json,
episode_000058,57,抓起红色方块,"{""confidence"": 0.8500000000000001, ""intent"": ""pick"", ""language"": ""zh"", ""normalized_target_label_en"": ""red cube"", ""normalized_target_label_zh"": ""红色方块"", ""raw_instruction"": ""抓起红色方块"", ""target_color"": ""red"", ""target_position_hint"": null, ""target_type"": ""cube""}",红色方块,red cube,red_cube,cube,red,0.44085131427165153,-0.11820627099196691,0.045,7,0.4708513142716515,-0.11820627099196691,0.045,0.0,0.035,0.15,0.6250000000000004,0.8561711945118632,0.44999999999999996,1.0,1.0,1.0,0.7487342389023728,False,,data/grasp_success/raw/episode_000058/rgb.png,data/grasp_success/raw/episode_000058/depth.npy,data/grasp_success/raw/episode_000058/object_states.json,data/grasp_success/raw/episode_000058/candidates.json,
episode_000058,57,抓起红色方块,"{""confidence"": 0.8500000000000001, ""intent"": ""pick"", ""language"": ""zh"", ""normalized_target_label_en"": ""red cube"", ""normalized_target_label_zh"": ""红色方块"", ""raw_instruction"": ""抓起红色方块"", ""target_color"": ""red"", ""target_position_hint"": null, ""target_type"": ""cube""}",红色方块,red cube,red_cube,cube,red,0.44085131427165153,-0.11820627099196691,0.045,5,0.44085131427165153,-0.08820627099196691,0.045,0.0,0.035,0.15,0.625,0.8534439217845905,0.438233459970644,1.0,1.0,1.0,0.745835476351047,False,,data/grasp_success/raw/episode_000058/rgb.png,data/grasp_success/raw/episode_000058/depth.npy,data/grasp_success/raw/episode_000058/object_states.json,data/grasp_success/raw/episode_000058/candidates.json,
episode_000058,57,抓起红色方块,"{""confidence"": 0.8500000000000001, ""intent"": ""pick"", ""language"": ""zh"", ""normalized_target_label_en"": ""red cube"", ""normalized_target_label_zh"": ""红色方块"", ""raw_instruction"": ""抓起红色方块"", ""target_color"": ""red"", ""target_position_hint"": null, ""target_type"": ""cube""}",红色方块,red cube,red_cube,cube,red,0.44085131427165153,-0.11820627099196691,0.045,3,0.44085131427165153,-0.14820627099196693,0.045,0.0,0.035,0.15,0.6249999999999998,0.8334439217845905,0.44999999999999996,1.0,1.0,1.0,0.744188784356918,False,,data/grasp_success/raw/episode_000058/rgb.png,data/grasp_success/raw/episode_000058/depth.npy,data/grasp_success/raw/episode_000058/object_states.json,data/grasp_success/raw/episode_000058/candidates.json,
episode_000058,57,抓起红色方块,"{""confidence"": 0.8500000000000001, ""intent"": ""pick"", ""language"": ""zh"", ""normalized_target_label_en"": ""red cube"", ""normalized_target_label_zh"": ""红色方块"", ""raw_instruction"": ""抓起红色方块"", ""target_color"": ""red"", ""target_position_hint"": null, ""target_type"": ""cube""}",红色方块,red cube,red_cube,cube,red,0.44085131427165153,-0.11820627099196691,0.045,1,0.41085131427165156,-0.11820627099196691,0.045,0.0,0.035,0.15,0.6250000000000004,0.8307166490573177,0.44999999999999996,1.0,1.0,1.0,0.7436433298114637,False,,data/grasp_success/raw/episode_000058/rgb.png,data/grasp_success/raw/episode_000058/depth.npy,data/grasp_success/raw/episode_000058/object_states.json,data/grasp_success/raw/episode_000058/candidates.json,
episode_000058,57,抓起红色方块,"{""confidence"": 0.8500000000000001, ""intent"": ""pick"", ""language"": ""zh"", ""normalized_target_label_en"": ""red cube"", ""normalized_target_label_zh"": ""红色方块"", ""raw_instruction"": ""抓起红色方块"", ""target_color"": ""red"", ""target_position_hint"": null, ""target_type"": ""cube""}",红色方块,red cube,red_cube,cube,red,0.44085131427165153,-0.11820627099196691,0.045,6,0.4708513142716515,-0.14820627099196693,0.045,0.0,0.035,0.15,0.4696699141100895,0.8461711945118632,0.44999999999999996,1.0,1.0,1.0,0.7001352131353995,False,,data/grasp_success/raw/episode_000058/rgb.png,data/grasp_success/raw/episode_000058/depth.npy,data/grasp_success/raw/episode_000058/object_states.json,data/grasp_success/raw/episode_000058/candidates.json,
episode_000058,57,抓起红色方块,"{""confidence"": 0.8500000000000001, ""intent"": ""pick"", ""language"": ""zh"", ""normalized_target_label_en"": ""red cube"", ""normalized_target_label_zh"": ""红色方块"", ""raw_instruction"": ""抓起红色方块"", ""target_color"": ""red"", ""target_position_hint"": null, ""target_type"": ""cube""}",红色方块,red cube,red_cube,cube,red,0.44085131427165153,-0.11820627099196691,0.045,2,0.41085131427165156,-0.08820627099196691,0.045,0.0,0.035,0.15,0.4696699141100896,0.8407166490573178,0.44999999999999996,1.0,1.0,1.0,0.6990443040444905,False,,data/grasp_success/raw/episode_000058/rgb.png,data/grasp_success/raw/episode_000058/depth.npy,data/grasp_success/raw/episode_000058/object_states.json,data/grasp_success/raw/episode_000058/candidates.json,
episode_000058,57,抓起红色方块,"{""confidence"": 0.8500000000000001, ""intent"": ""pick"", ""language"": ""zh"", ""normalized_target_label_en"": ""red cube"", ""normalized_target_label_zh"": ""红色方块"", ""raw_instruction"": ""抓起红色方块"", ""target_color"": ""red"", ""target_position_hint"": null, ""target_type"": ""cube""}",红色方块,red cube,red_cube,cube,red,0.44085131427165153,-0.11820627099196691,0.045,0,0.41085131427165156,-0.14820627099196693,0.045,0.0,0.035,0.15,0.4696699141100895,0.8207166490573178,0.44999999999999996,1.0,1.0,1.0,0.6950443040444905,False,,data/grasp_success/raw/episode_000058/rgb.png,data/grasp_success/raw/episode_000058/depth.npy,data/grasp_success/raw/episode_000058/object_states.json,data/grasp_success/raw/episode_000058/candidates.json,
episode_000059,58,抓起最左边的物体,"{""confidence"": 0.6, ""intent"": ""pick"", ""language"": ""zh"", ""normalized_target_label_en"": ""left"", ""normalized_target_label_zh"": ""左边的物体"", ""raw_instruction"": ""抓起最左边的物体"", ""target_color"": null, ""target_position_hint"": ""left"", ""target_type"": null}",左边的物体,left,green_sphere,sphere,green,0.3908241293120996,0.10898799231728906,0.05,4,0.3908241293120996,0.10898799231728906,0.05,0.0,0.025,0.15,1.0,0.8268485826731076,0.95,1.0,1.0,1.0,0.9553697165346215,True,True,data/grasp_success/raw/episode_000059/rgb.png,data/grasp_success/raw/episode_000059/depth.npy,data/grasp_success/raw/episode_000059/object_states.json,data/grasp_success/raw/episode_000059/candidates.json,
episode_000059,58,抓起最左边的物体,"{""confidence"": 0.6, ""intent"": ""pick"", ""language"": ""zh"", ""normalized_target_label_en"": ""left"", ""normalized_target_label_zh"": ""左边的物体"", ""raw_instruction"": ""抓起最左边的物体"", ""target_color"": null, ""target_position_hint"": ""left"", ""target_type"": null}",左边的物体,left,green_sphere,sphere,green,0.3908241293120996,0.10898799231728906,0.05,3,0.3908241293120996,0.07898799231728906,0.05,0.0,0.025,0.15,0.625,0.8368485826731076,0.44081564278803653,1.0,1.0,1.0,0.7430328450922289,False,,data/grasp_success/raw/episode_000059/rgb.png,data/grasp_success/raw/episode_000059/depth.npy,data/grasp_success/raw/episode_000059/object_states.json,data/grasp_success/raw/episode_000059/candidates.json,
episode_000059,58,抓起最左边的物体,"{""confidence"": 0.6, ""intent"": ""pick"", ""language"": ""zh"", ""normalized_target_label_en"": ""left"", ""normalized_target_label_zh"": ""左边的物体"", ""raw_instruction"": ""抓起最左边的物体"", ""target_color"": null, ""target_position_hint"": ""left"", ""target_type"": null}",左边的物体,left,green_sphere,sphere,green,0.3908241293120996,0.10898799231728906,0.05,5,0.3908241293120996,0.13898799231728906,0.05,0.0,0.025,0.15,0.625,0.8168485826731076,0.44999999999999996,1.0,1.0,1.0,0.7408697165346215,False,,data/grasp_success/raw/episode_000059/rgb.png,data/grasp_success/raw/episode_000059/depth.npy,data/grasp_success/raw/episode_000059/object_states.json,data/grasp_success/raw/episode_000059/candidates.json,
episode_000059,58,抓起最左边的物体,"{""confidence"": 0.6, ""intent"": ""pick"", ""language"": ""zh"", ""normalized_target_label_en"": ""left"", ""normalized_target_label_zh"": ""左边的物体"", ""raw_instruction"": ""抓起最左边的物体"", ""target_color"": null, ""target_position_hint"": ""left"", ""target_type"": null}",左边的物体,left,green_sphere,sphere,green,0.3908241293120996,0.10898799231728906,0.05,1,0.3608241293120996,0.10898799231728906,0.05,0.0,0.025,0.15,0.6250000000000004,0.8141213099458349,0.44999999999999996,1.0,1.0,1.0,0.7403242619891671,False,,data/grasp_success/raw/episode_000059/rgb.png,data/grasp_success/raw/episode_000059/depth.npy,data/grasp_success/raw/episode_000059/object_states.json,data/grasp_success/raw/episode_000059/candidates.json,
episode_000059,58,抓起最左边的物体,"{""confidence"": 0.6, ""intent"": ""pick"", ""language"": ""zh"", ""normalized_target_label_en"": ""left"", ""normalized_target_label_zh"": ""左边的物体"", ""raw_instruction"": ""抓起最左边的物体"", ""target_color"": null, ""target_position_hint"": ""left"", ""target_type"": null}",左边的物体,left,green_sphere,sphere,green,0.3908241293120996,0.10898799231728906,0.05,7,0.42082412931209956,0.10898799231728906,0.05,0.0,0.025,0.15,0.6250000000000004,0.8395758554003803,0.37689706257767164,1.0,1.0,1.0,0.7307945835956106,False,,data/grasp_success/raw/episode_000059/rgb.png,data/grasp_success/raw/episode_000059/depth.npy,data/grasp_success/raw/episode_000059/object_states.json,data/grasp_success/raw/episode_000059/candidates.json,
episode_000059,58,抓起最左边的物体,"{""confidence"": 0.6, ""intent"": ""pick"", ""language"": ""zh"", ""normalized_target_label_en"": ""left"", ""normalized_target_label_zh"": ""左边的物体"", ""raw_instruction"": ""抓起最左边的物体"", ""target_color"": null, ""target_position_hint"": ""left"", ""target_type"": null}",左边的物体,left,green_sphere,sphere,green,0.3908241293120996,0.10898799231728906,0.05,10,0.3608241293120996,0.10898799231728906,0.05,0.7853981633974483,0.025,0.15,0.6250000000000004,0.8141213099458349,0.4,1.0,1.0,1.0,0.7303242619891671,False,,data/grasp_success/raw/episode_000059/rgb.png,data/grasp_success/raw/episode_000059/depth.npy,data/grasp_success/raw/episode_000059/object_states.json,data/grasp_success/raw/episode_000059/candidates.json,
episode_000059,58,抓起最左边的物体,"{""confidence"": 0.6, ""intent"": ""pick"", ""language"": ""zh"", ""normalized_target_label_en"": ""left"", ""normalized_target_label_zh"": ""左边的物体"", ""raw_instruction"": ""抓起最左边的物体"", ""target_color"": null, ""target_position_hint"": ""left"", ""target_type"": null}",左边的物体,left,green_sphere,sphere,green,0.3908241293120996,0.10898799231728906,0.05,8,0.42082412931209956,0.13898799231728906,0.05,0.0,0.025,0.15,0.4696699141100896,0.8295758554003803,0.44999999999999996,1.0,1.0,1.0,0.696816145313103,False,,data/grasp_success/raw/episode_000059/rgb.png,data/grasp_success/raw/episode_000059/depth.npy,data/grasp_success/raw/episode_000059/object_states.json,data/grasp_success/raw/episode_000059/candidates.json,
episode_000059,58,抓起最左边的物体,"{""confidence"": 0.6, ""intent"": ""pick"", ""language"": ""zh"", ""normalized_target_label_en"": ""left"", ""normalized_target_label_zh"": ""左边的物体"", ""raw_instruction"": ""抓起最左边的物体"", ""target_color"": null, ""target_position_hint"": ""left"", ""target_type"": null}",左边的物体,left,green_sphere,sphere,green,0.3908241293120996,0.10898799231728906,0.05,0,0.3608241293120996,0.07898799231728906,0.05,0.0,0.025,0.15,0.4696699141100896,0.8241213099458349,0.44999999999999996,1.0,1.0,1.0,0.695725236222194,False,,data/grasp_success/raw/episode_000059/rgb.png,data/grasp_success/raw/episode_000059/depth.npy,data/grasp_success/raw/episode_000059/object_states.json,data/grasp_success/raw/episode_000059/candidates.json,
episode_000060,59,抓起蓝色圆柱,"{""confidence"": 0.8500000000000001, ""intent"": ""pick"", ""language"": ""zh"", ""normalized_target_label_en"": ""blue cylinder"", ""normalized_target_label_zh"": ""蓝色圆柱"", ""raw_instruction"": ""抓起蓝色圆柱"", ""target_color"": ""blue"", ""target_position_hint"": null, ""target_type"": ""cylinder""}",蓝色圆柱,blue cylinder,blue_cylinder,cylinder,blue,0.5289148721783626,0.020455171486164617,0.07,4,0.5289148721783626,0.020455171486164617,0.07,0.0,0.025,0.15,1.0,0.8754197445400539,0.95,1.0,1.0,1.0,0.9650839489080107,True,True,data/grasp_success/raw/episode_000060/rgb.png,data/grasp_success/raw/episode_000060/depth.npy,data/grasp_success/raw/episode_000060/object_states.json,data/grasp_success/raw/episode_000060/candidates.json,
episode_000060,59,抓起蓝色圆柱,"{""confidence"": 0.8500000000000001, ""intent"": ""pick"", ""language"": ""zh"", ""normalized_target_label_en"": ""blue cylinder"", ""normalized_target_label_zh"": ""蓝色圆柱"", ""raw_instruction"": ""抓起蓝色圆柱"", ""target_color"": ""blue"", ""target_position_hint"": null, ""target_type"": ""cylinder""}",蓝色圆柱,blue cylinder,blue_cylinder,cylinder,blue,0.5289148721783626,0.020455171486164617,0.07,1,0.4989148721783626,0.020455171486164617,0.07,0.0,0.025,0.15,0.6249999999999997,0.8881470172673267,0.44999999999999996,1.0,1.0,1.0,0.7551294034534652,False,,data/grasp_success/raw/episode_000060/rgb.png,data/grasp_success/raw/episode_000060/depth.npy,data/grasp_success/raw/episode_000060/object_states.json,data/grasp_success/raw/episode_000060/candidates.json,
episode_000060,59,抓起蓝色圆柱,"{""confidence"": 0.8500000000000001, ""intent"": ""pick"", ""language"": ""zh"", ""normalized_target_label_en"": ""blue cylinder"", ""normalized_target_label_zh"": ""蓝色圆柱"", ""raw_instruction"": ""抓起蓝色圆柱"", ""target_color"": ""blue"", ""target_position_hint"": null, ""target_type"": ""cylinder""}",蓝色圆柱,blue cylinder,blue_cylinder,cylinder,blue,0.5289148721783626,0.020455171486164617,0.07,3,0.5289148721783626,-0.009544828513835382,0.07,0.0,0.025,0.15,0.625,0.8790565255308304,0.44999999999999996,1.0,1.0,1.0,0.7533113051061661,False,,data/grasp_success/raw/episode_000060/rgb.png,data/grasp_success/raw/episode_000060/depth.npy,data/grasp_success/raw/episode_000060/object_states.json,data/grasp_success/raw/episode_000060/candidates.json,
episode_000060,59,抓起蓝色圆柱,"{""confidence"": 0.8500000000000001, ""intent"": ""pick"", ""language"": ""zh"", ""normalized_target_label_en"": ""blue cylinder"", ""normalized_target_label_zh"": ""蓝色圆柱"", ""raw_instruction"": ""抓起蓝色圆柱"", ""target_color"": ""blue"", ""target_position_hint"": null, ""target_type"": ""cylinder""}",蓝色圆柱,blue cylinder,blue_cylinder,cylinder,blue,0.5289148721783626,0.020455171486164617,0.07,5,0.5289148721783626,0.050455171486164616,0.07,0.0,0.025,0.15,0.625,0.8654197445400539,0.44999999999999996,1.0,1.0,1.0,0.7505839489080108,False,,data/grasp_success/raw/episode_000060/rgb.png,data/grasp_success/raw/episode_000060/depth.npy,data/grasp_success/raw/episode_000060/object_states.json,data/grasp_success/raw/episode_000060/candidates.json,
episode_000060,59,抓起蓝色圆柱,"{""confidence"": 0.8500000000000001, ""intent"": ""pick"", ""language"": ""zh"", ""normalized_target_label_en"": ""blue cylinder"", ""normalized_target_label_zh"": ""蓝色圆柱"", ""raw_instruction"": ""抓起蓝色圆柱"", ""target_color"": ""blue"", ""target_position_hint"": null, ""target_type"": ""cylinder""}",蓝色圆柱,blue cylinder,blue_cylinder,cylinder,blue,0.5289148721783626,0.020455171486164617,0.07,7,0.5589148721783627,0.020455171486164617,0.07,0.0,0.025,0.15,0.6249999999999997,0.8626924718127812,0.44999999999999996,1.0,1.0,1.0,0.7500384943625562,False,,data/grasp_success/raw/episode_000060/rgb.png,data/grasp_success/raw/episode_000060/depth.npy,data/grasp_success/raw/episode_000060/object_states.json,data/grasp_success/raw/episode_000060/candidates.json,
episode_000060,59,抓起蓝色圆柱,"{""confidence"": 0.8500000000000001, ""intent"": ""pick"", ""language"": ""zh"", ""normalized_target_label_en"": ""blue cylinder"", ""normalized_target_label_zh"": ""蓝色圆柱"", ""raw_instruction"": ""抓起蓝色圆柱"", ""target_color"": ""blue"", ""target_position_hint"": null, ""target_type"": ""cylinder""}",蓝色圆柱,blue cylinder,blue_cylinder,cylinder,blue,0.5289148721783626,0.020455171486164617,0.07,10,0.4989148721783626,0.020455171486164617,0.07,0.7853981633974483,0.025,0.15,0.6249999999999997,0.8881470172673267,0.4,1.0,1.0,1.0,0.7451294034534652,False,,data/grasp_success/raw/episode_000060/rgb.png,data/grasp_success/raw/episode_000060/depth.npy,data/grasp_success/raw/episode_000060/object_states.json,data/grasp_success/raw/episode_000060/candidates.json,
episode_000060,59,抓起蓝色圆柱,"{""confidence"": 0.8500000000000001, ""intent"": ""pick"", ""language"": ""zh"", ""normalized_target_label_en"": ""blue cylinder"", ""normalized_target_label_zh"": ""蓝色圆柱"", ""raw_instruction"": ""抓起蓝色圆柱"", ""target_color"": ""blue"", ""target_position_hint"": null, ""target_type"": ""cylinder""}",蓝色圆柱,blue cylinder,blue_cylinder,cylinder,blue,0.5289148721783626,0.020455171486164617,0.07,6,0.5589148721783627,-0.009544828513835382,0.07,0.0,0.025,0.15,0.4696699141100892,0.8663292528035575,0.44999999999999996,1.0,1.0,1.0,0.7041668247937383,False,,data/grasp_success/raw/episode_000060/rgb.png,data/grasp_success/raw/episode_000060/depth.npy,data/grasp_success/raw/episode_000060/object_states.json,data/grasp_success/raw/episode_000060/candidates.json,
episode_000060,59,抓起蓝色圆柱,"{""confidence"": 0.8500000000000001, ""intent"": ""pick"", ""language"": ""zh"", ""normalized_target_label_en"": ""blue cylinder"", ""normalized_target_label_zh"": ""蓝色圆柱"", ""raw_instruction"": ""抓起蓝色圆柱"", ""target_color"": ""blue"", ""target_position_hint"": null, ""target_type"": ""cylinder""}",蓝色圆柱,blue cylinder,blue_cylinder,cylinder,blue,0.5289148721783626,0.020455171486164617,0.07,8,0.5589148721783627,0.050455171486164616,0.07,0.0,0.025,0.15,0.4696699141100892,0.8526924718127812,0.44999999999999996,1.0,1.0,1.0,0.701439468595583,False,,data/grasp_success/raw/episode_000060/rgb.png,data/grasp_success/raw/episode_000060/depth.npy,data/grasp_success/raw/episode_000060/object_states.json,data/grasp_success/raw/episode_000060/candidates.json,
episode_000061,60,抓起绿色球,"{""confidence"": 0.8500000000000001, ""intent"": ""pick"", ""language"": ""zh"", ""normalized_target_label_en"": ""green sphere"", ""normalized_target_label_zh"": ""绿色球"", ""raw_instruction"": ""抓起绿色球"", ""target_color"": ""green"", ""target_position_hint"": null, ""target_type"": ""sphere""}",绿色球,green sphere,green_sphere,sphere,green,0.39934434442002525,0.10665039613474823,0.05,4,0.39934434442002525,0.10665039613474823,0.05,0.0,0.025,0.15,1.0,0.8312424181130744,0.9307043797376963,1.0,1.0,1.0,0.9523893595701542,True,True,data/grasp_success/raw/episode_000061/rgb.png,data/grasp_success/raw/episode_000061/depth.npy,data/grasp_success/raw/episode_000061/object_states.json,data/grasp_success/raw/episode_000061/candidates.json,
episode_000061,60,抓起绿色球,"{""confidence"": 0.8500000000000001, ""intent"": ""pick"", ""language"": ""zh"", ""normalized_target_label_en"": ""green sphere"", ""normalized_target_label_zh"": ""绿色球"", ""raw_instruction"": ""抓起绿色球"", ""target_color"": ""green"", ""target_position_hint"": null, ""target_type"": ""sphere""}",绿色球,green sphere,green_sphere,sphere,green,0.39934434442002525,0.10665039613474823,0.05,5,0.39934434442002525,0.13665039613474822,0.05,0.0,0.025,0.15,0.6250000000000002,0.8212424181130744,0.44999999999999996,1.0,1.0,1.0,0.741748483622615,False,,data/grasp_success/raw/episode_000061/rgb.png,data/grasp_success/raw/episode_000061/depth.npy,data/grasp_success/raw/episode_000061/object_states.json,data/grasp_success/raw/episode_000061/candidates.json,
episode_000061,60,抓起绿色球,"{""confidence"": 0.8500000000000001, ""intent"": ""pick"", ""language"": ""zh"", ""normalized_target_label_en"": ""green sphere"", ""normalized_target_label_zh"": ""绿色球"", ""raw_instruction"": ""抓起绿色球"", ""target_color"": ""green"", ""target_position_hint"": null, ""target_type"": ""sphere""}",绿色球,green sphere,green_sphere,sphere,green,0.39934434442002525,0.10665039613474823,0.05,1,0.3693443444200253,0.10665039613474823,0.05,0.0,0.025,0.15,0.6250000000000004,0.8185151453858017,0.44999999999999996,1.0,1.0,1.0,0.7412030290771605,False,,data/grasp_success/raw/episode_000061/rgb.png,data/grasp_success/raw/episode_000061/depth.npy,data/grasp_success/raw/episode_000061/object_states.json,data/grasp_success/raw/episode_000061/candidates.json,
episode_000061,60,抓起绿色球,"{""confidence"": 0.8500000000000001, ""intent"": ""pick"", ""language"": ""zh"", ""normalized_target_label_en"": ""green sphere"", ""normalized_target_label_zh"": ""绿色球"", ""raw_instruction"": ""抓起绿色球"", ""target_color"": ""green"", ""target_position_hint"": null, ""target_type"": ""sphere""}",绿色球,green sphere,green_sphere,sphere,green,0.39934434442002525,0.10665039613474823,0.05,10,0.3693443444200253,0.10665039613474823,0.05,0.7853981633974483,0.025,0.15,0.6250000000000004,0.8185151453858017,0.4,1.0,1.0,1.0,0.7312030290771605,False,,data/grasp_success/raw/episode_000061/rgb.png,data/grasp_success/raw/episode_000061/depth.npy,data/grasp_success/raw/episode_000061/object_states.json,data/grasp_success/raw/episode_000061/candidates.json,
episode_000061,60,抓起绿色球,"{""confidence"": 0.8500000000000001, ""intent"": ""pick"", ""language"": ""zh"", ""normalized_target_label_en"": ""green sphere"", ""normalized_target_label_zh"": ""绿色球"", ""raw_instruction"": ""抓起绿色球"", ""target_color"": ""green"", ""target_position_hint"": null, ""target_type"": ""sphere""}",绿色球,green sphere,green_sphere,sphere,green,0.39934434442002525,0.10665039613474823,0.05,3,0.39934434442002525,0.07665039613474824,0.05,0.0,0.025,0.15,0.625,0.8412424181130744,0.3727535456031982,1.0,1.0,1.0,0.7302991927432546,False,,data/grasp_success/raw/episode_000061/rgb.png,data/grasp_success/raw/episode_000061/depth.npy,data/grasp_success/raw/episode_000061/object_states.json,data/grasp_success/raw/episode_000061/candidates.json,
episode_000061,60,抓起绿色球,"{""confidence"": 0.8500000000000001, ""intent"": ""pick"", ""language"": ""zh"", ""normalized_target_label_en"": ""green sphere"", ""normalized_target_label_zh"": ""绿色球"", ""raw_instruction"": ""抓起绿色球"", ""target_color"": ""green"", ""target_position_hint"": null, ""target_type"": ""sphere""}",绿色球,green sphere,green_sphere,sphere,green,0.39934434442002525,0.10665039613474823,0.05,7,0.4293443444200252,0.10665039613474823,0.05,0.0,0.025,0.15,0.6250000000000004,0.8439696908403471,0.32028361920062254,1.0,1.0,1.0,0.7203506620081941,False,,data/grasp_success/raw/episode_000061/rgb.png,data/grasp_success/raw/episode_000061/depth.npy,data/grasp_success/raw/episode_000061/object_states.json,data/grasp_success/raw/episode_000061/candidates.json,
episode_000061,60,抓起绿色球,"{""confidence"": 0.8500000000000001, ""intent"": ""pick"", ""language"": ""zh"", ""normalized_target_label_en"": ""green sphere"", ""normalized_target_label_zh"": ""绿色球"", ""raw_instruction"": ""抓起绿色球"", ""target_color"": ""green"", ""target_position_hint"": null, ""target_type"": ""sphere""}",绿色球,green sphere,green_sphere,sphere,green,0.39934434442002525,0.10665039613474823,0.05,0,0.3693443444200253,0.07665039613474824,0.05,0.0,0.025,0.15,0.4696699141100896,0.8285151453858017,0.44999999999999996,1.0,1.0,1.0,0.6966040033101872,False,,data/grasp_success/raw/episode_000061/rgb.png,data/grasp_success/raw/episode_000061/depth.npy,data/grasp_success/raw/episode_000061/object_states.json,data/grasp_success/raw/episode_000061/candidates.json,
episode_000061,60,抓起绿色球,"{""confidence"": 0.8500000000000001, ""intent"": ""pick"", ""language"": ""zh"", ""normalized_target_label_en"": ""green sphere"", ""normalized_target_label_zh"": ""绿色球"", ""raw_instruction"": ""抓起绿色球"", ""target_color"": ""green"", ""target_position_hint"": null, ""target_type"": ""sphere""}",绿色球,green sphere,green_sphere,sphere,green,0.39934434442002525,0.10665039613474823,0.05,2,0.3693443444200253,0.13665039613474822,0.05,0.0,0.025,0.15,0.46966991411008974,0.8085151453858017,0.44999999999999996,1.0,1.0,1.0,0.6926040033101873,False,,data/grasp_success/raw/episode_000061/rgb.png,data/grasp_success/raw/episode_000061/depth.npy,data/grasp_success/raw/episode_000061/object_states.json,data/grasp_success/raw/episode_000061/candidates.json,
episode_000062,61,抓起中间的物体,"{""confidence"": 0.6, ""intent"": ""pick"", ""language"": ""zh"", ""normalized_target_label_en"": ""center"", ""normalized_target_label_zh"": ""中间的物体"", ""raw_instruction"": ""抓起中间的物体"", ""target_color"": null, ""target_position_hint"": ""center"", ""target_type"": null}",中间的物体,center,blue_cylinder,cylinder,blue,0.5261948551099056,0.02641231138904776,0.07,4,0.5261948551099056,0.02641231138904776,0.07,0.0,0.025,0.15,1.0,0.8745879778741958,0.95,1.0,1.0,1.0,0.9649175955748392,True,True,data/grasp_success/raw/episode_000062/rgb.png,data/grasp_success/raw/episode_000062/depth.npy,data/grasp_success/raw/episode_000062/object_states.json,data/grasp_success/raw/episode_000062/candidates.json,
episode_000062,61,抓起中间的物体,"{""confidence"": 0.6, ""intent"": ""pick"", ""language"": ""zh"", ""normalized_target_label_en"": ""center"", ""normalized_target_label_zh"": ""中间的物体"", ""raw_instruction"": ""抓起中间的物体"", ""target_color"": null, ""target_position_hint"": ""center"", ""target_type"": null}",中间的物体,center,blue_cylinder,cylinder,blue,0.5261948551099056,0.02641231138904776,0.07,1,0.4961948551099056,0.02641231138904776,0.07,0.0,0.025,0.15,0.6249999999999997,0.8873152506014685,0.44999999999999996,1.0,1.0,1.0,0.7549630501202936,False,,data/grasp_success/raw/episode_000062/rgb.png,data/grasp_success/raw/episode_000062/depth.npy,data/grasp_success/raw/episode_000062/object_states.json,data/grasp_success/raw/episode_000062/candidates.json,
episode_000062,61,抓起中间的物体,"{""confidence"": 0.6, ""intent"": ""pick"", ""language"": ""zh"", ""normalized_target_label_en"": ""center"", ""normalized_target_label_zh"": ""中间的物体"", ""raw_instruction"": ""抓起中间的物体"", ""target_color"": null, ""target_position_hint"": ""center"", ""target_type"": null}",中间的物体,center,blue_cylinder,cylinder,blue,0.5261948551099056,0.02641231138904776,0.07,3,0.5261948551099056,-0.003587688610952239,0.07,0.0,0.025,0.15,0.625,0.8821961854668944,0.44999999999999996,1.0,1.0,1.0,0.753939237093379,False,,data/grasp_success/raw/episode_000062/rgb.png,data/grasp_success/raw/episode_000062/depth.npy,data/grasp_success/raw/episode_000062/object_states.json,data/grasp_success/raw/episode_000062/candidates.json,
episode_000062,61,抓起中间的物体,"{""confidence"": 0.6, ""intent"": ""pick"", ""language"": ""zh"", ""normalized_target_label_en"": ""center"", ""normalized_target_label_zh"": ""中间的物体"", ""raw_instruction"": ""抓起中间的物体"", ""target_color"": null, ""target_position_hint"": ""center"", ""target_type"": null}",中间的物体,center,blue_cylinder,cylinder,blue,0.5261948551099056,0.02641231138904776,0.07,5,0.5261948551099056,0.05641231138904776,0.07,0.0,0.025,0.15,0.625,0.8645879778741958,0.44999999999999996,1.0,1.0,1.0,0.7504175955748392,False,,data/grasp_success/raw/episode_000062/rgb.png,data/grasp_success/raw/episode_000062/depth.npy,data/grasp_success/raw/episode_000062/object_states.json,data/grasp_success/raw/episode_000062/candidates.json,
episode_000062,61,抓起中间的物体,"{""confidence"": 0.6, ""intent"": ""pick"", ""language"": ""zh"", ""normalized_target_label_en"": ""center"", ""normalized_target_label_zh"": ""中间的物体"", ""raw_instruction"": ""抓起中间的物体"", ""target_color"": null, ""target_position_hint"": ""center"", ""target_type"": null}",中间的物体,center,blue_cylinder,cylinder,blue,0.5261948551099056,0.02641231138904776,0.07,7,0.5561948551099056,0.02641231138904776,0.07,0.0,0.025,0.15,0.6249999999999997,0.8618607051469231,0.44999999999999996,1.0,1.0,1.0,0.7498721410293846,False,,data/grasp_success/raw/episode_000062/rgb.png,data/grasp_success/raw/episode_000062/depth.npy,data/grasp_success/raw/episode_000062/object_states.json,data/grasp_success/raw/episode_000062/candidates.json,
episode_000062,61,抓起中间的物体,"{""confidence"": 0.6, ""intent"": ""pick"", ""language"": ""zh"", ""normalized_target_label_en"": ""center"", ""normalized_target_label_zh"": ""中间的物体"", ""raw_instruction"": ""抓起中间的物体"", ""target_color"": null, ""target_position_hint"": ""center"", ""target_type"": null}",中间的物体,center,blue_cylinder,cylinder,blue,0.5261948551099056,0.02641231138904776,0.07,10,0.4961948551099056,0.02641231138904776,0.07,0.7853981633974483,0.025,0.15,0.6249999999999997,0.8873152506014685,0.4,1.0,1.0,1.0,0.7449630501202936,False,,data/grasp_success/raw/episode_000062/rgb.png,data/grasp_success/raw/episode_000062/depth.npy,data/grasp_success/raw/episode_000062/object_states.json,data/grasp_success/raw/episode_000062/candidates.json,
episode_000062,61,抓起中间的物体,"{""confidence"": 0.6, ""intent"": ""pick"", ""language"": ""zh"", ""normalized_target_label_en"": ""center"", ""normalized_target_label_zh"": ""中间的物体"", ""raw_instruction"": ""抓起中间的物体"", ""target_color"": null, ""target_position_hint"": ""center"", ""target_type"": null}",中间的物体,center,blue_cylinder,cylinder,blue,0.5261948551099056,0.02641231138904776,0.07,0,0.4961948551099056,-0.003587688610952239,0.07,0.0,0.025,0.15,0.4696699141100892,0.8949234581941671,0.44653857137126374,1.0,1.0,1.0,0.709193380146113,False,,data/grasp_success/raw/episode_000062/rgb.png,data/grasp_success/raw/episode_000062/depth.npy,data/grasp_success/raw/episode_000062/object_states.json,data/grasp_success/raw/episode_000062/candidates.json,
episode_000062,61,抓起中间的物体,"{""confidence"": 0.6, ""intent"": ""pick"", ""language"": ""zh"", ""normalized_target_label_en"": ""center"", ""normalized_target_label_zh"": ""中间的物体"", ""raw_instruction"": ""抓起中间的物体"", ""target_color"": null, ""target_position_hint"": ""center"", ""target_type"": null}",中间的物体,center,blue_cylinder,cylinder,blue,0.5261948551099056,0.02641231138904776,0.07,6,0.5561948551099056,-0.003587688610952239,0.07,0.0,0.025,0.15,0.4696699141100892,0.8694689127396216,0.44999999999999996,1.0,1.0,1.0,0.704794756780951,False,,data/grasp_success/raw/episode_000062/rgb.png,data/grasp_success/raw/episode_000062/depth.npy,data/grasp_success/raw/episode_000062/object_states.json,data/grasp_success/raw/episode_000062/candidates.json,
episode_000063,62,抓起最左边的物体,"{""confidence"": 0.6, ""intent"": ""pick"", ""language"": ""zh"", ""normalized_target_label_en"": ""left"", ""normalized_target_label_zh"": ""左边的物体"", ""raw_instruction"": ""抓起最左边的物体"", ""target_color"": null, ""target_position_hint"": ""left"", ""target_type"": null}",左边的物体,left,green_sphere,sphere,green,0.3992950411602672,0.11795523191553912,0.05,4,0.3992950411602672,0.11795523191553912,0.05,0.0,0.025,0.15,1.0,0.8274532229850347,0.95,1.0,1.0,1.0,0.955490644597007,True,True,data/grasp_success/raw/episode_000063/rgb.png,data/grasp_success/raw/episode_000063/depth.npy,data/grasp_success/raw/episode_000063/object_states.json,data/grasp_success/raw/episode_000063/candidates.json,
episode_000063,62,抓起最左边的物体,"{""confidence"": 0.6, ""intent"": ""pick"", ""language"": ""zh"", ""normalized_target_label_en"": ""left"", ""normalized_target_label_zh"": ""左边的物体"", ""raw_instruction"": ""抓起最左边的物体"", ""target_color"": null, ""target_position_hint"": ""left"", ""target_type"": null}",左边的物体,left,green_sphere,sphere,green,0.3992950411602672,0.11795523191553912,0.05,3,0.3992950411602672,0.08795523191553913,0.05,0.0,0.025,0.15,0.625,0.8374532229850347,0.44999999999999996,1.0,1.0,1.0,0.7449906445970069,False,,data/grasp_success/raw/episode_000063/rgb.png,data/grasp_success/raw/episode_000063/depth.npy,data/grasp_success/raw/episode_000063/object_states.json,data/grasp_success/raw/episode_000063/candidates.json,
episode_000063,62,抓起最左边的物体,"{""confidence"": 0.6, ""intent"": ""pick"", ""language"": ""zh"", ""normalized_target_label_en"": ""left"", ""normalized_target_label_zh"": ""左边的物体"", ""raw_instruction"": ""抓起最左边的物体"", ""target_color"": null, ""target_position_hint"": ""left"", ""target_type"": null}",左边的物体,left,green_sphere,sphere,green,0.3992950411602672,0.11795523191553912,0.05,7,0.4292950411602672,0.11795523191553912,0.05,0.0,0.025,0.15,0.6250000000000004,0.8401804957123074,0.43550504263595147,1.0,1.0,1.0,0.742637107669652,False,,data/grasp_success/raw/episode_000063/rgb.png,data/grasp_success/raw/episode_000063/depth.npy,data/grasp_success/raw/episode_000063/object_states.json,data/grasp_success/raw/episode_000063/candidates.json,
episode_000063,62,抓起最左边的物体,"{""confidence"": 0.6, ""intent"": ""pick"", ""language"": ""zh"", ""normalized_target_label_en"": ""left"", ""normalized_target_label_zh"": ""左边的物体"", ""raw_instruction"": ""抓起最左边的物体"", ""target_color"": null, ""target_position_hint"": ""left"", ""target_type"": null}",左边的物体,left,green_sphere,sphere,green,0.3992950411602672,0.11795523191553912,0.05,5,0.3992950411602672,0.1479552319155391,0.05,0.0,0.025,0.15,0.6250000000000002,0.8174532229850346,0.44999999999999996,1.0,1.0,1.0,0.740990644597007,False,,data/grasp_success/raw/episode_000063/rgb.png,data/grasp_success/raw/episode_000063/depth.npy,data/grasp_success/raw/episode_000063/object_states.json,data/grasp_success/raw/episode_000063/candidates.json,
episode_000063,62,抓起最左边的物体,"{""confidence"": 0.6, ""intent"": ""pick"", ""language"": ""zh"", ""normalized_target_label_en"": ""left"", ""normalized_target_label_zh"": ""左边的物体"", ""raw_instruction"": ""抓起最左边的物体"", ""target_color"": null, ""target_position_hint"": ""left"", ""target_type"": null}",左边的物体,left,green_sphere,sphere,green,0.3992950411602672,0.11795523191553912,0.05,1,0.36929504116026723,0.11795523191553912,0.05,0.0,0.025,0.15,0.6250000000000004,0.814725950257762,0.44999999999999996,1.0,1.0,1.0,0.7404451900515525,False,,data/grasp_success/raw/episode_000063/rgb.png,data/grasp_success/raw/episode_000063/depth.npy,data/grasp_success/raw/episode_000063/object_states.json,data/grasp_success/raw/episode_000063/candidates.json,
episode_000063,62,抓起最左边的物体,"{""confidence"": 0.6, ""intent"": ""pick"", ""language"": ""zh"", ""normalized_target_label_en"": ""left"", ""normalized_target_label_zh"": ""左边的物体"", ""raw_instruction"": ""抓起最左边的物体"", ""target_color"": null, ""target_position_hint"": ""left"", ""target_type"": null}",左边的物体,left,green_sphere,sphere,green,0.3992950411602672,0.11795523191553912,0.05,10,0.36929504116026723,0.11795523191553912,0.05,0.7853981633974483,0.025,0.15,0.6250000000000004,0.814725950257762,0.4,1.0,1.0,1.0,0.7304451900515525,False,,data/grasp_success/raw/episode_000063/rgb.png,data/grasp_success/raw/episode_000063/depth.npy,data/grasp_success/raw/episode_000063/object_states.json,data/grasp_success/raw/episode_000063/candidates.json,
episode_000063,62,抓起最左边的物体,"{""confidence"": 0.6, ""intent"": ""pick"", ""language"": ""zh"", ""normalized_target_label_en"": ""left"", ""normalized_target_label_zh"": ""左边的物体"", ""raw_instruction"": ""抓起最左边的物体"", ""target_color"": null, ""target_position_hint"": ""left"", ""target_type"": null}",左边的物体,left,green_sphere,sphere,green,0.3992950411602672,0.11795523191553912,0.05,8,0.4292950411602672,0.1479552319155391,0.05,0.0,0.025,0.15,0.46966991411008974,0.8301804957123073,0.44999999999999996,1.0,1.0,1.0,0.6969370733754884,False,,data/grasp_success/raw/episode_000063/rgb.png,data/grasp_success/raw/episode_000063/depth.npy,data/grasp_success/raw/episode_000063/object_states.json,data/grasp_success/raw/episode_000063/candidates.json,
episode_000063,62,抓起最左边的物体,"{""confidence"": 0.6, ""intent"": ""pick"", ""language"": ""zh"", ""normalized_target_label_en"": ""left"", ""normalized_target_label_zh"": ""左边的物体"", ""raw_instruction"": ""抓起最左边的物体"", ""target_color"": null, ""target_position_hint"": ""left"", ""target_type"": null}",左边的物体,left,green_sphere,sphere,green,0.3992950411602672,0.11795523191553912,0.05,0,0.36929504116026723,0.08795523191553913,0.05,0.0,0.025,0.15,0.4696699141100896,0.824725950257762,0.44999999999999996,1.0,1.0,1.0,0.6958461642845793,False,,data/grasp_success/raw/episode_000063/rgb.png,data/grasp_success/raw/episode_000063/depth.npy,data/grasp_success/raw/episode_000063/object_states.json,data/grasp_success/raw/episode_000063/candidates.json,
episode_000064,63,抓起中间的物体,"{""confidence"": 0.6, ""intent"": ""pick"", ""language"": ""zh"", ""normalized_target_label_en"": ""center"", ""normalized_target_label_zh"": ""中间的物体"", ""raw_instruction"": ""抓起中间的物体"", ""target_color"": null, ""target_position_hint"": ""center"", ""target_type"": null}",中间的物体,center,blue_cylinder,cylinder,blue,0.5281885774810511,0.02968612695631677,0.07,4,0.5281885774810511,0.02968612695631677,0.07,0.0,0.025,0.15,1.0,0.8726508844064385,0.95,1.0,1.0,1.0,0.9645301768812877,True,True,data/grasp_success/raw/episode_000064/rgb.png,data/grasp_success/raw/episode_000064/depth.npy,data/grasp_success/raw/episode_000064/object_states.json,data/grasp_success/raw/episode_000064/candidates.json,
episode_000064,63,抓起中间的物体,"{""confidence"": 0.6, ""intent"": ""pick"", ""language"": ""zh"", ""normalized_target_label_en"": ""center"", ""normalized_target_label_zh"": ""中间的物体"", ""raw_instruction"": ""抓起中间的物体"", ""target_color"": null, ""target_position_hint"": ""center"", ""target_type"": null}",中间的物体,center,blue_cylinder,cylinder,blue,0.5281885774810511,0.02968612695631677,0.07,1,0.49818857748105105,0.02968612695631677,0.07,0.0,0.025,0.15,0.6249999999999997,0.8853781571337112,0.44999999999999996,1.0,1.0,1.0,0.7545756314267421,False,,data/grasp_success/raw/episode_000064/rgb.png,data/grasp_success/raw/episode_000064/depth.npy,data/grasp_success/raw/episode_000064/object_states.json,data/grasp_success/raw/episode_000064/candidates.json,
episode_000064,63,抓起中间的物体,"{""confidence"": 0.6, ""intent"": ""pick"", ""language"": ""zh"", ""normalized_target_label_en"": ""center"", ""normalized_target_label_zh"": ""中间的物体"", ""raw_instruction"": ""抓起中间的物体"", ""target_color"": null, ""target_position_hint"": ""center"", ""target_type"": null}",中间的物体,center,blue_cylinder,cylinder,blue,0.5281885774810511,0.02968612695631677,0.07,3,0.5281885774810511,-0.0003138730436832299,0.07,0.0,0.025,0.15,0.625,0.8824416357106496,0.44999999999999996,1.0,1.0,1.0,0.7539883271421299,False,,data/grasp_success/raw/episode_000064/rgb.png,data/grasp_success/raw/episode_000064/depth.npy,data/grasp_success/raw/episode_000064/object_states.json,data/grasp_success/raw/episode_000064/candidates.json,
episode_000064,63,抓起中间的物体,"{""confidence"": 0.6, ""intent"": ""pick"", ""language"": ""zh"", ""normalized_target_label_en"": ""center"", ""normalized_target_label_zh"": ""中间的物体"", ""raw_instruction"": ""抓起中间的物体"", ""target_color"": null, ""target_position_hint"": ""center"", ""target_type"": null}",中间的物体,center,blue_cylinder,cylinder,blue,0.5281885774810511,0.02968612695631677,0.07,5,0.5281885774810511,0.05968612695631677,0.07,0.0,0.025,0.15,0.625,0.8626508844064384,0.44999999999999996,1.0,1.0,1.0,0.7500301768812877,False,,data/grasp_success/raw/episode_000064/rgb.png,data/grasp_success/raw/episode_000064/depth.npy,data/grasp_success/raw/episode_000064/object_states.json,data/grasp_success/raw/episode_000064/candidates.json,
episode_000064,63,抓起中间的物体,"{""confidence"": 0.6, ""intent"": ""pick"", ""language"": ""zh"", ""normalized_target_label_en"": ""center"", ""normalized_target_label_zh"": ""中间的物体"", ""raw_instruction"": ""抓起中间的物体"", ""target_color"": null, ""target_position_hint"": ""center"", ""target_type"": null}",中间的物体,center,blue_cylinder,cylinder,blue,0.5281885774810511,0.02968612695631677,0.07,7,0.5581885774810511,0.02968612695631677,0.07,0.0,0.025,0.15,0.6249999999999997,0.8599236116791656,0.44999999999999996,1.0,1.0,1.0,0.7494847223358331,False,,data/grasp_success/raw/episode_000064/rgb.png,data/grasp_success/raw/episode_000064/depth.npy,data/grasp_success/raw/episode_000064/object_states.json,data/grasp_success/raw/episode_000064/candidates.json,
episode_000064,63,抓起中间的物体,"{""confidence"": 0.6, ""intent"": ""pick"", ""language"": ""zh"", ""normalized_target_label_en"": ""center"", ""normalized_target_label_zh"": ""中间的物体"", ""raw_instruction"": ""抓起中间的物体"", ""target_color"": null, ""target_position_hint"": ""center"", ""target_type"": null}",中间的物体,center,blue_cylinder,cylinder,blue,0.5281885774810511,0.02968612695631677,0.07,10,0.49818857748105105,0.02968612695631677,0.07,0.7853981633974483,0.025,0.15,0.6249999999999997,0.8853781571337112,0.4,1.0,1.0,1.0,0.7445756314267421,False,,data/grasp_success/raw/episode_000064/rgb.png,data/grasp_success/raw/episode_000064/depth.npy,data/grasp_success/raw/episode_000064/object_states.json,data/grasp_success/raw/episode_000064/candidates.json,
episode_000064,63,抓起中间的物体,"{""confidence"": 0.6, ""intent"": ""pick"", ""language"": ""zh"", ""normalized_target_label_en"": ""center"", ""normalized_target_label_zh"": ""中间的物体"", ""raw_instruction"": ""抓起中间的物体"", ""target_color"": null, ""target_position_hint"": ""center"", ""target_type"": null}",中间的物体,center,blue_cylinder,cylinder,blue,0.5281885774810511,0.02968612695631677,0.07,0,0.49818857748105105,-0.0003138730436832299,0.07,0.0,0.025,0.15,0.4696699141100892,0.8951689084379223,0.44999999999999996,1.0,1.0,1.0,0.7099347559206113,False,,data/grasp_success/raw/episode_000064/rgb.png,data/grasp_success/raw/episode_000064/depth.npy,data/grasp_success/raw/episode_000064/object_states.json,data/grasp_success/raw/episode_000064/candidates.json,
episode_000064,63,抓起中间的物体,"{""confidence"": 0.6, ""intent"": ""pick"", ""language"": ""zh"", ""normalized_target_label_en"": ""center"", ""normalized_target_label_zh"": ""中间的物体"", ""raw_instruction"": ""抓起中间的物体"", ""target_color"": null, ""target_position_hint"": ""center"", ""target_type"": null}",中间的物体,center,blue_cylinder,cylinder,blue,0.5281885774810511,0.02968612695631677,0.07,6,0.5581885774810511,-0.0003138730436832299,0.07,0.0,0.025,0.15,0.4696699141100892,0.8697143629833768,0.44999999999999996,1.0,1.0,1.0,0.7048438468297021,False,,data/grasp_success/raw/episode_000064/rgb.png,data/grasp_success/raw/episode_000064/depth.npy,data/grasp_success/raw/episode_000064/object_states.json,data/grasp_success/raw/episode_000064/candidates.json,
episode_000065,64,抓起中间的物体,"{""confidence"": 0.6, ""intent"": ""pick"", ""language"": ""zh"", ""normalized_target_label_en"": ""center"", ""normalized_target_label_zh"": ""中间的物体"", ""raw_instruction"": ""抓起中间的物体"", ""target_color"": null, ""target_position_hint"": ""center"", ""target_type"": null}",中间的物体,center,blue_cylinder,cylinder,blue,0.5180792193913695,0.03840048025352654,0.07,4,0.5180792193913695,0.03840048025352654,0.07,0.0,0.025,0.15,1.0,0.8740349185575365,0.95,1.0,1.0,1.0,0.9648069837115074,True,True,data/grasp_success/raw/episode_000065/rgb.png,data/grasp_success/raw/episode_000065/depth.npy,data/grasp_success/raw/episode_000065/object_states.json,data/grasp_success/raw/episode_000065/candidates.json,
episode_000065,64,抓起中间的物体,"{""confidence"": 0.6, ""intent"": ""pick"", ""language"": ""zh"", ""normalized_target_label_en"": ""center"", ""normalized_target_label_zh"": ""中间的物体"", ""raw_instruction"": ""抓起中间的物体"", ""target_color"": null, ""target_position_hint"": ""center"", ""target_type"": null}",中间的物体,center,blue_cylinder,cylinder,blue,0.5180792193913695,0.03840048025352654,0.07,3,0.5180792193913695,0.008400480253526542,0.07,0.0,0.025,0.15,0.625,0.8840349185575365,0.44999999999999996,1.0,1.0,1.0,0.7543069837115073,False,,data/grasp_success/raw/episode_000065/rgb.png,data/grasp_success/raw/episode_000065/depth.npy,data/grasp_success/raw/episode_000065/object_states.json,data/grasp_success/raw/episode_000065/candidates.json,
episode_000065,64,抓起中间的物体,"{""confidence"": 0.6, ""intent"": ""pick"", ""language"": ""zh"", ""normalized_target_label_en"": ""center"", ""normalized_target_label_zh"": ""中间的物体"", ""raw_instruction"": ""抓起中间的物体"", ""target_color"": null, ""target_position_hint"": ""center"", ""target_type"": null}",中间的物体,center,blue_cylinder,cylinder,blue,0.5180792193913695,0.03840048025352654,0.07,1,0.48807921939136945,0.03840048025352654,0.07,0.0,0.025,0.15,0.6249999999999997,0.8867621912848092,0.4372549205433218,1.0,1.0,1.0,0.7523034223656261,False,,data/grasp_success/raw/episode_000065/rgb.png,data/grasp_success/raw/episode_000065/depth.npy,data/grasp_success/raw/episode_000065/object_states.json,data/grasp_success/raw/episode_000065/candidates.json,
episode_000065,64,抓起中间的物体,"{""confidence"": 0.6, ""intent"": ""pick"", ""language"": ""zh"", ""normalized_target_label_en"": ""center"", ""normalized_target_label_zh"": ""中间的物体"", ""raw_instruction"": ""抓起中间的物体"", ""target_color"": null, ""target_position_hint"": ""center"", ""target_type"": null}",中间的物体,center,blue_cylinder,cylinder,blue,0.5180792193913695,0.03840048025352654,0.07,5,0.5180792193913695,0.06840048025352655,0.07,0.0,0.025,0.15,0.625,0.8640349185575364,0.44999999999999996,1.0,1.0,1.0,0.7503069837115073,False,,data/grasp_success/raw/episode_000065/rgb.png,data/grasp_success/raw/episode_000065/depth.npy,data/grasp_success/raw/episode_000065/object_states.json,data/grasp_success/raw/episode_000065/candidates.json,
episode_000065,64,抓起中间的物体,"{""confidence"": 0.6, ""intent"": ""pick"", ""language"": ""zh"", ""normalized_target_label_en"": ""center"", ""normalized_target_label_zh"": ""中间的物体"", ""raw_instruction"": ""抓起中间的物体"", ""target_color"": null, ""target_position_hint"": ""center"", ""target_type"": null}",中间的物体,center,blue_cylinder,cylinder,blue,0.5180792193913695,0.03840048025352654,0.07,7,0.5480792193913695,0.03840048025352654,0.07,0.0,0.025,0.15,0.6249999999999997,0.8613076458302636,0.44999999999999996,1.0,1.0,1.0,0.7497615291660527,False,,data/grasp_success/raw/episode_000065/rgb.png,data/grasp_success/raw/episode_000065/depth.npy,data/grasp_success/raw/episode_000065/object_states.json,data/grasp_success/raw/episode_000065/candidates.json,
episode_000065,64,抓起中间的物体,"{""confidence"": 0.6, ""intent"": ""pick"", ""language"": ""zh"", ""normalized_target_label_en"": ""center"", ""normalized_target_label_zh"": ""中间的物体"", ""raw_instruction"": ""抓起中间的物体"", ""target_color"": null, ""target_position_hint"": ""center"", ""target_type"": null}",中间的物体,center,blue_cylinder,cylinder,blue,0.5180792193913695,0.03840048025352654,0.07,10,0.48807921939136945,0.03840048025352654,0.07,0.7853981633974483,0.025,0.15,0.6249999999999997,0.8867621912848092,0.3872549205433219,1.0,1.0,1.0,0.7423034223656262,False,,data/grasp_success/raw/episode_000065/rgb.png,data/grasp_success/raw/episode_000065/depth.npy,data/grasp_success/raw/episode_000065/object_states.json,data/grasp_success/raw/episode_000065/candidates.json,
episode_000065,64,抓起中间的物体,"{""confidence"": 0.6, ""intent"": ""pick"", ""language"": ""zh"", ""normalized_target_label_en"": ""center"", ""normalized_target_label_zh"": ""中间的物体"", ""raw_instruction"": ""抓起中间的物体"", ""target_color"": null, ""target_position_hint"": ""center"", ""target_type"": null}",中间的物体,center,blue_cylinder,cylinder,blue,0.5180792193913695,0.03840048025352654,0.07,0,0.48807921939136945,0.008400480253526542,0.07,0.0,0.025,0.15,0.4696699141100892,0.8967621912848092,0.44999999999999996,1.0,1.0,1.0,0.7102534124899886,False,,data/grasp_success/raw/episode_000065/rgb.png,data/grasp_success/raw/episode_000065/depth.npy,data/grasp_success/raw/episode_000065/object_states.json,data/grasp_success/raw/episode_000065/candidates.json,
episode_000065,64,抓起中间的物体,"{""confidence"": 0.6, ""intent"": ""pick"", ""language"": ""zh"", ""normalized_target_label_en"": ""center"", ""normalized_target_label_zh"": ""中间的物体"", ""raw_instruction"": ""抓起中间的物体"", ""target_color"": null, ""target_position_hint"": ""center"", ""target_type"": null}",中间的物体,center,blue_cylinder,cylinder,blue,0.5180792193913695,0.03840048025352654,0.07,6,0.5480792193913695,0.008400480253526542,0.07,0.0,0.025,0.15,0.4696699141100892,0.8713076458302637,0.44999999999999996,1.0,1.0,1.0,0.7051625033990795,False,,data/grasp_success/raw/episode_000065/rgb.png,data/grasp_success/raw/episode_000065/depth.npy,data/grasp_success/raw/episode_000065/object_states.json,data/grasp_success/raw/episode_000065/candidates.json,
episode_000066,65,抓起中间的物体,"{""confidence"": 0.6, ""intent"": ""pick"", ""language"": ""zh"", ""normalized_target_label_en"": ""center"", ""normalized_target_label_zh"": ""中间的物体"", ""raw_instruction"": ""抓起中间的物体"", ""target_color"": null, ""target_position_hint"": ""center"", ""target_type"": null}",中间的物体,center,blue_cylinder,cylinder,blue,0.5268942468196075,0.028875420459874374,0.07,4,0.5268942468196075,0.028875420459874374,0.07,0.0,0.025,0.15,1.0,0.8734702298828346,0.95,1.0,1.0,1.0,0.9646940459765669,True,True,data/grasp_success/raw/episode_000066/rgb.png,data/grasp_success/raw/episode_000066/depth.npy,data/grasp_success/raw/episode_000066/object_states.json,data/grasp_success/raw/episode_000066/candidates.json,
episode_000066,65,抓起中间的物体,"{""confidence"": 0.6, ""intent"": ""pick"", ""language"": ""zh"", ""normalized_target_label_en"": ""center"", ""normalized_target_label_zh"": ""中间的物体"", ""raw_instruction"": ""抓起中间的物体"", ""target_color"": null, ""target_position_hint"": ""center"", ""target_type"": null}",中间的物体,center,blue_cylinder,cylinder,blue,0.5268942468196075,0.028875420459874374,0.07,3,0.5268942468196075,-0.0011245795401256253,0.07,0.0,0.025,0.15,0.625,0.8827205101894176,0.44999999999999996,1.0,1.0,1.0,0.7540441020378835,False,,data/grasp_success/raw/episode_000066/rgb.png,data/grasp_success/raw/episode_000066/depth.npy,data/grasp_success/raw/episode_000066/object_states.json,data/grasp_success/raw/episode_000066/candidates.json,
episode_000066,65,抓起中间的物体,"{""confidence"": 0.6, ""intent"": ""pick"", ""language"": ""zh"", ""normalized_target_label_en"": ""center"", ""normalized_target_label_zh"": ""中间的物体"", ""raw_instruction"": ""抓起中间的物体"", ""target_color"": null, ""target_position_hint"": ""center"", ""target_type"": null}",中间的物体,center,blue_cylinder,cylinder,blue,0.5268942468196075,0.028875420459874374,0.07,1,0.4968942468196075,0.028875420459874374,0.07,0.0,0.025,0.15,0.6249999999999997,0.8861975026101074,0.43467354075467657,1.0,1.0,1.0,0.7516742086729568,False,,data/grasp_success/raw/episode_000066/rgb.png,data/grasp_success/raw/episode_000066/depth.npy,data/grasp_success/raw/episode_000066/object_states.json,data/grasp_success/raw/episode_000066/candidates.json,
episode_000066,65,抓起中间的物体,"{""confidence"": 0.6, ""intent"": ""pick"", ""language"": ""zh"", ""normalized_target_label_en"": ""center"", ""normalized_target_label_zh"": ""中间的物体"", ""raw_instruction"": ""抓起中间的物体"", ""target_color"": null, ""target_position_hint"": ""center"", ""target_type"": null}",中间的物体,center,blue_cylinder,cylinder,blue,0.5268942468196075,0.028875420459874374,0.07,5,0.5268942468196075,0.05887542045987437,0.07,0.0,0.025,0.15,0.625,0.8634702298828346,0.44999999999999996,1.0,1.0,1.0,0.7501940459765669,False,,data/grasp_success/raw/episode_000066/rgb.png,data/grasp_success/raw/episode_000066/depth.npy,data/grasp_success/raw/episode_000066/object_states.json,data/grasp_success/raw/episode_000066/candidates.json,
episode_000066,65,抓起中间的物体,"{""confidence"": 0.6, ""intent"": ""pick"", ""language"": ""zh"", ""normalized_target_label_en"": ""center"", ""normalized_target_label_zh"": ""中间的物体"", ""raw_instruction"": ""抓起中间的物体"", ""target_color"": null, ""target_position_hint"": ""center"", ""target_type"": null}",中间的物体,center,blue_cylinder,cylinder,blue,0.5268942468196075,0.028875420459874374,0.07,7,0.5568942468196075,0.028875420459874374,0.07,0.0,0.025,0.15,0.6249999999999997,0.8607429571555619,0.44999999999999996,1.0,1.0,1.0,0.7496485914311123,False,,data/grasp_success/raw/episode_000066/rgb.png,data/grasp_success/raw/episode_000066/depth.npy,data/grasp_success/raw/episode_000066/object_states.json,data/grasp_success/raw/episode_000066/candidates.json,
episode_000066,65,抓起中间的物体,"{""confidence"": 0.6, ""intent"": ""pick"", ""language"": ""zh"", ""normalized_target_label_en"": ""center"", ""normalized_target_label_zh"": ""中间的物体"", ""raw_instruction"": ""抓起中间的物体"", ""target_color"": null, ""target_position_hint"": ""center"", ""target_type"": null}",中间的物体,center,blue_cylinder,cylinder,blue,0.5268942468196075,0.028875420459874374,0.07,10,0.4968942468196075,0.028875420459874374,0.07,0.7853981633974483,0.025,0.15,0.6249999999999997,0.8861975026101074,0.38467354075467663,1.0,1.0,1.0,0.7416742086729567,False,,data/grasp_success/raw/episode_000066/rgb.png,data/grasp_success/raw/episode_000066/depth.npy,data/grasp_success/raw/episode_000066/object_states.json,data/grasp_success/raw/episode_000066/candidates.json,
episode_000066,65,抓起中间的物体,"{""confidence"": 0.6, ""intent"": ""pick"", ""language"": ""zh"", ""normalized_target_label_en"": ""center"", ""normalized_target_label_zh"": ""中间的物体"", ""raw_instruction"": ""抓起中间的物体"", ""target_color"": null, ""target_position_hint"": ""center"", ""target_type"": null}",中间的物体,center,blue_cylinder,cylinder,blue,0.5268942468196075,0.028875420459874374,0.07,0,0.4968942468196075,-0.0011245795401256253,0.07,0.0,0.025,0.15,0.4696699141100892,0.8954477829166902,0.44999999999999996,1.0,1.0,1.0,0.7099905308163649,False,,data/grasp_success/raw/episode_000066/rgb.png,data/grasp_success/raw/episode_000066/depth.npy,data/grasp_success/raw/episode_000066/object_states.json,data/grasp_success/raw/episode_000066/candidates.json,
episode_000066,65,抓起中间的物体,"{""confidence"": 0.6, ""intent"": ""pick"", ""language"": ""zh"", ""normalized_target_label_en"": ""center"", ""normalized_target_label_zh"": ""中间的物体"", ""raw_instruction"": ""抓起中间的物体"", ""target_color"": null, ""target_position_hint"": ""center"", ""target_type"": null}",中间的物体,center,blue_cylinder,cylinder,blue,0.5268942468196075,0.028875420459874374,0.07,6,0.5568942468196075,-0.0011245795401256253,0.07,0.0,0.025,0.15,0.4696699141100892,0.8699932374621449,0.44999999999999996,1.0,1.0,1.0,0.7048996217254557,False,,data/grasp_success/raw/episode_000066/rgb.png,data/grasp_success/raw/episode_000066/depth.npy,data/grasp_success/raw/episode_000066/object_states.json,data/grasp_success/raw/episode_000066/candidates.json,
episode_000067,66,抓起红色方块,"{""confidence"": 0.8500000000000001, ""intent"": ""pick"", ""language"": ""zh"", ""normalized_target_label_en"": ""red cube"", ""normalized_target_label_zh"": ""红色方块"", ""raw_instruction"": ""抓起红色方块"", ""target_color"": ""red"", ""target_position_hint"": null, ""target_type"": ""cube""}",红色方块,red cube,red_cube,cube,red,0.4414161785411815,-0.12130824492517317,0.045,4,0.4414161785411815,-0.12130824492517317,0.045,0.0,0.035,0.15,1.0,0.842649569860595,0.95,1.0,1.0,1.0,0.9585299139721191,True,False,data/grasp_success/raw/episode_000067/rgb.png,data/grasp_success/raw/episode_000067/depth.npy,data/grasp_success/raw/episode_000067/object_states.json,data/grasp_success/raw/episode_000067/candidates.json,
episode_000067,66,抓起红色方块,"{""confidence"": 0.8500000000000001, ""intent"": ""pick"", ""language"": ""zh"", ""normalized_target_label_en"": ""red cube"", ""normalized_target_label_zh"": ""红色方块"", ""raw_instruction"": ""抓起红色方块"", ""target_color"": ""red"", ""target_position_hint"": null, ""target_type"": ""cube""}",红色方块,red cube,red_cube,cube,red,0.4414161785411815,-0.12130824492517317,0.045,7,0.47141617854118145,-0.12130824492517317,0.045,0.0,0.035,0.15,0.6250000000000004,0.8553768425878677,0.44999999999999996,1.0,1.0,1.0,0.7485753685175737,False,,data/grasp_success/raw/episode_000067/rgb.png,data/grasp_success/raw/episode_000067/depth.npy,data/grasp_success/raw/episode_000067/object_states.json,data/grasp_success/raw/episode_000067/candidates.json,
episode_000067,66,抓起红色方块,"{""confidence"": 0.8500000000000001, ""intent"": ""pick"", ""language"": ""zh"", ""normalized_target_label_en"": ""red cube"", ""normalized_target_label_zh"": ""红色方块"", ""raw_instruction"": ""抓起红色方块"", ""target_color"": ""red"", ""target_position_hint"": null, ""target_type"": ""cube""}",红色方块,red cube,red_cube,cube,red,0.4414161785411815,-0.12130824492517317,0.045,5,0.4414161785411815,-0.09130824492517317,0.045,0.0,0.035,0.15,0.625,0.852649569860595,0.44999999999999996,1.0,1.0,1.0,0.748029913972119,False,,data/grasp_success/raw/episode_000067/rgb.png,data/grasp_success/raw/episode_000067/depth.npy,data/grasp_success/raw/episode_000067/object_states.json,data/grasp_success/raw/episode_000067/candidates.json,
episode_000067,66,抓起红色方块,"{""confidence"": 0.8500000000000001, ""intent"": ""pick"", ""language"": ""zh"", ""normalized_target_label_en"": ""red cube"", ""normalized_target_label_zh"": ""红色方块"", ""raw_instruction"": ""抓起红色方块"", ""target_color"": ""red"", ""target_position_hint"": null, ""target_type"": ""cube""}",红色方块,red cube,red_cube,cube,red,0.4414161785411815,-0.12130824492517317,0.045,3,0.4414161785411815,-0.15130824492517317,0.045,0.0,0.035,0.15,0.625,0.832649569860595,0.44999999999999996,1.0,1.0,1.0,0.744029913972119,False,,data/grasp_success/raw/episode_000067/rgb.png,data/grasp_success/raw/episode_000067/depth.npy,data/grasp_success/raw/episode_000067/object_states.json,data/grasp_success/raw/episode_000067/candidates.json,
episode_000067,66,抓起红色方块,"{""confidence"": 0.8500000000000001, ""intent"": ""pick"", ""language"": ""zh"", ""normalized_target_label_en"": ""red cube"", ""normalized_target_label_zh"": ""红色方块"", ""raw_instruction"": ""抓起红色方块"", ""target_color"": ""red"", ""target_position_hint"": null, ""target_type"": ""cube""}",红色方块,red cube,red_cube,cube,red,0.4414161785411815,-0.12130824492517317,0.045,1,0.4114161785411815,-0.12130824492517317,0.045,0.0,0.035,0.15,0.6250000000000004,0.8299222971333223,0.44999999999999996,1.0,1.0,1.0,0.7434844594266646,False,,data/grasp_success/raw/episode_000067/rgb.png,data/grasp_success/raw/episode_000067/depth.npy,data/grasp_success/raw/episode_000067/object_states.json,data/grasp_success/raw/episode_000067/candidates.json,
episode_000067,66,抓起红色方块,"{""confidence"": 0.8500000000000001, ""intent"": ""pick"", ""language"": ""zh"", ""normalized_target_label_en"": ""red cube"", ""normalized_target_label_zh"": ""红色方块"", ""raw_instruction"": ""抓起红色方块"", ""target_color"": ""red"", ""target_position_hint"": null, ""target_type"": ""cube""}",红色方块,red cube,red_cube,cube,red,0.4414161785411815,-0.12130824492517317,0.045,6,0.47141617854118145,-0.15130824492517317,0.045,0.0,0.035,0.15,0.4696699141100896,0.8453768425878678,0.44999999999999996,1.0,1.0,1.0,0.6999763427506005,False,,data/grasp_success/raw/episode_000067/rgb.png,data/grasp_success/raw/episode_000067/depth.npy,data/grasp_success/raw/episode_000067/object_states.json,data/grasp_success/raw/episode_000067/candidates.json,
episode_000067,66,抓起红色方块,"{""confidence"": 0.8500000000000001, ""intent"": ""pick"", ""language"": ""zh"", ""normalized_target_label_en"": ""red cube"", ""normalized_target_label_zh"": ""红色方块"", ""raw_instruction"": ""抓起红色方块"", ""target_color"": ""red"", ""target_position_hint"": null, ""target_type"": ""cube""}",红色方块,red cube,red_cube,cube,red,0.4414161785411815,-0.12130824492517317,0.045,2,0.4114161785411815,-0.09130824492517317,0.045,0.0,0.035,0.15,0.4696699141100896,0.8399222971333223,0.44999999999999996,1.0,1.0,1.0,0.6988854336596914,False,,data/grasp_success/raw/episode_000067/rgb.png,data/grasp_success/raw/episode_000067/depth.npy,data/grasp_success/raw/episode_000067/object_states.json,data/grasp_success/raw/episode_000067/candidates.json,
episode_000067,66,抓起红色方块,"{""confidence"": 0.8500000000000001, ""intent"": ""pick"", ""language"": ""zh"", ""normalized_target_label_en"": ""red cube"", ""normalized_target_label_zh"": ""红色方块"", ""raw_instruction"": ""抓起红色方块"", ""target_color"": ""red"", ""target_position_hint"": null, ""target_type"": ""cube""}",红色方块,red cube,red_cube,cube,red,0.4414161785411815,-0.12130824492517317,0.045,0,0.4114161785411815,-0.15130824492517317,0.045,0.0,0.035,0.15,0.4696699141100896,0.8199222971333223,0.44999999999999996,1.0,1.0,1.0,0.6948854336596914,False,,data/grasp_success/raw/episode_000067/rgb.png,data/grasp_success/raw/episode_000067/depth.npy,data/grasp_success/raw/episode_000067/object_states.json,data/grasp_success/raw/episode_000067/candidates.json,
episode_000068,67,抓起红色方块,"{""confidence"": 0.8500000000000001, ""intent"": ""pick"", ""language"": ""zh"", ""normalized_target_label_en"": ""red cube"", ""normalized_target_label_zh"": ""红色方块"", ""raw_instruction"": ""抓起红色方块"", ""target_color"": ""red"", ""target_position_hint"": null, ""target_type"": ""cube""}",红色方块,red cube,red_cube,cube,red,0.44149587513746225,-0.11467998528355572,0.045,4,0.44149587513746225,-0.11467998528355572,0.045,0.0,0.035,0.15,1.0,0.8448928004183442,0.95,1.0,1.0,1.0,0.9589785600836689,True,False,data/grasp_success/raw/episode_000068/rgb.png,data/grasp_success/raw/episode_000068/depth.npy,data/grasp_success/raw/episode_000068/object_states.json,data/grasp_success/raw/episode_000068/candidates.json,
episode_000068,67,抓起红色方块,"{""confidence"": 0.8500000000000001, ""intent"": ""pick"", ""language"": ""zh"", ""normalized_target_label_en"": ""red cube"", ""normalized_target_label_zh"": ""红色方块"", ""raw_instruction"": ""抓起红色方块"", ""target_color"": ""red"", ""target_position_hint"": null, ""target_type"": ""cube""}",红色方块,red cube,red_cube,cube,red,0.44149587513746225,-0.11467998528355572,0.045,7,0.4714958751374623,-0.11467998528355572,0.045,0.0,0.035,0.15,0.6249999999999997,0.857620073145617,0.44999999999999996,1.0,1.0,1.0,0.7490240146291233,False,,data/grasp_success/raw/episode_000068/rgb.png,data/grasp_success/raw/episode_000068/depth.npy,data/grasp_success/raw/episode_000068/object_states.json,data/grasp_success/raw/episode_000068/candidates.json,
episode_000068,67,抓起红色方块,"{""confidence"": 0.8500000000000001, ""intent"": ""pick"", ""language"": ""zh"", ""normalized_target_label_en"": ""red cube"", ""normalized_target_label_zh"": ""红色方块"", ""raw_instruction"": ""抓起红色方块"", ""target_color"": ""red"", ""target_position_hint"": null, ""target_type"": ""cube""}",红色方块,red cube,red_cube,cube,red,0.44149587513746225,-0.11467998528355572,0.045,5,0.44149587513746225,-0.08467998528355572,0.045,0.0,0.035,0.15,0.625,0.8548928004183443,0.44999999999999996,1.0,1.0,1.0,0.7484785600836689,False,,data/grasp_success/raw/episode_000068/rgb.png,data/grasp_success/raw/episode_000068/depth.npy,data/grasp_success/raw/episode_000068/object_states.json,data/grasp_success/raw/episode_000068/candidates.json,
episode_000068,67,抓起红色方块,"{""confidence"": 0.8500000000000001, ""intent"": ""pick"", ""language"": ""zh"", ""normalized_target_label_en"": ""red cube"", ""normalized_target_label_zh"": ""红色方块"", ""raw_instruction"": ""抓起红色方块"", ""target_color"": ""red"", ""target_position_hint"": null, ""target_type"": ""cube""}",红色方块,red cube,red_cube,cube,red,0.44149587513746225,-0.11467998528355572,0.045,3,0.44149587513746225,-0.14467998528355572,0.045,0.0,0.035,0.15,0.625,0.8348928004183442,0.44999999999999996,1.0,1.0,1.0,0.7444785600836689,False,,data/grasp_success/raw/episode_000068/rgb.png,data/grasp_success/raw/episode_000068/depth.npy,data/grasp_success/raw/episode_000068/object_states.json,data/grasp_success/raw/episode_000068/candidates.json,
episode_000068,67,抓起红色方块,"{""confidence"": 0.8500000000000001, ""intent"": ""pick"", ""language"": ""zh"", ""normalized_target_label_en"": ""red cube"", ""normalized_target_label_zh"": ""红色方块"", ""raw_instruction"": ""抓起红色方块"", ""target_color"": ""red"", ""target_position_hint"": null, ""target_type"": ""cube""}",红色方块,red cube,red_cube,cube,red,0.44149587513746225,-0.11467998528355572,0.045,1,0.4114958751374622,-0.11467998528355572,0.045,0.0,0.035,0.15,0.6249999999999997,0.8321655276910714,0.44999999999999996,1.0,1.0,1.0,0.7439331055382142,False,,data/grasp_success/raw/episode_000068/rgb.png,data/grasp_success/raw/episode_000068/depth.npy,data/grasp_success/raw/episode_000068/object_states.json,data/grasp_success/raw/episode_000068/candidates.json,
episode_000068,67,抓起红色方块,"{""confidence"": 0.8500000000000001, ""intent"": ""pick"", ""language"": ""zh"", ""normalized_target_label_en"": ""red cube"", ""normalized_target_label_zh"": ""红色方块"", ""raw_instruction"": ""抓起红色方块"", ""target_color"": ""red"", ""target_position_hint"": null, ""target_type"": ""cube""}",红色方块,red cube,red_cube,cube,red,0.44149587513746225,-0.11467998528355572,0.045,6,0.4714958751374623,-0.14467998528355572,0.045,0.0,0.035,0.15,0.4696699141100892,0.8476200731456169,0.44999999999999996,1.0,1.0,1.0,0.7004249888621502,False,,data/grasp_success/raw/episode_000068/rgb.png,data/grasp_success/raw/episode_000068/depth.npy,data/grasp_success/raw/episode_000068/object_states.json,data/grasp_success/raw/episode_000068/candidates.json,
episode_000068,67,抓起红色方块,"{""confidence"": 0.8500000000000001, ""intent"": ""pick"", ""language"": ""zh"", ""normalized_target_label_en"": ""red cube"", ""normalized_target_label_zh"": ""红色方块"", ""raw_instruction"": ""抓起红色方块"", ""target_color"": ""red"", ""target_position_hint"": null, ""target_type"": ""cube""}",红色方块,red cube,red_cube,cube,red,0.44149587513746225,-0.11467998528355572,0.045,2,0.4114958751374622,-0.08467998528355572,0.045,0.0,0.035,0.15,0.4696699141100892,0.8421655276910714,0.44999999999999996,1.0,1.0,1.0,0.6993340797712411,False,,data/grasp_success/raw/episode_000068/rgb.png,data/grasp_success/raw/episode_000068/depth.npy,data/grasp_success/raw/episode_000068/object_states.json,data/grasp_success/raw/episode_000068/candidates.json,
episode_000068,67,抓起红色方块,"{""confidence"": 0.8500000000000001, ""intent"": ""pick"", ""language"": ""zh"", ""normalized_target_label_en"": ""red cube"", ""normalized_target_label_zh"": ""红色方块"", ""raw_instruction"": ""抓起红色方块"", ""target_color"": ""red"", ""target_position_hint"": null, ""target_type"": ""cube""}",红色方块,red cube,red_cube,cube,red,0.44149587513746225,-0.11467998528355572,0.045,0,0.4114958751374622,-0.14467998528355572,0.045,0.0,0.035,0.15,0.4696699141100892,0.8221655276910715,0.44999999999999996,1.0,1.0,1.0,0.6953340797712411,False,,data/grasp_success/raw/episode_000068/rgb.png,data/grasp_success/raw/episode_000068/depth.npy,data/grasp_success/raw/episode_000068/object_states.json,data/grasp_success/raw/episode_000068/candidates.json,
episode_000069,68,抓起中间的物体,"{""confidence"": 0.6, ""intent"": ""pick"", ""language"": ""zh"", ""normalized_target_label_en"": ""center"", ""normalized_target_label_zh"": ""中间的物体"", ""raw_instruction"": ""抓起中间的物体"", ""target_color"": null, ""target_position_hint"": ""center"", ""target_type"": null}",中间的物体,center,blue_cylinder,cylinder,blue,0.5249480679370833,0.03816285125922874,0.07,4,0.5249480679370833,0.03816285125922874,0.07,0.0,0.025,0.15,1.0,0.8712000712635147,0.95,1.0,1.0,1.0,0.964240014252703,True,True,data/grasp_success/raw/episode_000069/rgb.png,data/grasp_success/raw/episode_000069/depth.npy,data/grasp_success/raw/episode_000069/object_states.json,data/grasp_success/raw/episode_000069/candidates.json,
episode_000069,68,抓起中间的物体,"{""confidence"": 0.6, ""intent"": ""pick"", ""language"": ""zh"", ""normalized_target_label_en"": ""center"", ""normalized_target_label_zh"": ""中间的物体"", ""raw_instruction"": ""抓起中间的物体"", ""target_color"": null, ""target_position_hint"": ""center"", ""target_type"": null}",中间的物体,center,blue_cylinder,cylinder,blue,0.5249480679370833,0.03816285125922874,0.07,3,0.5249480679370833,0.008162851259228741,0.07,0.0,0.025,0.15,0.625,0.8812000712635147,0.44999999999999996,1.0,1.0,1.0,0.753740014252703,False,,data/grasp_success/raw/episode_000069/rgb.png,data/grasp_success/raw/episode_000069/depth.npy,data/grasp_success/raw/episode_000069/object_states.json,data/grasp_success/raw/episode_000069/candidates.json,
episode_000069,68,抓起中间的物体,"{""confidence"": 0.6, ""intent"": ""pick"", ""language"": ""zh"", ""normalized_target_label_en"": ""center"", ""normalized_target_label_zh"": ""中间的物体"", ""raw_instruction"": ""抓起中间的物体"", ""target_color"": null, ""target_position_hint"": ""center"", ""target_type"": null}",中间的物体,center,blue_cylinder,cylinder,blue,0.5249480679370833,0.03816285125922874,0.07,1,0.49494806793708324,0.03816285125922874,0.07,0.0,0.025,0.15,0.6249999999999997,0.8839273439907874,0.43323967793384954,1.0,1.0,1.0,0.7509334043849273,False,,data/grasp_success/raw/episode_000069/rgb.png,data/grasp_success/raw/episode_000069/depth.npy,data/grasp_success/raw/episode_000069/object_states.json,data/grasp_success/raw/episode_000069/candidates.json,
episode_000069,68,抓起中间的物体,"{""confidence"": 0.6, ""intent"": ""pick"", ""language"": ""zh"", ""normalized_target_label_en"": ""center"", ""normalized_target_label_zh"": ""中间的物体"", ""raw_instruction"": ""抓起中间的物体"", ""target_color"": null, ""target_position_hint"": ""center"", ""target_type"": null}",中间的物体,center,blue_cylinder,cylinder,blue,0.5249480679370833,0.03816285125922874,0.07,5,0.5249480679370833,0.06816285125922875,0.07,0.0,0.025,0.15,0.625,0.8612000712635147,0.44999999999999996,1.0,1.0,1.0,0.749740014252703,False,,data/grasp_success/raw/episode_000069/rgb.png,data/grasp_success/raw/episode_000069/depth.npy,data/grasp_success/raw/episode_000069/object_states.json,data/grasp_success/raw/episode_000069/candidates.json,
episode_000069,68,抓起中间的物体,"{""confidence"": 0.6, ""intent"": ""pick"", ""language"": ""zh"", ""normalized_target_label_en"": ""center"", ""normalized_target_label_zh"": ""中间的物体"", ""raw_instruction"": ""抓起中间的物体"", ""target_color"": null, ""target_position_hint"": ""center"", ""target_type"": null}",中间的物体,center,blue_cylinder,cylinder,blue,0.5249480679370833,0.03816285125922874,0.07,7,0.5549480679370833,0.03816285125922874,0.07,0.0,0.025,0.15,0.6249999999999997,0.8584727985362419,0.44999999999999996,1.0,1.0,1.0,0.7491945597072484,False,,data/grasp_success/raw/episode_000069/rgb.png,data/grasp_success/raw/episode_000069/depth.npy,data/grasp_success/raw/episode_000069/object_states.json,data/grasp_success/raw/episode_000069/candidates.json,
episode_000069,68,抓起中间的物体,"{""confidence"": 0.6, ""intent"": ""pick"", ""language"": ""zh"", ""normalized_target_label_en"": ""center"", ""normalized_target_label_zh"": ""中间的物体"", ""raw_instruction"": ""抓起中间的物体"", ""target_color"": null, ""target_position_hint"": ""center"", ""target_type"": null}",中间的物体,center,blue_cylinder,cylinder,blue,0.5249480679370833,0.03816285125922874,0.07,10,0.49494806793708324,0.03816285125922874,0.07,0.7853981633974483,0.025,0.15,0.6249999999999997,0.8839273439907874,0.3832396779338496,1.0,1.0,1.0,0.7409334043849273,False,,data/grasp_success/raw/episode_000069/rgb.png,data/grasp_success/raw/episode_000069/depth.npy,data/grasp_success/raw/episode_000069/object_states.json,data/grasp_success/raw/episode_000069/candidates.json,
episode_000069,68,抓起中间的物体,"{""confidence"": 0.6, ""intent"": ""pick"", ""language"": ""zh"", ""normalized_target_label_en"": ""center"", ""normalized_target_label_zh"": ""中间的物体"", ""raw_instruction"": ""抓起中间的物体"", ""target_color"": null, ""target_position_hint"": ""center"", ""target_type"": null}",中间的物体,center,blue_cylinder,cylinder,blue,0.5249480679370833,0.03816285125922874,0.07,0,0.49494806793708324,0.008162851259228741,0.07,0.0,0.025,0.15,0.4696699141100892,0.8939273439907874,0.44999999999999996,1.0,1.0,1.0,0.7096864430311842,False,,data/grasp_success/raw/episode_000069/rgb.png,data/grasp_success/raw/episode_000069/depth.npy,data/grasp_success/raw/episode_000069/object_states.json,data/grasp_success/raw/episode_000069/candidates.json,
episode_000069,68,抓起中间的物体,"{""confidence"": 0.6, ""intent"": ""pick"", ""language"": ""zh"", ""normalized_target_label_en"": ""center"", ""normalized_target_label_zh"": ""中间的物体"", ""raw_instruction"": ""抓起中间的物体"", ""target_color"": null, ""target_position_hint"": ""center"", ""target_type"": null}",中间的物体,center,blue_cylinder,cylinder,blue,0.5249480679370833,0.03816285125922874,0.07,6,0.5549480679370833,0.008162851259228741,0.07,0.0,0.025,0.15,0.4696699141100892,0.8684727985362419,0.44999999999999996,1.0,1.0,1.0,0.7045955339402752,False,,data/grasp_success/raw/episode_000069/rgb.png,data/grasp_success/raw/episode_000069/depth.npy,data/grasp_success/raw/episode_000069/object_states.json,data/grasp_success/raw/episode_000069/candidates.json,
episode_000070,69,抓起红色方块,"{""confidence"": 0.8500000000000001, ""intent"": ""pick"", ""language"": ""zh"", ""normalized_target_label_en"": ""red cube"", ""normalized_target_label_zh"": ""红色方块"", ""raw_instruction"": ""抓起红色方块"", ""target_color"": ""red"", ""target_position_hint"": null, ""target_type"": ""cube""}",红色方块,red cube,red_cube,cube,red,0.4536848190482415,-0.1280832538304639,0.045,4,0.4536848190482415,-0.1280832538304639,0.045,0.0,0.035,0.15,1.0,0.8455961113497055,0.95,1.0,1.0,1.0,0.9591192222699412,True,False,data/grasp_success/raw/episode_000070/rgb.png,data/grasp_success/raw/episode_000070/depth.npy,data/grasp_success/raw/episode_000070/object_states.json,data/grasp_success/raw/episode_000070/candidates.json,
episode_000070,69,抓起红色方块,"{""confidence"": 0.8500000000000001, ""intent"": ""pick"", ""language"": ""zh"", ""normalized_target_label_en"": ""red cube"", ""normalized_target_label_zh"": ""红色方块"", ""raw_instruction"": ""抓起红色方块"", ""target_color"": ""red"", ""target_position_hint"": null, ""target_type"": ""cube""}",红色方块,red cube,red_cube,cube,red,0.4536848190482415,-0.1280832538304639,0.045,5,0.4536848190482415,-0.0980832538304639,0.045,0.0,0.035,0.15,0.625,0.8555961113497054,0.44999999999999996,1.0,1.0,1.0,0.7486192222699412,False,,data/grasp_success/raw/episode_000070/rgb.png,data/grasp_success/raw/episode_000070/depth.npy,data/grasp_success/raw/episode_000070/object_states.json,data/grasp_success/raw/episode_000070/candidates.json,
episode_000070,69,抓起红色方块,"{""confidence"": 0.8500000000000001, ""intent"": ""pick"", ""language"": ""zh"", ""normalized_target_label_en"": ""red cube"", ""normalized_target_label_zh"": ""红色方块"", ""raw_instruction"": ""抓起红色方块"", ""target_color"": ""red"", ""target_position_hint"": null, ""target_type"": ""cube""}",红色方块,red cube,red_cube,cube,red,0.4536848190482415,-0.1280832538304639,0.045,7,0.48368481904824145,-0.1280832538304639,0.045,0.0,0.035,0.15,0.6250000000000004,0.8509544467027126,0.44999999999999996,1.0,1.0,1.0,0.7476908893405427,False,,data/grasp_success/raw/episode_000070/rgb.png,data/grasp_success/raw/episode_000070/depth.npy,data/grasp_success/raw/episode_000070/object_states.json,data/grasp_success/raw/episode_000070/candidates.json,
episode_000070,69,抓起红色方块,"{""confidence"": 0.8500000000000001, ""intent"": ""pick"", ""language"": ""zh"", ""normalized_target_label_en"": ""red cube"", ""normalized_target_label_zh"": ""红色方块"", ""raw_instruction"": ""抓起红色方块"", ""target_color"": ""red"", ""target_position_hint"": null, ""target_type"": ""cube""}",红色方块,red cube,red_cube,cube,red,0.4536848190482415,-0.1280832538304639,0.045,3,0.4536848190482415,-0.1580832538304639,0.045,0.0,0.035,0.15,0.625,0.8355961113497055,0.44999999999999996,1.0,1.0,1.0,0.7446192222699412,False,,data/grasp_success/raw/episode_000070/rgb.png,data/grasp_success/raw/episode_000070/depth.npy,data/grasp_success/raw/episode_000070/object_states.json,data/grasp_success/raw/episode_000070/candidates.json,
episode_000070,69,抓起红色方块,"{""confidence"": 0.8500000000000001, ""intent"": ""pick"", ""language"": ""zh"", ""normalized_target_label_en"": ""red cube"", ""normalized_target_label_zh"": ""红色方块"", ""raw_instruction"": ""抓起红色方块"", ""target_color"": ""red"", ""target_position_hint"": null, ""target_type"": ""cube""}",红色方块,red cube,red_cube,cube,red,0.4536848190482415,-0.1280832538304639,0.045,1,0.4236848190482415,-0.1280832538304639,0.045,0.0,0.035,0.15,0.6250000000000004,0.8328688386224327,0.44999999999999996,1.0,1.0,1.0,0.7440737677244867,False,,data/grasp_success/raw/episode_000070/rgb.png,data/grasp_success/raw/episode_000070/depth.npy,data/grasp_success/raw/episode_000070/object_states.json,data/grasp_success/raw/episode_000070/candidates.json,
episode_000070,69,抓起红色方块,"{""confidence"": 0.8500000000000001, ""intent"": ""pick"", ""language"": ""zh"", ""normalized_target_label_en"": ""red cube"", ""normalized_target_label_zh"": ""红色方块"", ""raw_instruction"": ""抓起红色方块"", ""target_color"": ""red"", ""target_position_hint"": null, ""target_type"": ""cube""}",红色方块,red cube,red_cube,cube,red,0.4536848190482415,-0.1280832538304639,0.045,2,0.4236848190482415,-0.0980832538304639,0.045,0.0,0.035,0.15,0.4696699141100896,0.8428688386224327,0.44999999999999996,1.0,1.0,1.0,0.6994747419575135,False,,data/grasp_success/raw/episode_000070/rgb.png,data/grasp_success/raw/episode_000070/depth.npy,data/grasp_success/raw/episode_000070/object_states.json,data/grasp_success/raw/episode_000070/candidates.json,
episode_000070,69,抓起红色方块,"{""confidence"": 0.8500000000000001, ""intent"": ""pick"", ""language"": ""zh"", ""normalized_target_label_en"": ""red cube"", ""normalized_target_label_zh"": ""红色方块"", ""raw_instruction"": ""抓起红色方块"", ""target_color"": ""red"", ""target_position_hint"": null, ""target_type"": ""cube""}",红色方块,red cube,red_cube,cube,red,0.4536848190482415,-0.1280832538304639,0.045,6,0.48368481904824145,-0.1580832538304639,0.045,0.0,0.035,0.15,0.4696699141100896,0.8409544467027126,0.44999999999999996,1.0,1.0,1.0,0.6990918635735694,False,,data/grasp_success/raw/episode_000070/rgb.png,data/grasp_success/raw/episode_000070/depth.npy,data/grasp_success/raw/episode_000070/object_states.json,data/grasp_success/raw/episode_000070/candidates.json,
episode_000070,69,抓起红色方块,"{""confidence"": 0.8500000000000001, ""intent"": ""pick"", ""language"": ""zh"", ""normalized_target_label_en"": ""red cube"", ""normalized_target_label_zh"": ""红色方块"", ""raw_instruction"": ""抓起红色方块"", ""target_color"": ""red"", ""target_position_hint"": null, ""target_type"": ""cube""}",红色方块,red cube,red_cube,cube,red,0.4536848190482415,-0.1280832538304639,0.045,8,0.48368481904824145,-0.0980832538304639,0.045,0.0,0.035,0.15,0.4696699141100896,0.8609544467027126,0.4208410591932281,1.0,1.0,1.0,0.6972600754122151,False,,data/grasp_success/raw/episode_000070/rgb.png,data/grasp_success/raw/episode_000070/depth.npy,data/grasp_success/raw/episode_000070/object_states.json,data/grasp_success/raw/episode_000070/candidates.json,
episode_000071,70,抓起红色方块,"{""confidence"": 0.8500000000000001, ""intent"": ""pick"", ""language"": ""zh"", ""normalized_target_label_en"": ""red cube"", ""normalized_target_label_zh"": ""红色方块"", ""raw_instruction"": ""抓起红色方块"", ""target_color"": ""red"", ""target_position_hint"": null, ""target_type"": ""cube""}",红色方块,red cube,red_cube,cube,red,0.45819538475847743,-0.12411841918482643,0.045,4,0.45819538475847743,-0.12411841918482643,0.045,0.0,0.035,0.15,1.0,0.8488312962298665,0.95,1.0,1.0,1.0,0.9597662592459734,True,False,data/grasp_success/raw/episode_000071/rgb.png,data/grasp_success/raw/episode_000071/depth.npy,data/grasp_success/raw/episode_000071/object_states.json,data/grasp_success/raw/episode_000071/candidates.json,
episode_000071,70,抓起红色方块,"{""confidence"": 0.8500000000000001, ""intent"": ""pick"", ""language"": ""zh"", ""normalized_target_label_en"": ""red cube"", ""normalized_target_label_zh"": ""红色方块"", ""raw_instruction"": ""抓起红色方块"", ""target_color"": ""red"", ""target_position_hint"": null, ""target_type"": ""cube""}",红色方块,red cube,red_cube,cube,red,0.45819538475847743,-0.12411841918482643,0.045,7,0.48819538475847746,-0.12411841918482643,0.045,0.0,0.035,0.15,0.6249999999999997,0.8503624849196432,0.44999999999999996,1.0,1.0,1.0,0.7475724969839286,False,,data/grasp_success/raw/episode_000071/rgb.png,data/grasp_success/raw/episode_000071/depth.npy,data/grasp_success/raw/episode_000071/object_states.json,data/grasp_success/raw/episode_000071/candidates.json,
episode_000071,70,抓起红色方块,"{""confidence"": 0.8500000000000001, ""intent"": ""pick"", ""language"": ""zh"", ""normalized_target_label_en"": ""red cube"", ""normalized_target_label_zh"": ""红色方块"", ""raw_instruction"": ""抓起红色方块"", ""target_color"": ""red"", ""target_position_hint"": null, ""target_type"": ""cube""}",红色方块,red cube,red_cube,cube,red,0.45819538475847743,-0.12411841918482643,0.045,3,0.45819538475847743,-0.15411841918482644,0.045,0.0,0.035,0.15,0.6249999999999998,0.8388312962298665,0.44999999999999996,1.0,1.0,1.0,0.7452662592459732,False,,data/grasp_success/raw/episode_000071/rgb.png,data/grasp_success/raw/episode_000071/depth.npy,data/grasp_success/raw/episode_000071/object_states.json,data/grasp_success/raw/episode_000071/candidates.json,
episode_000071,70,抓起红色方块,"{""confidence"": 0.8500000000000001, ""intent"": ""pick"", ""language"": ""zh"", ""normalized_target_label_en"": ""red cube"", ""normalized_target_label_zh"": ""红色方块"", ""raw_instruction"": ""抓起红色方块"", ""target_color"": ""red"", ""target_position_hint"": null, ""target_type"": ""cube""}",红色方块,red cube,red_cube,cube,red,0.45819538475847743,-0.12411841918482643,0.045,1,0.4281953847584774,-0.12411841918482643,0.045,0.0,0.035,0.15,0.6249999999999997,0.8361040235025937,0.44999999999999996,1.0,1.0,1.0,0.7447208047005187,False,,data/grasp_success/raw/episode_000071/rgb.png,data/grasp_success/raw/episode_000071/depth.npy,data/grasp_success/raw/episode_000071/object_states.json,data/grasp_success/raw/episode_000071/candidates.json,
episode_000071,70,抓起红色方块,"{""confidence"": 0.8500000000000001, ""intent"": ""pick"", ""language"": ""zh"", ""normalized_target_label_en"": ""red cube"", ""normalized_target_label_zh"": ""红色方块"", ""raw_instruction"": ""抓起红色方块"", ""target_color"": ""red"", ""target_position_hint"": null, ""target_type"": ""cube""}",红色方块,red cube,red_cube,cube,red,0.45819538475847743,-0.12411841918482643,0.045,5,0.45819538475847743,-0.09411841918482643,0.045,0.0,0.035,0.15,0.625,0.8588312962298665,0.41313131592992036,1.0,1.0,1.0,0.7418925224319575,False,,data/grasp_success/raw/episode_000071/rgb.png,data/grasp_success/raw/episode_000071/depth.npy,data/grasp_success/raw/episode_000071/object_states.json,data/grasp_success/raw/episode_000071/candidates.json,
episode_000071,70,抓起红色方块,"{""confidence"": 0.8500000000000001, ""intent"": ""pick"", ""language"": ""zh"", ""normalized_target_label_en"": ""red cube"", ""normalized_target_label_zh"": ""红色方块"", ""raw_instruction"": ""抓起红色方块"", ""target_color"": ""red"", ""target_position_hint"": null, ""target_type"": ""cube""}",红色方块,red cube,red_cube,cube,red,0.45819538475847743,-0.12411841918482643,0.045,2,0.4281953847584774,-0.09411841918482643,0.045,0.0,0.035,0.15,0.4696699141100892,0.8461040235025937,0.44999999999999996,1.0,1.0,1.0,0.7001217789335455,False,,data/grasp_success/raw/episode_000071/rgb.png,data/grasp_success/raw/episode_000071/depth.npy,data/grasp_success/raw/episode_000071/object_states.json,data/grasp_success/raw/episode_000071/candidates.json,
episode_000071,70,抓起红色方块,"{""confidence"": 0.8500000000000001, ""intent"": ""pick"", ""language"": ""zh"", ""normalized_target_label_en"": ""red cube"", ""normalized_target_label_zh"": ""红色方块"", ""raw_instruction"": ""抓起红色方块"", ""target_color"": ""red"", ""target_position_hint"": null, ""target_type"": ""cube""}",红色方块,red cube,red_cube,cube,red,0.45819538475847743,-0.12411841918482643,0.045,6,0.48819538475847746,-0.15411841918482644,0.045,0.0,0.035,0.15,0.46966991411008896,0.8403624849196432,0.44999999999999996,1.0,1.0,1.0,0.6989734712169554,False,,data/grasp_success/raw/episode_000071/rgb.png,data/grasp_success/raw/episode_000071/depth.npy,data/grasp_success/raw/episode_000071/object_states.json,data/grasp_success/raw/episode_000071/candidates.json,
episode_000071,70,抓起红色方块,"{""confidence"": 0.8500000000000001, ""intent"": ""pick"", ""language"": ""zh"", ""normalized_target_label_en"": ""red cube"", ""normalized_target_label_zh"": ""红色方块"", ""raw_instruction"": ""抓起红色方块"", ""target_color"": ""red"", ""target_position_hint"": null, ""target_type"": ""cube""}",红色方块,red cube,red_cube,cube,red,0.45819538475847743,-0.12411841918482643,0.045,0,0.4281953847584774,-0.15411841918482644,0.045,0.0,0.035,0.15,0.46966991411008896,0.8261040235025937,0.44999999999999996,1.0,1.0,1.0,0.6961217789335454,False,,data/grasp_success/raw/episode_000071/rgb.png,data/grasp_success/raw/episode_000071/depth.npy,data/grasp_success/raw/episode_000071/object_states.json,data/grasp_success/raw/episode_000071/candidates.json,
episode_000072,71,抓起绿色球,"{""confidence"": 0.8500000000000001, ""intent"": ""pick"", ""language"": ""zh"", ""normalized_target_label_en"": ""green sphere"", ""normalized_target_label_zh"": ""绿色球"", ""raw_instruction"": ""抓起绿色球"", ""target_color"": ""green"", ""target_position_hint"": null, ""target_type"": ""sphere""}",绿色球,green sphere,green_sphere,sphere,green,0.40644317012379505,0.11998039576400349,0.05,4,0.40644317012379505,0.11998039576400349,0.05,0.0,0.025,0.15,1.0,0.8298107079291644,0.9103580706498775,1.0,1.0,1.0,0.9480337557158085,True,True,data/grasp_success/raw/episode_000072/rgb.png,data/grasp_success/raw/episode_000072/depth.npy,data/grasp_success/raw/episode_000072/object_states.json,data/grasp_success/raw/episode_000072/candidates.json,
episode_000072,71,抓起绿色球,"{""confidence"": 0.8500000000000001, ""intent"": ""pick"", ""language"": ""zh"", ""normalized_target_label_en"": ""green sphere"", ""normalized_target_label_zh"": ""绿色球"", ""raw_instruction"": ""抓起绿色球"", ""target_color"": ""green"", ""target_position_hint"": null, ""target_type"": ""sphere""}",绿色球,green sphere,green_sphere,sphere,green,0.40644317012379505,0.11998039576400349,0.05,5,0.40644317012379505,0.1499803957640035,0.05,0.0,0.025,0.15,0.625,0.8198107079291644,0.44999999999999996,1.0,1.0,1.0,0.7414621415858329,False,,data/grasp_success/raw/episode_000072/rgb.png,data/grasp_success/raw/episode_000072/depth.npy,data/grasp_success/raw/episode_000072/object_states.json,data/grasp_success/raw/episode_000072/candidates.json,
episode_000072,71,抓起绿色球,"{""confidence"": 0.8500000000000001, ""intent"": ""pick"", ""language"": ""zh"", ""normalized_target_label_en"": ""green sphere"", ""normalized_target_label_zh"": ""绿色球"", ""raw_instruction"": ""抓起绿色球"", ""target_color"": ""green"", ""target_position_hint"": null, ""target_type"": ""sphere""}",绿色球,green sphere,green_sphere,sphere,green,0.40644317012379505,0.11998039576400349,0.05,1,0.376443170123795,0.11998039576400349,0.05,0.0,0.025,0.15,0.6249999999999997,0.8170834352018916,0.44999999999999996,1.0,1.0,1.0,0.7409166870403783,False,,data/grasp_success/raw/episode_000072/rgb.png,data/grasp_success/raw/episode_000072/depth.npy,data/grasp_success/raw/episode_000072/object_states.json,data/grasp_success/raw/episode_000072/candidates.json,
episode_000072,71,抓起绿色球,"{""confidence"": 0.8500000000000001, ""intent"": ""pick"", ""language"": ""zh"", ""normalized_target_label_en"": ""green sphere"", ""normalized_target_label_zh"": ""绿色球"", ""raw_instruction"": ""抓起绿色球"", ""target_color"": ""green"", ""target_position_hint"": null, ""target_type"": ""sphere""}",绿色球,green sphere,green_sphere,sphere,green,0.40644317012379505,0.11998039576400349,0.05,10,0.376443170123795,0.11998039576400349,0.05,0.7853981633974483,0.025,0.15,0.6249999999999997,0.8170834352018916,0.4,1.0,1.0,1.0,0.7309166870403783,False,,data/grasp_success/raw/episode_000072/rgb.png,data/grasp_success/raw/episode_000072/depth.npy,data/grasp_success/raw/episode_000072/object_states.json,data/grasp_success/raw/episode_000072/candidates.json,
episode_000072,71,抓起绿色球,"{""confidence"": 0.8500000000000001, ""intent"": ""pick"", ""language"": ""zh"", ""normalized_target_label_en"": ""green sphere"", ""normalized_target_label_zh"": ""绿色球"", ""raw_instruction"": ""抓起绿色球"", ""target_color"": ""green"", ""target_position_hint"": null, ""target_type"": ""sphere""}",绿色球,green sphere,green_sphere,sphere,green,0.40644317012379505,0.11998039576400349,0.05,3,0.40644317012379505,0.08998039576400349,0.05,0.0,0.025,0.15,0.625,0.8398107079291645,0.33880142150816894,1.0,1.0,1.0,0.7232224258874667,False,,data/grasp_success/raw/episode_000072/rgb.png,data/grasp_success/raw/episode_000072/depth.npy,data/grasp_success/raw/episode_000072/object_states.json,data/grasp_success/raw/episode_000072/candidates.json,
episode_000072,71,抓起绿色球,"{""confidence"": 0.8500000000000001, ""intent"": ""pick"", ""language"": ""zh"", ""normalized_target_label_en"": ""green sphere"", ""normalized_target_label_zh"": ""绿色球"", ""raw_instruction"": ""抓起绿色球"", ""target_color"": ""green"", ""target_position_hint"": null, ""target_type"": ""sphere""}",绿色球,green sphere,green_sphere,sphere,green,0.40644317012379505,0.11998039576400349,0.05,7,0.4364431701237951,0.11998039576400349,0.05,0.0,0.025,0.15,0.6249999999999997,0.8425379806564371,0.31063228521394737,1.0,1.0,1.0,0.7181340531740767,False,,data/grasp_success/raw/episode_000072/rgb.png,data/grasp_success/raw/episode_000072/depth.npy,data/grasp_success/raw/episode_000072/object_states.json,data/grasp_success/raw/episode_000072/candidates.json,
episode_000072,71,抓起绿色球,"{""confidence"": 0.8500000000000001, ""intent"": ""pick"", ""language"": ""zh"", ""normalized_target_label_en"": ""green sphere"", ""normalized_target_label_zh"": ""绿色球"", ""raw_instruction"": ""抓起绿色球"", ""target_color"": ""green"", ""target_position_hint"": null, ""target_type"": ""sphere""}",绿色球,green sphere,green_sphere,sphere,green,0.40644317012379505,0.11998039576400349,0.05,0,0.376443170123795,0.08998039576400349,0.05,0.0,0.025,0.15,0.4696699141100892,0.8270834352018916,0.44999999999999996,1.0,1.0,1.0,0.6963176612734051,False,,data/grasp_success/raw/episode_000072/rgb.png,data/grasp_success/raw/episode_000072/depth.npy,data/grasp_success/raw/episode_000072/object_states.json,data/grasp_success/raw/episode_000072/candidates.json,
episode_000072,71,抓起绿色球,"{""confidence"": 0.8500000000000001, ""intent"": ""pick"", ""language"": ""zh"", ""normalized_target_label_en"": ""green sphere"", ""normalized_target_label_zh"": ""绿色球"", ""raw_instruction"": ""抓起绿色球"", ""target_color"": ""green"", ""target_position_hint"": null, ""target_type"": ""sphere""}",绿色球,green sphere,green_sphere,sphere,green,0.40644317012379505,0.11998039576400349,0.05,2,0.376443170123795,0.1499803957640035,0.05,0.0,0.025,0.15,0.4696699141100892,0.8070834352018916,0.44999999999999996,1.0,1.0,1.0,0.6923176612734051,False,,data/grasp_success/raw/episode_000072/rgb.png,data/grasp_success/raw/episode_000072/depth.npy,data/grasp_success/raw/episode_000072/object_states.json,data/grasp_success/raw/episode_000072/candidates.json,
episode_000073,72,抓起红色方块,"{""confidence"": 0.8500000000000001, ""intent"": ""pick"", ""language"": ""zh"", ""normalized_target_label_en"": ""red cube"", ""normalized_target_label_zh"": ""红色方块"", ""raw_instruction"": ""抓起红色方块"", ""target_color"": ""red"", ""target_position_hint"": null, ""target_type"": ""cube""}",红色方块,red cube,red_cube,cube,red,0.44146853309604667,-0.11811276141727524,0.045,4,0.44146853309604667,-0.11811276141727524,0.045,0.0,0.035,0.15,1.0,0.8437369420531705,0.95,1.0,1.0,1.0,0.9587473884106341,True,False,data/grasp_success/raw/episode_000073/rgb.png,data/grasp_success/raw/episode_000073/depth.npy,data/grasp_success/raw/episode_000073/object_states.json,data/grasp_success/raw/episode_000073/candidates.json,
episode_000073,72,抓起红色方块,"{""confidence"": 0.8500000000000001, ""intent"": ""pick"", ""language"": ""zh"", ""normalized_target_label_en"": ""red cube"", ""normalized_target_label_zh"": ""红色方块"", ""raw_instruction"": ""抓起红色方块"", ""target_color"": ""red"", ""target_position_hint"": null, ""target_type"": ""cube""}",红色方块,red cube,red_cube,cube,red,0.44146853309604667,-0.11811276141727524,0.045,7,0.47146853309604664,-0.11811276141727524,0.045,0.0,0.035,0.15,0.6250000000000004,0.8564642147804432,0.44999999999999996,1.0,1.0,1.0,0.7487928429560888,False,,data/grasp_success/raw/episode_000073/rgb.png,data/grasp_success/raw/episode_000073/depth.npy,data/grasp_success/raw/episode_000073/object_states.json,data/grasp_success/raw/episode_000073/candidates.json,
episode_000073,72,抓起红色方块,"{""confidence"": 0.8500000000000001, ""intent"": ""pick"", ""language"": ""zh"", ""normalized_target_label_en"": ""red cube"", ""normalized_target_label_zh"": ""红色方块"", ""raw_instruction"": ""抓起红色方块"", ""target_color"": ""red"", ""target_position_hint"": null, ""target_type"": ""cube""}",红色方块,red cube,red_cube,cube,red,0.44146853309604667,-0.11811276141727524,0.045,5,0.44146853309604667,-0.08811276141727524,0.045,0.0,0.035,0.15,0.625,0.8537369420531705,0.44999999999999996,1.0,1.0,1.0,0.7482473884106341,False,,data/grasp_success/raw/episode_000073/rgb.png,data/grasp_success/raw/episode_000073/depth.npy,data/grasp_success/raw/episode_000073/object_states.json,data/grasp_success/raw/episode_000073/candidates.json,
episode_000073,72,抓起红色方块,"{""confidence"": 0.8500000000000001, ""intent"": ""pick"", ""language"": ""zh"", ""normalized_target_label_en"": ""red cube"", ""normalized_target_label_zh"": ""红色方块"", ""raw_instruction"": ""抓起红色方块"", ""target_color"": ""red"", ""target_position_hint"": null, ""target_type"": ""cube""}",红色方块,red cube,red_cube,cube,red,0.44146853309604667,-0.11811276141727524,0.045,3,0.44146853309604667,-0.14811276141727525,0.045,0.0,0.035,0.15,0.6249999999999998,0.8337369420531705,0.44999999999999996,1.0,1.0,1.0,0.7442473884106341,False,,data/grasp_success/raw/episode_000073/rgb.png,data/grasp_success/raw/episode_000073/depth.npy,data/grasp_success/raw/episode_000073/object_states.json,data/grasp_success/raw/episode_000073/candidates.json,
episode_000073,72,抓起红色方块,"{""confidence"": 0.8500000000000001, ""intent"": ""pick"", ""language"": ""zh"", ""normalized_target_label_en"": ""red cube"", ""normalized_target_label_zh"": ""红色方块"", ""raw_instruction"": ""抓起红色方块"", ""target_color"": ""red"", ""target_position_hint"": null, ""target_type"": ""cube""}",红色方块,red cube,red_cube,cube,red,0.44146853309604667,-0.11811276141727524,0.045,1,0.4114685330960467,-0.11811276141727524,0.045,0.0,0.035,0.15,0.6250000000000004,0.8310096693258978,0.44999999999999996,1.0,1.0,1.0,0.7437019338651797,False,,data/grasp_success/raw/episode_000073/rgb.png,data/grasp_success/raw/episode_000073/depth.npy,data/grasp_success/raw/episode_000073/object_states.json,data/grasp_success/raw/episode_000073/candidates.json,
episode_000073,72,抓起红色方块,"{""confidence"": 0.8500000000000001, ""intent"": ""pick"", ""language"": ""zh"", ""normalized_target_label_en"": ""red cube"", ""normalized_target_label_zh"": ""红色方块"", ""raw_instruction"": ""抓起红色方块"", ""target_color"": ""red"", ""target_position_hint"": null, ""target_type"": ""cube""}",红色方块,red cube,red_cube,cube,red,0.44146853309604667,-0.11811276141727524,0.045,6,0.47146853309604664,-0.14811276141727525,0.045,0.0,0.035,0.15,0.4696699141100895,0.8464642147804432,0.44999999999999996,1.0,1.0,1.0,0.7001938171891156,False,,data/grasp_success/raw/episode_000073/rgb.png,data/grasp_success/raw/episode_000073/depth.npy,data/grasp_success/raw/episode_000073/object_states.json,data/grasp_success/raw/episode_000073/candidates.json,
episode_000073,72,抓起红色方块,"{""confidence"": 0.8500000000000001, ""intent"": ""pick"", ""language"": ""zh"", ""normalized_target_label_en"": ""red cube"", ""normalized_target_label_zh"": ""红色方块"", ""raw_instruction"": ""抓起红色方块"", ""target_color"": ""red"", ""target_position_hint"": null, ""target_type"": ""cube""}",红色方块,red cube,red_cube,cube,red,0.44146853309604667,-0.11811276141727524,0.045,2,0.4114685330960467,-0.08811276141727524,0.045,0.0,0.035,0.15,0.4696699141100896,0.8410096693258978,0.44999999999999996,1.0,1.0,1.0,0.6991029080982065,False,,data/grasp_success/raw/episode_000073/rgb.png,data/grasp_success/raw/episode_000073/depth.npy,data/grasp_success/raw/episode_000073/object_states.json,data/grasp_success/raw/episode_000073/candidates.json,
episode_000073,72,抓起红色方块,"{""confidence"": 0.8500000000000001, ""intent"": ""pick"", ""language"": ""zh"", ""normalized_target_label_en"": ""red cube"", ""normalized_target_label_zh"": ""红色方块"", ""raw_instruction"": ""抓起红色方块"", ""target_color"": ""red"", ""target_position_hint"": null, ""target_type"": ""cube""}",红色方块,red cube,red_cube,cube,red,0.44146853309604667,-0.11811276141727524,0.045,0,0.4114685330960467,-0.14811276141727525,0.045,0.0,0.035,0.15,0.4696699141100895,0.8210096693258978,0.44999999999999996,1.0,1.0,1.0,0.6951029080982064,False,,data/grasp_success/raw/episode_000073/rgb.png,data/grasp_success/raw/episode_000073/depth.npy,data/grasp_success/raw/episode_000073/object_states.json,data/grasp_success/raw/episode_000073/candidates.json,
episode_000074,73,抓起绿色球,"{""confidence"": 0.8500000000000001, ""intent"": ""pick"", ""language"": ""zh"", ""normalized_target_label_en"": ""green sphere"", ""normalized_target_label_zh"": ""绿色球"", ""raw_instruction"": ""抓起绿色球"", ""target_color"": ""green"", ""target_position_hint"": null, ""target_type"": ""sphere""}",绿色球,green sphere,green_sphere,sphere,green,0.4017347312083296,0.10974467566672935,0.05,4,0.4017347312083296,0.10974467566672935,0.05,0.0,0.025,0.15,1.0,0.8312250950883613,0.95,1.0,1.0,1.0,0.9562450190176723,True,True,data/grasp_success/raw/episode_000074/rgb.png,data/grasp_success/raw/episode_000074/depth.npy,data/grasp_success/raw/episode_000074/object_states.json,data/grasp_success/raw/episode_000074/candidates.json,
episode_000074,73,抓起绿色球,"{""confidence"": 0.8500000000000001, ""intent"": ""pick"", ""language"": ""zh"", ""normalized_target_label_en"": ""green sphere"", ""normalized_target_label_zh"": ""绿色球"", ""raw_instruction"": ""抓起绿色球"", ""target_color"": ""green"", ""target_position_hint"": null, ""target_type"": ""sphere""}",绿色球,green sphere,green_sphere,sphere,green,0.4017347312083296,0.10974467566672935,0.05,5,0.4017347312083296,0.13974467566672935,0.05,0.0,0.025,0.15,0.625,0.8212250950883614,0.44999999999999996,1.0,1.0,1.0,0.7417450190176723,False,,data/grasp_success/raw/episode_000074/rgb.png,data/grasp_success/raw/episode_000074/depth.npy,data/grasp_success/raw/episode_000074/object_states.json,data/grasp_success/raw/episode_000074/candidates.json,
episode_000074,73,抓起绿色球,"{""confidence"": 0.8500000000000001, ""intent"": ""pick"", ""language"": ""zh"", ""normalized_target_label_en"": ""green sphere"", ""normalized_target_label_zh"": ""绿色球"", ""raw_instruction"": ""抓起绿色球"", ""target_color"": ""green"", ""target_position_hint"": null, ""target_type"": ""sphere""}",绿色球,green sphere,green_sphere,sphere,green,0.4017347312083296,0.10974467566672935,0.05,1,0.37173473120832956,0.10974467566672935,0.05,0.0,0.025,0.15,0.6249999999999997,0.8184978223610886,0.44999999999999996,1.0,1.0,1.0,0.7411995644722177,False,,data/grasp_success/raw/episode_000074/rgb.png,data/grasp_success/raw/episode_000074/depth.npy,data/grasp_success/raw/episode_000074/object_states.json,data/grasp_success/raw/episode_000074/candidates.json,
episode_000074,73,抓起绿色球,"{""confidence"": 0.8500000000000001, ""intent"": ""pick"", ""language"": ""zh"", ""normalized_target_label_en"": ""green sphere"", ""normalized_target_label_zh"": ""绿色球"", ""raw_instruction"": ""抓起绿色球"", ""target_color"": ""green"", ""target_position_hint"": null, ""target_type"": ""sphere""}",绿色球,green sphere,green_sphere,sphere,green,0.4017347312083296,0.10974467566672935,0.05,3,0.4017347312083296,0.07974467566672935,0.05,0.0,0.025,0.15,0.625,0.8412250950883614,0.40404033322011934,1.0,1.0,1.0,0.7365530856616962,False,,data/grasp_success/raw/episode_000074/rgb.png,data/grasp_success/raw/episode_000074/depth.npy,data/grasp_success/raw/episode_000074/object_states.json,data/grasp_success/raw/episode_000074/candidates.json,
episode_000074,73,抓起绿色球,"{""confidence"": 0.8500000000000001, ""intent"": ""pick"", ""language"": ""zh"", ""normalized_target_label_en"": ""green sphere"", ""normalized_target_label_zh"": ""绿色球"", ""raw_instruction"": ""抓起绿色球"", ""target_color"": ""green"", ""target_position_hint"": null, ""target_type"": ""sphere""}",绿色球,green sphere,green_sphere,sphere,green,0.4017347312083296,0.10974467566672935,0.05,10,0.37173473120832956,0.10974467566672935,0.05,0.7853981633974483,0.025,0.15,0.6249999999999997,0.8184978223610886,0.4,1.0,1.0,1.0,0.7311995644722177,False,,data/grasp_success/raw/episode_000074/rgb.png,data/grasp_success/raw/episode_000074/depth.npy,data/grasp_success/raw/episode_000074/object_states.json,data/grasp_success/raw/episode_000074/candidates.json,
episode_000074,73,抓起绿色球,"{""confidence"": 0.8500000000000001, ""intent"": ""pick"", ""language"": ""zh"", ""normalized_target_label_en"": ""green sphere"", ""normalized_target_label_zh"": ""绿色球"", ""raw_instruction"": ""抓起绿色球"", ""target_color"": ""green"", ""target_position_hint"": null, ""target_type"": ""sphere""}",绿色球,green sphere,green_sphere,sphere,green,0.4017347312083296,0.10974467566672935,0.05,7,0.4317347312083296,0.10974467566672935,0.05,0.0,0.025,0.15,0.6249999999999997,0.8439523678156341,0.36193212221398086,1.0,1.0,1.0,0.728676898005923,False,,data/grasp_success/raw/episode_000074/rgb.png,data/grasp_success/raw/episode_000074/depth.npy,data/grasp_success/raw/episode_000074/object_states.json,data/grasp_success/raw/episode_000074/candidates.json,
episode_000074,73,抓起绿色球,"{""confidence"": 0.8500000000000001, ""intent"": ""pick"", ""language"": ""zh"", ""normalized_target_label_en"": ""green sphere"", ""normalized_target_label_zh"": ""绿色球"", ""raw_instruction"": ""抓起绿色球"", ""target_color"": ""green"", ""target_position_hint"": null, ""target_type"": ""sphere""}",绿色球,green sphere,green_sphere,sphere,green,0.4017347312083296,0.10974467566672935,0.05,8,0.4317347312083296,0.13974467566672935,0.05,0.0,0.025,0.15,0.4696699141100892,0.8339523678156341,0.44999999999999996,1.0,1.0,1.0,0.6976914477961536,False,,data/grasp_success/raw/episode_000074/rgb.png,data/grasp_success/raw/episode_000074/depth.npy,data/grasp_success/raw/episode_000074/object_states.json,data/grasp_success/raw/episode_000074/candidates.json,
episode_000074,73,抓起绿色球,"{""confidence"": 0.8500000000000001, ""intent"": ""pick"", ""language"": ""zh"", ""normalized_target_label_en"": ""green sphere"", ""normalized_target_label_zh"": ""绿色球"", ""raw_instruction"": ""抓起绿色球"", ""target_color"": ""green"", ""target_position_hint"": null, ""target_type"": ""sphere""}",绿色球,green sphere,green_sphere,sphere,green,0.4017347312083296,0.10974467566672935,0.05,0,0.37173473120832956,0.07974467566672935,0.05,0.0,0.025,0.15,0.4696699141100892,0.8284978223610886,0.44999999999999996,1.0,1.0,1.0,0.6966005387052445,False,,data/grasp_success/raw/episode_000074/rgb.png,data/grasp_success/raw/episode_000074/depth.npy,data/grasp_success/raw/episode_000074/object_states.json,data/grasp_success/raw/episode_000074/candidates.json,
episode_000075,74,抓起最左边的物体,"{""confidence"": 0.6, ""intent"": ""pick"", ""language"": ""zh"", ""normalized_target_label_en"": ""left"", ""normalized_target_label_zh"": ""左边的物体"", ""raw_instruction"": ""抓起最左边的物体"", ""target_color"": null, ""target_position_hint"": ""left"", ""target_type"": null}",左边的物体,left,green_sphere,sphere,green,0.3961824246021898,0.11750825268867446,0.05,4,0.3961824246021898,0.11750825268867446,0.05,0.0,0.025,0.15,1.0,0.8262817120663204,0.95,1.0,1.0,1.0,0.9552563424132641,True,True,data/grasp_success/raw/episode_000075/rgb.png,data/grasp_success/raw/episode_000075/depth.npy,data/grasp_success/raw/episode_000075/object_states.json,data/grasp_success/raw/episode_000075/candidates.json,
episode_000075,74,抓起最左边的物体,"{""confidence"": 0.6, ""intent"": ""pick"", ""language"": ""zh"", ""normalized_target_label_en"": ""left"", ""normalized_target_label_zh"": ""左边的物体"", ""raw_instruction"": ""抓起最左边的物体"", ""target_color"": null, ""target_position_hint"": ""left"", ""target_type"": null}",左边的物体,left,green_sphere,sphere,green,0.3961824246021898,0.11750825268867446,0.05,5,0.3961824246021898,0.14750825268867446,0.05,0.0,0.025,0.15,0.625,0.8162817120663204,0.44999999999999996,1.0,1.0,1.0,0.7407563424132642,False,,data/grasp_success/raw/episode_000075/rgb.png,data/grasp_success/raw/episode_000075/depth.npy,data/grasp_success/raw/episode_000075/object_states.json,data/grasp_success/raw/episode_000075/candidates.json,
episode_000075,74,抓起最左边的物体,"{""confidence"": 0.6, ""intent"": ""pick"", ""language"": ""zh"", ""normalized_target_label_en"": ""left"", ""normalized_target_label_zh"": ""左边的物体"", ""raw_instruction"": ""抓起最左边的物体"", ""target_color"": null, ""target_position_hint"": ""left"", ""target_type"": null}",左边的物体,left,green_sphere,sphere,green,0.3961824246021898,0.11750825268867446,0.05,1,0.36618242460218975,0.11750825268867446,0.05,0.0,0.025,0.15,0.6249999999999997,0.8135544393390476,0.44999999999999996,1.0,1.0,1.0,0.7402108878678094,False,,data/grasp_success/raw/episode_000075/rgb.png,data/grasp_success/raw/episode_000075/depth.npy,data/grasp_success/raw/episode_000075/object_states.json,data/grasp_success/raw/episode_000075/candidates.json,
episode_000075,74,抓起最左边的物体,"{""confidence"": 0.6, ""intent"": ""pick"", ""language"": ""zh"", ""normalized_target_label_en"": ""left"", ""normalized_target_label_zh"": ""左边的物体"", ""raw_instruction"": ""抓起最左边的物体"", ""target_color"": null, ""target_position_hint"": ""left"", ""target_type"": null}",左边的物体,left,green_sphere,sphere,green,0.3961824246021898,0.11750825268867446,0.05,3,0.3961824246021898,0.08750825268867446,0.05,0.0,0.025,0.15,0.625,0.8362817120663203,0.4189282346802645,1.0,1.0,1.0,0.7385419893493169,False,,data/grasp_success/raw/episode_000075/rgb.png,data/grasp_success/raw/episode_000075/depth.npy,data/grasp_success/raw/episode_000075/object_states.json,data/grasp_success/raw/episode_000075/candidates.json,
episode_000075,74,抓起最左边的物体,"{""confidence"": 0.6, ""intent"": ""pick"", ""language"": ""zh"", ""normalized_target_label_en"": ""left"", ""normalized_target_label_zh"": ""左边的物体"", ""raw_instruction"": ""抓起最左边的物体"", ""target_color"": null, ""target_position_hint"": ""left"", ""target_type"": null}",左边的物体,left,green_sphere,sphere,green,0.3961824246021898,0.11750825268867446,0.05,7,0.4261824246021898,0.11750825268867446,0.05,0.0,0.025,0.15,0.6249999999999997,0.8390089847935931,0.39724129712463285,1.0,1.0,1.0,0.7347500563836451,False,,data/grasp_success/raw/episode_000075/rgb.png,data/grasp_success/raw/episode_000075/depth.npy,data/grasp_success/raw/episode_000075/object_states.json,data/grasp_success/raw/episode_000075/candidates.json,
episode_000075,74,抓起最左边的物体,"{""confidence"": 0.6, ""intent"": ""pick"", ""language"": ""zh"", ""normalized_target_label_en"": ""left"", ""normalized_target_label_zh"": ""左边的物体"", ""raw_instruction"": ""抓起最左边的物体"", ""target_color"": null, ""target_position_hint"": ""left"", ""target_type"": null}",左边的物体,left,green_sphere,sphere,green,0.3961824246021898,0.11750825268867446,0.05,10,0.36618242460218975,0.11750825268867446,0.05,0.7853981633974483,0.025,0.15,0.6249999999999997,0.8135544393390476,0.4,1.0,1.0,1.0,0.7302108878678094,False,,data/grasp_success/raw/episode_000075/rgb.png,data/grasp_success/raw/episode_000075/depth.npy,data/grasp_success/raw/episode_000075/object_states.json,data/grasp_success/raw/episode_000075/candidates.json,
episode_000075,74,抓起最左边的物体,"{""confidence"": 0.6, ""intent"": ""pick"", ""language"": ""zh"", ""normalized_target_label_en"": ""left"", ""normalized_target_label_zh"": ""左边的物体"", ""raw_instruction"": ""抓起最左边的物体"", ""target_color"": null, ""target_position_hint"": ""left"", ""target_type"": null}",左边的物体,left,green_sphere,sphere,green,0.3961824246021898,0.11750825268867446,0.05,8,0.4261824246021898,0.14750825268867446,0.05,0.0,0.025,0.15,0.4696699141100892,0.8290089847935931,0.44999999999999996,1.0,1.0,1.0,0.6967027711917454,False,,data/grasp_success/raw/episode_000075/rgb.png,data/grasp_success/raw/episode_000075/depth.npy,data/grasp_success/raw/episode_000075/object_states.json,data/grasp_success/raw/episode_000075/candidates.json,
episode_000075,74,抓起最左边的物体,"{""confidence"": 0.6, ""intent"": ""pick"", ""language"": ""zh"", ""normalized_target_label_en"": ""left"", ""normalized_target_label_zh"": ""左边的物体"", ""raw_instruction"": ""抓起最左边的物体"", ""target_color"": null, ""target_position_hint"": ""left"", ""target_type"": null}",左边的物体,left,green_sphere,sphere,green,0.3961824246021898,0.11750825268867446,0.05,0,0.36618242460218975,0.08750825268867446,0.05,0.0,0.025,0.15,0.4696699141100892,0.8235544393390476,0.44999999999999996,1.0,1.0,1.0,0.6956118621008363,False,,data/grasp_success/raw/episode_000075/rgb.png,data/grasp_success/raw/episode_000075/depth.npy,data/grasp_success/raw/episode_000075/object_states.json,data/grasp_success/raw/episode_000075/candidates.json,
episode_000076,75,抓起中间的物体,"{""confidence"": 0.6, ""intent"": ""pick"", ""language"": ""zh"", ""normalized_target_label_en"": ""center"", ""normalized_target_label_zh"": ""中间的物体"", ""raw_instruction"": ""抓起中间的物体"", ""target_color"": null, ""target_position_hint"": ""center"", ""target_type"": null}",中间的物体,center,blue_cylinder,cylinder,blue,0.5108326889170406,0.03535254515916933,0.07,4,0.5108326889170406,0.03535254515916933,0.07,0.0,0.025,0.15,1.0,0.878125182578098,0.95,1.0,1.0,1.0,0.9656250365156196,True,True,data/grasp_success/raw/episode_000076/rgb.png,data/grasp_success/raw/episode_000076/depth.npy,data/grasp_success/raw/episode_000076/object_states.json,data/grasp_success/raw/episode_000076/candidates.json,
episode_000076,75,抓起中间的物体,"{""confidence"": 0.6, ""intent"": ""pick"", ""language"": ""zh"", ""normalized_target_label_en"": ""center"", ""normalized_target_label_zh"": ""中间的物体"", ""raw_instruction"": ""抓起中间的物体"", ""target_color"": null, ""target_position_hint"": ""center"", ""target_type"": null}",中间的物体,center,blue_cylinder,cylinder,blue,0.5108326889170406,0.03535254515916933,0.07,3,0.5108326889170406,0.005352545159169331,0.07,0.0,0.025,0.15,0.625,0.888125182578098,0.44999999999999996,1.0,1.0,1.0,0.7551250365156197,False,,data/grasp_success/raw/episode_000076/rgb.png,data/grasp_success/raw/episode_000076/depth.npy,data/grasp_success/raw/episode_000076/object_states.json,data/grasp_success/raw/episode_000076/candidates.json,
episode_000076,75,抓起中间的物体,"{""confidence"": 0.6, ""intent"": ""pick"", ""language"": ""zh"", ""normalized_target_label_en"": ""center"", ""normalized_target_label_zh"": ""中间的物体"", ""raw_instruction"": ""抓起中间的物体"", ""target_color"": null, ""target_position_hint"": ""center"", ""target_type"": null}",中间的物体,center,blue_cylinder,cylinder,blue,0.5108326889170406,0.03535254515916933,0.07,7,0.5408326889170406,0.03535254515916933,0.07,0.0,0.025,0.15,0.6249999999999997,0.8653979098508253,0.44999999999999996,1.0,1.0,1.0,0.7505795819701649,False,,data/grasp_success/raw/episode_000076/rgb.png,data/grasp_success/raw/episode_000076/depth.npy,data/grasp_success/raw/episode_000076/object_states.json,data/grasp_success/raw/episode_000076/candidates.json,
episode_000076,75,抓起中间的物体,"{""confidence"": 0.6, ""intent"": ""pick"", ""language"": ""zh"", ""normalized_target_label_en"": ""center"", ""normalized_target_label_zh"": ""中间的物体"", ""raw_instruction"": ""抓起中间的物体"", ""target_color"": null, ""target_position_hint"": ""center"", ""target_type"": null}",中间的物体,center,blue_cylinder,cylinder,blue,0.5108326889170406,0.03535254515916933,0.07,5,0.5108326889170406,0.06535254515916933,0.07,0.0,0.025,0.15,0.625,0.868125182578098,0.3943412759984285,1.0,1.0,1.0,0.7399932917153054,False,,data/grasp_success/raw/episode_000076/rgb.png,data/grasp_success/raw/episode_000076/depth.npy,data/grasp_success/raw/episode_000076/object_states.json,data/grasp_success/raw/episode_000076/candidates.json,
episode_000076,75,抓起中间的物体,"{""confidence"": 0.6, ""intent"": ""pick"", ""language"": ""zh"", ""normalized_target_label_en"": ""center"", ""normalized_target_label_zh"": ""中间的物体"", ""raw_instruction"": ""抓起中间的物体"", ""target_color"": null, ""target_position_hint"": ""center"", ""target_type"": null}",中间的物体,center,blue_cylinder,cylinder,blue,0.5108326889170406,0.03535254515916933,0.07,1,0.48083268891704056,0.03535254515916933,0.07,0.0,0.025,0.15,0.6249999999999997,0.8908524553053707,0.359574494362637,1.0,1.0,1.0,0.7375853899336015,False,,data/grasp_success/raw/episode_000076/rgb.png,data/grasp_success/raw/episode_000076/depth.npy,data/grasp_success/raw/episode_000076/object_states.json,data/grasp_success/raw/episode_000076/candidates.json,
episode_000076,75,抓起中间的物体,"{""confidence"": 0.6, ""intent"": ""pick"", ""language"": ""zh"", ""normalized_target_label_en"": ""center"", ""normalized_target_label_zh"": ""中间的物体"", ""raw_instruction"": ""抓起中间的物体"", ""target_color"": null, ""target_position_hint"": ""center"", ""target_type"": null}",中间的物体,center,blue_cylinder,cylinder,blue,0.5108326889170406,0.03535254515916933,0.07,10,0.48083268891704056,0.03535254515916933,0.07,0.7853981633974483,0.025,0.15,0.6249999999999997,0.8908524553053707,0.30957449436263706,1.0,1.0,1.0,0.7275853899336016,False,,data/grasp_success/raw/episode_000076/rgb.png,data/grasp_success/raw/episode_000076/depth.npy,data/grasp_success/raw/episode_000076/object_states.json,data/grasp_success/raw/episode_000076/candidates.json,
episode_000076,75,抓起中间的物体,"{""confidence"": 0.6, ""intent"": ""pick"", ""language"": ""zh"", ""normalized_target_label_en"": ""center"", ""normalized_target_label_zh"": ""中间的物体"", ""raw_instruction"": ""抓起中间的物体"", ""target_color"": null, ""target_position_hint"": ""center"", ""target_type"": null}",中间的物体,center,blue_cylinder,cylinder,blue,0.5108326889170406,0.03535254515916933,0.07,0,0.48083268891704056,0.005352545159169331,0.07,0.0,0.025,0.15,0.4696699141100892,0.9008524553053707,0.44999999999999996,1.0,1.0,1.0,0.7110714652941009,False,,data/grasp_success/raw/episode_000076/rgb.png,data/grasp_success/raw/episode_000076/depth.npy,data/grasp_success/raw/episode_000076/object_states.json,data/grasp_success/raw/episode_000076/candidates.json,
episode_000076,75,抓起中间的物体,"{""confidence"": 0.6, ""intent"": ""pick"", ""language"": ""zh"", ""normalized_target_label_en"": ""center"", ""normalized_target_label_zh"": ""中间的物体"", ""raw_instruction"": ""抓起中间的物体"", ""target_color"": null, ""target_position_hint"": ""center"", ""target_type"": null}",中间的物体,center,blue_cylinder,cylinder,blue,0.5108326889170406,0.03535254515916933,0.07,6,0.5408326889170406,0.005352545159169331,0.07,0.0,0.025,0.15,0.4696699141100892,0.8753979098508253,0.44999999999999996,1.0,1.0,1.0,0.7059805562031919,False,,data/grasp_success/raw/episode_000076/rgb.png,data/grasp_success/raw/episode_000076/depth.npy,data/grasp_success/raw/episode_000076/object_states.json,data/grasp_success/raw/episode_000076/candidates.json,
episode_000077,76,抓起绿色球,"{""confidence"": 0.8500000000000001, ""intent"": ""pick"", ""language"": ""zh"", ""normalized_target_label_en"": ""green sphere"", ""normalized_target_label_zh"": ""绿色球"", ""raw_instruction"": ""抓起绿色球"", ""target_color"": ""green"", ""target_position_hint"": null, ""target_type"": ""sphere""}",绿色球,green sphere,green_sphere,sphere,green,0.39836242643625785,0.10474610407376755,0.05,4,0.39836242643625785,0.10474610407376755,0.05,0.0,0.025,0.15,1.0,0.8314606108675606,0.9497226578076996,1.0,1.0,1.0,0.9562366537350521,True,True,data/grasp_success/raw/episode_000077/rgb.png,data/grasp_success/raw/episode_000077/depth.npy,data/grasp_success/raw/episode_000077/object_states.json,data/grasp_success/raw/episode_000077/candidates.json,
episode_000077,76,抓起绿色球,"{""confidence"": 0.8500000000000001, ""intent"": ""pick"", ""language"": ""zh"", ""normalized_target_label_en"": ""green sphere"", ""normalized_target_label_zh"": ""绿色球"", ""raw_instruction"": ""抓起绿色球"", ""target_color"": ""green"", ""target_position_hint"": null, ""target_type"": ""sphere""}",绿色球,green sphere,green_sphere,sphere,green,0.39836242643625785,0.10474610407376755,0.05,5,0.39836242643625785,0.13474610407376755,0.05,0.0,0.025,0.15,0.625,0.8214606108675606,0.44999999999999996,1.0,1.0,1.0,0.7417921221735122,False,,data/grasp_success/raw/episode_000077/rgb.png,data/grasp_success/raw/episode_000077/depth.npy,data/grasp_success/raw/episode_000077/object_states.json,data/grasp_success/raw/episode_000077/candidates.json,
episode_000077,76,抓起绿色球,"{""confidence"": 0.8500000000000001, ""intent"": ""pick"", ""language"": ""zh"", ""normalized_target_label_en"": ""green sphere"", ""normalized_target_label_zh"": ""绿色球"", ""raw_instruction"": ""抓起绿色球"", ""target_color"": ""green"", ""target_position_hint"": null, ""target_type"": ""sphere""}",绿色球,green sphere,green_sphere,sphere,green,0.39836242643625785,0.10474610407376755,0.05,1,0.36836242643625783,0.10474610407376755,0.05,0.0,0.025,0.15,0.6249999999999997,0.8187333381402879,0.44999999999999996,1.0,1.0,1.0,0.7412466676280575,False,,data/grasp_success/raw/episode_000077/rgb.png,data/grasp_success/raw/episode_000077/depth.npy,data/grasp_success/raw/episode_000077/object_states.json,data/grasp_success/raw/episode_000077/candidates.json,
episode_000077,76,抓起绿色球,"{""confidence"": 0.8500000000000001, ""intent"": ""pick"", ""language"": ""zh"", ""normalized_target_label_en"": ""green sphere"", ""normalized_target_label_zh"": ""绿色球"", ""raw_instruction"": ""抓起绿色球"", ""target_color"": ""green"", ""target_position_hint"": null, ""target_type"": ""sphere""}",绿色球,green sphere,green_sphere,sphere,green,0.39836242643625785,0.10474610407376755,0.05,3,0.39836242643625785,0.07474610407376756,0.05,0.0,0.025,0.15,0.625,0.8414606108675606,0.384823494990832,1.0,1.0,1.0,0.7327568211716786,False,,data/grasp_success/raw/episode_000077/rgb.png,data/grasp_success/raw/episode_000077/depth.npy,data/grasp_success/raw/episode_000077/object_states.json,data/grasp_success/raw/episode_000077/candidates.json,
episode_000077,76,抓起绿色球,"{""confidence"": 0.8500000000000001, ""intent"": ""pick"", ""language"": ""zh"", ""normalized_target_label_en"": ""green sphere"", ""normalized_target_label_zh"": ""绿色球"", ""raw_instruction"": ""抓起绿色球"", ""target_color"": ""green"", ""target_position_hint"": null, ""target_type"": ""sphere""}",绿色球,green sphere,green_sphere,sphere,green,0.39836242643625785,0.10474610407376755,0.05,10,0.36836242643625783,0.10474610407376755,0.05,0.7853981633974483,0.025,0.15,0.6249999999999997,0.8187333381402879,0.4,1.0,1.0,1.0,0.7312466676280575,False,,data/grasp_success/raw/episode_000077/rgb.png,data/grasp_success/raw/episode_000077/depth.npy,data/grasp_success/raw/episode_000077/object_states.json,data/grasp_success/raw/episode_000077/candidates.json,
episode_000077,76,抓起绿色球,"{""confidence"": 0.8500000000000001, ""intent"": ""pick"", ""language"": ""zh"", ""normalized_target_label_en"": ""green sphere"", ""normalized_target_label_zh"": ""绿色球"", ""raw_instruction"": ""抓起绿色球"", ""target_color"": ""green"", ""target_position_hint"": null, ""target_type"": ""sphere""}",绿色球,green sphere,green_sphere,sphere,green,0.39836242643625785,0.10474610407376755,0.05,7,0.4283624264362579,0.10474610407376755,0.05,0.0,0.025,0.15,0.6249999999999997,0.8441878835948333,0.34371255932842704,1.0,1.0,1.0,0.725080088584652,False,,data/grasp_success/raw/episode_000077/rgb.png,data/grasp_success/raw/episode_000077/depth.npy,data/grasp_success/raw/episode_000077/object_states.json,data/grasp_success/raw/episode_000077/candidates.json,
episode_000077,76,抓起绿色球,"{""confidence"": 0.8500000000000001, ""intent"": ""pick"", ""language"": ""zh"", ""normalized_target_label_en"": ""green sphere"", ""normalized_target_label_zh"": ""绿色球"", ""raw_instruction"": ""抓起绿色球"", ""target_color"": ""green"", ""target_position_hint"": null, ""target_type"": ""sphere""}",绿色球,green sphere,green_sphere,sphere,green,0.39836242643625785,0.10474610407376755,0.05,0,0.36836242643625783,0.07474610407376756,0.05,0.0,0.025,0.15,0.4696699141100892,0.8287333381402879,0.44999999999999996,1.0,1.0,1.0,0.6966476418610844,False,,data/grasp_success/raw/episode_000077/rgb.png,data/grasp_success/raw/episode_000077/depth.npy,data/grasp_success/raw/episode_000077/object_states.json,data/grasp_success/raw/episode_000077/candidates.json,
episode_000077,76,抓起绿色球,"{""confidence"": 0.8500000000000001, ""intent"": ""pick"", ""language"": ""zh"", ""normalized_target_label_en"": ""green sphere"", ""normalized_target_label_zh"": ""绿色球"", ""raw_instruction"": ""抓起绿色球"", ""target_color"": ""green"", ""target_position_hint"": null, ""target_type"": ""sphere""}",绿色球,green sphere,green_sphere,sphere,green,0.39836242643625785,0.10474610407376755,0.05,8,0.4283624264362579,0.13474610407376755,0.05,0.0,0.025,0.15,0.4696699141100892,0.8341878835948333,0.44309701496722476,1.0,1.0,1.0,0.6963579539454384,False,,data/grasp_success/raw/episode_000077/rgb.png,data/grasp_success/raw/episode_000077/depth.npy,data/grasp_success/raw/episode_000077/object_states.json,data/grasp_success/raw/episode_000077/candidates.json,
episode_000078,77,抓起绿色球,"{""confidence"": 0.8500000000000001, ""intent"": ""pick"", ""language"": ""zh"", ""normalized_target_label_en"": ""green sphere"", ""normalized_target_label_zh"": ""绿色球"", ""raw_instruction"": ""抓起绿色球"", ""target_color"": ""green"", ""target_position_hint"": null, ""target_type"": ""sphere""}",绿色球,green sphere,green_sphere,sphere,green,0.3923012507397421,0.1095247355033522,0.05,4,0.3923012507397421,0.1095247355033522,0.05,0.0,0.025,0.15,1.0,0.8272963258531166,0.95,1.0,1.0,1.0,0.9554592651706233,True,True,data/grasp_success/raw/episode_000078/rgb.png,data/grasp_success/raw/episode_000078/depth.npy,data/grasp_success/raw/episode_000078/object_states.json,data/grasp_success/raw/episode_000078/candidates.json,
episode_000078,77,抓起绿色球,"{""confidence"": 0.8500000000000001, ""intent"": ""pick"", ""language"": ""zh"", ""normalized_target_label_en"": ""green sphere"", ""normalized_target_label_zh"": ""绿色球"", ""raw_instruction"": ""抓起绿色球"", ""target_color"": ""green"", ""target_position_hint"": null, ""target_type"": ""sphere""}",绿色球,green sphere,green_sphere,sphere,green,0.3923012507397421,0.1095247355033522,0.05,5,0.3923012507397421,0.1395247355033522,0.05,0.0,0.025,0.15,0.625,0.8172963258531166,0.44999999999999996,1.0,1.0,1.0,0.7409592651706234,False,,data/grasp_success/raw/episode_000078/rgb.png,data/grasp_success/raw/episode_000078/depth.npy,data/grasp_success/raw/episode_000078/object_states.json,data/grasp_success/raw/episode_000078/candidates.json,
episode_000078,77,抓起绿色球,"{""confidence"": 0.8500000000000001, ""intent"": ""pick"", ""language"": ""zh"", ""normalized_target_label_en"": ""green sphere"", ""normalized_target_label_zh"": ""绿色球"", ""raw_instruction"": ""抓起绿色球"", ""target_color"": ""green"", ""target_position_hint"": null, ""target_type"": ""sphere""}",绿色球,green sphere,green_sphere,sphere,green,0.3923012507397421,0.1095247355033522,0.05,1,0.36230125073974206,0.1095247355033522,0.05,0.0,0.025,0.15,0.6249999999999997,0.8145690531258439,0.44999999999999996,1.0,1.0,1.0,0.7404138106251688,False,,data/grasp_success/raw/episode_000078/rgb.png,data/grasp_success/raw/episode_000078/depth.npy,data/grasp_success/raw/episode_000078/object_states.json,data/grasp_success/raw/episode_000078/candidates.json,
episode_000078,77,抓起绿色球,"{""confidence"": 0.8500000000000001, ""intent"": ""pick"", ""language"": ""zh"", ""normalized_target_label_en"": ""green sphere"", ""normalized_target_label_zh"": ""绿色球"", ""raw_instruction"": ""抓起绿色球"", ""target_color"": ""green"", ""target_position_hint"": null, ""target_type"": ""sphere""}",绿色球,green sphere,green_sphere,sphere,green,0.3923012507397421,0.1095247355033522,0.05,3,0.3923012507397421,0.0795247355033522,0.05,0.0,0.025,0.15,0.625,0.8372963258531166,0.4043713660870841,1.0,1.0,1.0,0.7358335383880402,False,,data/grasp_success/raw/episode_000078/rgb.png,data/grasp_success/raw/episode_000078/depth.npy,data/grasp_success/raw/episode_000078/object_states.json,data/grasp_success/raw/episode_000078/candidates.json,
episode_000078,77,抓起绿色球,"{""confidence"": 0.8500000000000001, ""intent"": ""pick"", ""language"": ""zh"", ""normalized_target_label_en"": ""green sphere"", ""normalized_target_label_zh"": ""绿色球"", ""raw_instruction"": ""抓起绿色球"", ""target_color"": ""green"", ""target_position_hint"": null, ""target_type"": ""sphere""}",绿色球,green sphere,green_sphere,sphere,green,0.3923012507397421,0.1095247355033522,0.05,10,0.36230125073974206,0.1095247355033522,0.05,0.7853981633974483,0.025,0.15,0.6249999999999997,0.8145690531258439,0.4,1.0,1.0,1.0,0.7304138106251687,False,,data/grasp_success/raw/episode_000078/rgb.png,data/grasp_success/raw/episode_000078/depth.npy,data/grasp_success/raw/episode_000078/object_states.json,data/grasp_success/raw/episode_000078/candidates.json,
episode_000078,77,抓起绿色球,"{""confidence"": 0.8500000000000001, ""intent"": ""pick"", ""language"": ""zh"", ""normalized_target_label_en"": ""green sphere"", ""normalized_target_label_zh"": ""绿色球"", ""raw_instruction"": ""抓起绿色球"", ""target_color"": ""green"", ""target_position_hint"": null, ""target_type"": ""sphere""}",绿色球,green sphere,green_sphere,sphere,green,0.3923012507397421,0.1095247355033522,0.05,7,0.4223012507397421,0.1095247355033522,0.05,0.0,0.025,0.15,0.6249999999999997,0.8400235985803893,0.3504963399927361,1.0,1.0,1.0,0.725603987714625,False,,data/grasp_success/raw/episode_000078/rgb.png,data/grasp_success/raw/episode_000078/depth.npy,data/grasp_success/raw/episode_000078/object_states.json,data/grasp_success/raw/episode_000078/candidates.json,
episode_000078,77,抓起绿色球,"{""confidence"": 0.8500000000000001, ""intent"": ""pick"", ""language"": ""zh"", ""normalized_target_label_en"": ""green sphere"", ""normalized_target_label_zh"": ""绿色球"", ""raw_instruction"": ""抓起绿色球"", ""target_color"": ""green"", ""target_position_hint"": null, ""target_type"": ""sphere""}",绿色球,green sphere,green_sphere,sphere,green,0.3923012507397421,0.1095247355033522,0.05,0,0.36230125073974206,0.0795247355033522,0.05,0.0,0.025,0.15,0.4696699141100892,0.8245690531258439,0.44999999999999996,1.0,1.0,1.0,0.6958147848581956,False,,data/grasp_success/raw/episode_000078/rgb.png,data/grasp_success/raw/episode_000078/depth.npy,data/grasp_success/raw/episode_000078/object_states.json,data/grasp_success/raw/episode_000078/candidates.json,
episode_000078,77,抓起绿色球,"{""confidence"": 0.8500000000000001, ""intent"": ""pick"", ""language"": ""zh"", ""normalized_target_label_en"": ""green sphere"", ""normalized_target_label_zh"": ""绿色球"", ""raw_instruction"": ""抓起绿色球"", ""target_color"": ""green"", ""target_position_hint"": null, ""target_type"": ""sphere""}",绿色球,green sphere,green_sphere,sphere,green,0.3923012507397421,0.1095247355033522,0.05,8,0.4223012507397421,0.1395247355033522,0.05,0.0,0.025,0.15,0.4696699141100892,0.8300235985803894,0.443246189524344,1.0,1.0,1.0,0.6955549318539734,False,,data/grasp_success/raw/episode_000078/rgb.png,data/grasp_success/raw/episode_000078/depth.npy,data/grasp_success/raw/episode_000078/object_states.json,data/grasp_success/raw/episode_000078/candidates.json,
episode_000079,78,抓起蓝色圆柱,"{""confidence"": 0.8500000000000001, ""intent"": ""pick"", ""language"": ""zh"", ""normalized_target_label_en"": ""blue cylinder"", ""normalized_target_label_zh"": ""蓝色圆柱"", ""raw_instruction"": ""抓起蓝色圆柱"", ""target_color"": ""blue"", ""target_position_hint"": null, ""target_type"": ""cylinder""}",蓝色圆柱,blue cylinder,blue_cylinder,cylinder,blue,0.5284878862894782,0.034608442466200845,0.07,4,0.5284878862894782,0.034608442466200845,0.07,0.0,0.025,0.15,1.0,0.8708831330753262,0.95,1.0,1.0,1.0,0.9641766266150653,True,True,data/grasp_success/raw/episode_000079/rgb.png,data/grasp_success/raw/episode_000079/depth.npy,data/grasp_success/raw/episode_000079/object_states.json,data/grasp_success/raw/episode_000079/candidates.json,
episode_000079,78,抓起蓝色圆柱,"{""confidence"": 0.8500000000000001, ""intent"": ""pick"", ""language"": ""zh"", ""normalized_target_label_en"": ""blue cylinder"", ""normalized_target_label_zh"": ""蓝色圆柱"", ""raw_instruction"": ""抓起蓝色圆柱"", ""target_color"": ""blue"", ""target_position_hint"": null, ""target_type"": ""cylinder""}",蓝色圆柱,blue cylinder,blue_cylinder,cylinder,blue,0.5284878862894782,0.034608442466200845,0.07,3,0.5284878862894782,0.004608442466200846,0.07,0.0,0.025,0.15,0.625,0.8808831330753262,0.44999999999999996,1.0,1.0,1.0,0.7536766266150653,False,,data/grasp_success/raw/episode_000079/rgb.png,data/grasp_success/raw/episode_000079/depth.npy,data/grasp_success/raw/episode_000079/object_states.json,data/grasp_success/raw/episode_000079/candidates.json,
episode_000079,78,抓起蓝色圆柱,"{""confidence"": 0.8500000000000001, ""intent"": ""pick"", ""language"": ""zh"", ""normalized_target_label_en"": ""blue cylinder"", ""normalized_target_label_zh"": ""蓝色圆柱"", ""raw_instruction"": ""抓起蓝色圆柱"", ""target_color"": ""blue"", ""target_position_hint"": null, ""target_type"": ""cylinder""}",蓝色圆柱,blue cylinder,blue_cylinder,cylinder,blue,0.5284878862894782,0.034608442466200845,0.07,1,0.49848788628947815,0.034608442466200845,0.07,0.0,0.025,0.15,0.6249999999999997,0.8836104058025989,0.43681324951342115,1.0,1.0,1.0,0.7515847310632039,False,,data/grasp_success/raw/episode_000079/rgb.png,data/grasp_success/raw/episode_000079/depth.npy,data/grasp_success/raw/episode_000079/object_states.json,data/grasp_success/raw/episode_000079/candidates.json,
episode_000079,78,抓起蓝色圆柱,"{""confidence"": 0.8500000000000001, ""intent"": ""pick"", ""language"": ""zh"", ""normalized_target_label_en"": ""blue cylinder"", ""normalized_target_label_zh"": ""蓝色圆柱"", ""raw_instruction"": ""抓起蓝色圆柱"", ""target_color"": ""blue"", ""target_position_hint"": null, ""target_type"": ""cylinder""}",蓝色圆柱,blue cylinder,blue_cylinder,cylinder,blue,0.5284878862894782,0.034608442466200845,0.07,5,0.5284878862894782,0.06460844246620084,0.07,0.0,0.025,0.15,0.625,0.8608831330753262,0.44999999999999996,1.0,1.0,1.0,0.7496766266150653,False,,data/grasp_success/raw/episode_000079/rgb.png,data/grasp_success/raw/episode_000079/depth.npy,data/grasp_success/raw/episode_000079/object_states.json,data/grasp_success/raw/episode_000079/candidates.json,
episode_000079,78,抓起蓝色圆柱,"{""confidence"": 0.8500000000000001, ""intent"": ""pick"", ""language"": ""zh"", ""normalized_target_label_en"": ""blue cylinder"", ""normalized_target_label_zh"": ""蓝色圆柱"", ""raw_instruction"": ""抓起蓝色圆柱"", ""target_color"": ""blue"", ""target_position_hint"": null, ""target_type"": ""cylinder""}",蓝色圆柱,blue cylinder,blue_cylinder,cylinder,blue,0.5284878862894782,0.034608442466200845,0.07,7,0.5584878862894782,0.034608442466200845,0.07,0.0,0.025,0.15,0.6249999999999997,0.8581558603480534,0.44999999999999996,1.0,1.0,1.0,0.7491311720696106,False,,data/grasp_success/raw/episode_000079/rgb.png,data/grasp_success/raw/episode_000079/depth.npy,data/grasp_success/raw/episode_000079/object_states.json,data/grasp_success/raw/episode_000079/candidates.json,
episode_000079,78,抓起蓝色圆柱,"{""confidence"": 0.8500000000000001, ""intent"": ""pick"", ""language"": ""zh"", ""normalized_target_label_en"": ""blue cylinder"", ""normalized_target_label_zh"": ""蓝色圆柱"", ""raw_instruction"": ""抓起蓝色圆柱"", ""target_color"": ""blue"", ""target_position_hint"": null, ""target_type"": ""cylinder""}",蓝色圆柱,blue cylinder,blue_cylinder,cylinder,blue,0.5284878862894782,0.034608442466200845,0.07,10,0.49848788628947815,0.034608442466200845,0.07,0.7853981633974483,0.025,0.15,0.6249999999999997,0.8836104058025989,0.3868132495134212,1.0,1.0,1.0,0.741584731063204,False,,data/grasp_success/raw/episode_000079/rgb.png,data/grasp_success/raw/episode_000079/depth.npy,data/grasp_success/raw/episode_000079/object_states.json,data/grasp_success/raw/episode_000079/candidates.json,
episode_000079,78,抓起蓝色圆柱,"{""confidence"": 0.8500000000000001, ""intent"": ""pick"", ""language"": ""zh"", ""normalized_target_label_en"": ""blue cylinder"", ""normalized_target_label_zh"": ""蓝色圆柱"", ""raw_instruction"": ""抓起蓝色圆柱"", ""target_color"": ""blue"", ""target_position_hint"": null, ""target_type"": ""cylinder""}",蓝色圆柱,blue cylinder,blue_cylinder,cylinder,blue,0.5284878862894782,0.034608442466200845,0.07,0,0.49848788628947815,0.004608442466200846,0.07,0.0,0.025,0.15,0.4696699141100892,0.8936104058025989,0.44999999999999996,1.0,1.0,1.0,0.7096230553935465,False,,data/grasp_success/raw/episode_000079/rgb.png,data/grasp_success/raw/episode_000079/depth.npy,data/grasp_success/raw/episode_000079/object_states.json,data/grasp_success/raw/episode_000079/candidates.json,
episode_000079,78,抓起蓝色圆柱,"{""confidence"": 0.8500000000000001, ""intent"": ""pick"", ""language"": ""zh"", ""normalized_target_label_en"": ""blue cylinder"", ""normalized_target_label_zh"": ""蓝色圆柱"", ""raw_instruction"": ""抓起蓝色圆柱"", ""target_color"": ""blue"", ""target_position_hint"": null, ""target_type"": ""cylinder""}",蓝色圆柱,blue cylinder,blue_cylinder,cylinder,blue,0.5284878862894782,0.034608442466200845,0.07,6,0.5584878862894782,0.004608442466200846,0.07,0.0,0.025,0.15,0.4696699141100892,0.8681558603480535,0.44999999999999996,1.0,1.0,1.0,0.7045321463026375,False,,data/grasp_success/raw/episode_000079/rgb.png,data/grasp_success/raw/episode_000079/depth.npy,data/grasp_success/raw/episode_000079/object_states.json,data/grasp_success/raw/episode_000079/candidates.json,
episode_000080,79,抓起蓝色圆柱,"{""confidence"": 0.8500000000000001, ""intent"": ""pick"", ""language"": ""zh"", ""normalized_target_label_en"": ""blue cylinder"", ""normalized_target_label_zh"": ""蓝色圆柱"", ""raw_instruction"": ""抓起蓝色圆柱"", ""target_color"": ""blue"", ""target_position_hint"": null, ""target_type"": ""cylinder""}",蓝色圆柱,blue cylinder,blue_cylinder,cylinder,blue,0.5132587166489527,0.024917864162283872,0.07,4,0.5132587166489527,0.024917864162283872,0.07,0.0,0.025,0.15,1.0,0.8805741856907942,0.95,1.0,1.0,1.0,0.9661148371381589,True,True,data/grasp_success/raw/episode_000080/rgb.png,data/grasp_success/raw/episode_000080/depth.npy,data/grasp_success/raw/episode_000080/object_states.json,data/grasp_success/raw/episode_000080/candidates.json,
episode_000080,79,抓起蓝色圆柱,"{""confidence"": 0.8500000000000001, ""intent"": ""pick"", ""language"": ""zh"", ""normalized_target_label_en"": ""blue cylinder"", ""normalized_target_label_zh"": ""蓝色圆柱"", ""raw_instruction"": ""抓起蓝色圆柱"", ""target_color"": ""blue"", ""target_position_hint"": null, ""target_type"": ""cylinder""}",蓝色圆柱,blue cylinder,blue_cylinder,cylinder,blue,0.5132587166489527,0.024917864162283872,0.07,3,0.5132587166489527,-0.005082135837716127,0.07,0.0,0.025,0.15,0.625,0.8871860951323167,0.44999999999999996,1.0,1.0,1.0,0.7549372190264634,False,,data/grasp_success/raw/episode_000080/rgb.png,data/grasp_success/raw/episode_000080/depth.npy,data/grasp_success/raw/episode_000080/object_states.json,data/grasp_success/raw/episode_000080/candidates.json,
episode_000080,79,抓起蓝色圆柱,"{""confidence"": 0.8500000000000001, ""intent"": ""pick"", ""language"": ""zh"", ""normalized_target_label_en"": ""blue cylinder"", ""normalized_target_label_zh"": ""蓝色圆柱"", ""raw_instruction"": ""抓起蓝色圆柱"", ""target_color"": ""blue"", ""target_position_hint"": null, ""target_type"": ""cylinder""}",蓝色圆柱,blue cylinder,blue_cylinder,cylinder,blue,0.5132587166489527,0.024917864162283872,0.07,7,0.5432587166489528,0.024917864162283872,0.07,0.0,0.025,0.15,0.6249999999999997,0.8678469129635213,0.44999999999999996,1.0,1.0,1.0,0.7510693825927042,False,,data/grasp_success/raw/episode_000080/rgb.png,data/grasp_success/raw/episode_000080/depth.npy,data/grasp_success/raw/episode_000080/object_states.json,data/grasp_success/raw/episode_000080/candidates.json,
episode_000080,79,抓起蓝色圆柱,"{""confidence"": 0.8500000000000001, ""intent"": ""pick"", ""language"": ""zh"", ""normalized_target_label_en"": ""blue cylinder"", ""normalized_target_label_zh"": ""蓝色圆柱"", ""raw_instruction"": ""抓起蓝色圆柱"", ""target_color"": ""blue"", ""target_position_hint"": null, ""target_type"": ""cylinder""}",蓝色圆柱,blue cylinder,blue_cylinder,cylinder,blue,0.5132587166489527,0.024917864162283872,0.07,5,0.5132587166489527,0.05491786416228387,0.07,0.0,0.025,0.15,0.625,0.870574185690794,0.4029777209496128,1.0,1.0,1.0,0.7422103813280814,False,,data/grasp_success/raw/episode_000080/rgb.png,data/grasp_success/raw/episode_000080/depth.npy,data/grasp_success/raw/episode_000080/object_states.json,data/grasp_success/raw/episode_000080/candidates.json,
episode_000080,79,抓起蓝色圆柱,"{""confidence"": 0.8500000000000001, ""intent"": ""pick"", ""language"": ""zh"", ""normalized_target_label_en"": ""blue cylinder"", ""normalized_target_label_zh"": ""蓝色圆柱"", ""raw_instruction"": ""抓起蓝色圆柱"", ""target_color"": ""blue"", ""target_position_hint"": null, ""target_type"": ""cylinder""}",蓝色圆柱,blue cylinder,blue_cylinder,cylinder,blue,0.5132587166489527,0.024917864162283872,0.07,1,0.4832587166489527,0.024917864162283872,0.07,0.0,0.025,0.15,0.6249999999999997,0.8933014584180669,0.3664751617284012,1.0,1.0,1.0,0.7394553240292936,False,,data/grasp_success/raw/episode_000080/rgb.png,data/grasp_success/raw/episode_000080/depth.npy,data/grasp_success/raw/episode_000080/object_states.json,data/grasp_success/raw/episode_000080/candidates.json,
episode_000080,79,抓起蓝色圆柱,"{""confidence"": 0.8500000000000001, ""intent"": ""pick"", ""language"": ""zh"", ""normalized_target_label_en"": ""blue cylinder"", ""normalized_target_label_zh"": ""蓝色圆柱"", ""raw_instruction"": ""抓起蓝色圆柱"", ""target_color"": ""blue"", ""target_position_hint"": null, ""target_type"": ""cylinder""}",蓝色圆柱,blue cylinder,blue_cylinder,cylinder,blue,0.5132587166489527,0.024917864162283872,0.07,10,0.4832587166489527,0.024917864162283872,0.07,0.7853981633974483,0.025,0.15,0.6249999999999997,0.8933014584180669,0.3164751617284013,1.0,1.0,1.0,0.7294553240292936,False,,data/grasp_success/raw/episode_000080/rgb.png,data/grasp_success/raw/episode_000080/depth.npy,data/grasp_success/raw/episode_000080/object_states.json,data/grasp_success/raw/episode_000080/candidates.json,
episode_000080,79,抓起蓝色圆柱,"{""confidence"": 0.8500000000000001, ""intent"": ""pick"", ""language"": ""zh"", ""normalized_target_label_en"": ""blue cylinder"", ""normalized_target_label_zh"": ""蓝色圆柱"", ""raw_instruction"": ""抓起蓝色圆柱"", ""target_color"": ""blue"", ""target_position_hint"": null, ""target_type"": ""cylinder""}",蓝色圆柱,blue cylinder,blue_cylinder,cylinder,blue,0.5132587166489527,0.024917864162283872,0.07,0,0.4832587166489527,-0.005082135837716127,0.07,0.0,0.025,0.15,0.4696699141100892,0.8999133678595894,0.4483814771159672,1.0,1.0,1.0,0.7105599432281381,False,,data/grasp_success/raw/episode_000080/rgb.png,data/grasp_success/raw/episode_000080/depth.npy,data/grasp_success/raw/episode_000080/object_states.json,data/grasp_success/raw/episode_000080/candidates.json,
episode_000080,79,抓起蓝色圆柱,"{""confidence"": 0.8500000000000001, ""intent"": ""pick"", ""language"": ""zh"", ""normalized_target_label_en"": ""blue cylinder"", ""normalized_target_label_zh"": ""蓝色圆柱"", ""raw_instruction"": ""抓起蓝色圆柱"", ""target_color"": ""blue"", ""target_position_hint"": null, ""target_type"": ""cylinder""}",蓝色圆柱,blue cylinder,blue_cylinder,cylinder,blue,0.5132587166489527,0.024917864162283872,0.07,6,0.5432587166489528,-0.005082135837716127,0.07,0.0,0.025,0.15,0.4696699141100892,0.874458822405044,0.44999999999999996,1.0,1.0,1.0,0.7057927387140356,False,,data/grasp_success/raw/episode_000080/rgb.png,data/grasp_success/raw/episode_000080/depth.npy,data/grasp_success/raw/episode_000080/object_states.json,data/grasp_success/raw/episode_000080/candidates.json,
episode_000081,80,抓起绿色球,"{""confidence"": 0.8500000000000001, ""intent"": ""pick"", ""language"": ""zh"", ""normalized_target_label_en"": ""green sphere"", ""normalized_target_label_zh"": ""绿色球"", ""raw_instruction"": ""抓起绿色球"", ""target_color"": ""green"", ""target_position_hint"": null, ""target_type"": ""sphere""}",绿色球,green sphere,green_sphere,sphere,green,0.39738157337384505,0.1106558319034108,0.05,4,0.39738157337384505,0.1106558319034108,0.05,0.0,0.025,0.15,1.0,0.8290745821099893,0.95,1.0,1.0,1.0,0.9558149164219979,True,True,data/grasp_success/raw/episode_000081/rgb.png,data/grasp_success/raw/episode_000081/depth.npy,data/grasp_success/raw/episode_000081/object_states.json,data/grasp_success/raw/episode_000081/candidates.json,
episode_000081,80,抓起绿色球,"{""confidence"": 0.8500000000000001, ""intent"": ""pick"", ""language"": ""zh"", ""normalized_target_label_en"": ""green sphere"", ""normalized_target_label_zh"": ""绿色球"", ""raw_instruction"": ""抓起绿色球"", ""target_color"": ""green"", ""target_position_hint"": null, ""target_type"": ""sphere""}",绿色球,green sphere,green_sphere,sphere,green,0.39738157337384505,0.1106558319034108,0.05,5,0.39738157337384505,0.1406558319034108,0.05,0.0,0.025,0.15,0.625,0.8190745821099893,0.44999999999999996,1.0,1.0,1.0,0.7413149164219979,False,,data/grasp_success/raw/episode_000081/rgb.png,data/grasp_success/raw/episode_000081/depth.npy,data/grasp_success/raw/episode_000081/object_states.json,data/grasp_success/raw/episode_000081/candidates.json,
episode_000081,80,抓起绿色球,"{""confidence"": 0.8500000000000001, ""intent"": ""pick"", ""language"": ""zh"", ""normalized_target_label_en"": ""green sphere"", ""normalized_target_label_zh"": ""绿色球"", ""raw_instruction"": ""抓起绿色球"", ""target_color"": ""green"", ""target_position_hint"": null, ""target_type"": ""sphere""}",绿色球,green sphere,green_sphere,sphere,green,0.39738157337384505,0.1106558319034108,0.05,1,0.367381573373845,0.1106558319034108,0.05,0.0,0.025,0.15,0.6249999999999997,0.8163473093827165,0.44999999999999996,1.0,1.0,1.0,0.7407694618765432,False,,data/grasp_success/raw/episode_000081/rgb.png,data/grasp_success/raw/episode_000081/depth.npy,data/grasp_success/raw/episode_000081/object_states.json,data/grasp_success/raw/episode_000081/candidates.json,
episode_000081,80,抓起绿色球,"{""confidence"": 0.8500000000000001, ""intent"": ""pick"", ""language"": ""zh"", ""normalized_target_label_en"": ""green sphere"", ""normalized_target_label_zh"": ""绿色球"", ""raw_instruction"": ""抓起绿色球"", ""target_color"": ""green"", ""target_position_hint"": null, ""target_type"": ""sphere""}",绿色球,green sphere,green_sphere,sphere,green,0.39738157337384505,0.1106558319034108,0.05,3,0.39738157337384505,0.0806558319034108,0.05,0.0,0.025,0.15,0.625,0.8390745821099892,0.4202795216421016,1.0,1.0,1.0,0.7393708207504182,False,,data/grasp_success/raw/episode_000081/rgb.png,data/grasp_success/raw/episode_000081/depth.npy,data/grasp_success/raw/episode_000081/object_states.json,data/grasp_success/raw/episode_000081/candidates.json,
episode_000081,80,抓起绿色球,"{""confidence"": 0.8500000000000001, ""intent"": ""pick"", ""language"": ""zh"", ""normalized_target_label_en"": ""green sphere"", ""normalized_target_label_zh"": ""绿色球"", ""raw_instruction"": ""抓起绿色球"", ""target_color"": ""green"", ""target_position_hint"": null, ""target_type"": ""sphere""}",绿色球,green sphere,green_sphere,sphere,green,0.39738157337384505,0.1106558319034108,0.05,10,0.367381573373845,0.1106558319034108,0.05,0.7853981633974483,0.025,0.15,0.6249999999999997,0.8163473093827165,0.4,1.0,1.0,1.0,0.7307694618765432,False,,data/grasp_success/raw/episode_000081/rgb.png,data/grasp_success/raw/episode_000081/depth.npy,data/grasp_success/raw/episode_000081/object_states.json,data/grasp_success/raw/episode_000081/candidates.json,
episode_000081,80,抓起绿色球,"{""confidence"": 0.8500000000000001, ""intent"": ""pick"", ""language"": ""zh"", ""normalized_target_label_en"": ""green sphere"", ""normalized_target_label_zh"": ""绿色球"", ""raw_instruction"": ""抓起绿色球"", ""target_color"": ""green"", ""target_position_hint"": null, ""target_type"": ""sphere""}",绿色球,green sphere,green_sphere,sphere,green,0.39738157337384505,0.1106558319034108,0.05,7,0.4273815733738451,0.1106558319034108,0.05,0.0,0.025,0.15,0.6249999999999997,0.841801854837262,0.36143282905756613,1.0,1.0,1.0,0.7281469367789655,False,,data/grasp_success/raw/episode_000081/rgb.png,data/grasp_success/raw/episode_000081/depth.npy,data/grasp_success/raw/episode_000081/object_states.json,data/grasp_success/raw/episode_000081/candidates.json,
episode_000081,80,抓起绿色球,"{""confidence"": 0.8500000000000001, ""intent"": ""pick"", ""language"": ""zh"", ""normalized_target_label_en"": ""green sphere"", ""normalized_target_label_zh"": ""绿色球"", ""raw_instruction"": ""抓起绿色球"", ""target_color"": ""green"", ""target_position_hint"": null, ""target_type"": ""sphere""}",绿色球,green sphere,green_sphere,sphere,green,0.39738157337384505,0.1106558319034108,0.05,8,0.4273815733738451,0.1406558319034108,0.05,0.0,0.025,0.15,0.4696699141100892,0.831801854837262,0.44999999999999996,1.0,1.0,1.0,0.6972613452004792,False,,data/grasp_success/raw/episode_000081/rgb.png,data/grasp_success/raw/episode_000081/depth.npy,data/grasp_success/raw/episode_000081/object_states.json,data/grasp_success/raw/episode_000081/candidates.json,
episode_000081,80,抓起绿色球,"{""confidence"": 0.8500000000000001, ""intent"": ""pick"", ""language"": ""zh"", ""normalized_target_label_en"": ""green sphere"", ""normalized_target_label_zh"": ""绿色球"", ""raw_instruction"": ""抓起绿色球"", ""target_color"": ""green"", ""target_position_hint"": null, ""target_type"": ""sphere""}",绿色球,green sphere,green_sphere,sphere,green,0.39738157337384505,0.1106558319034108,0.05,0,0.367381573373845,0.0806558319034108,0.05,0.0,0.025,0.15,0.4696699141100892,0.8263473093827165,0.44999999999999996,1.0,1.0,1.0,0.6961704361095701,False,,data/grasp_success/raw/episode_000081/rgb.png,data/grasp_success/raw/episode_000081/depth.npy,data/grasp_success/raw/episode_000081/object_states.json,data/grasp_success/raw/episode_000081/candidates.json,
episode_000082,81,抓起最左边的物体,"{""confidence"": 0.6, ""intent"": ""pick"", ""language"": ""zh"", ""normalized_target_label_en"": ""left"", ""normalized_target_label_zh"": ""左边的物体"", ""raw_instruction"": ""抓起最左边的物体"", ""target_color"": null, ""target_position_hint"": ""left"", ""target_type"": null}",左边的物体,left,green_sphere,sphere,green,0.40669042274614453,0.10318817513418947,0.05,4,0.40669042274614453,0.10318817513418947,0.05,0.0,0.025,0.15,1.0,0.835513009857675,0.9370740237230128,1.0,1.0,1.0,0.9545174067161376,True,True,data/grasp_success/raw/episode_000082/rgb.png,data/grasp_success/raw/episode_000082/depth.npy,data/grasp_success/raw/episode_000082/object_states.json,data/grasp_success/raw/episode_000082/candidates.json,
episode_000082,81,抓起最左边的物体,"{""confidence"": 0.6, ""intent"": ""pick"", ""language"": ""zh"", ""normalized_target_label_en"": ""left"", ""normalized_target_label_zh"": ""左边的物体"", ""raw_instruction"": ""抓起最左边的物体"", ""target_color"": null, ""target_position_hint"": ""left"", ""target_type"": null}",左边的物体,left,green_sphere,sphere,green,0.40669042274614453,0.10318817513418947,0.05,5,0.40669042274614453,0.13318817513418946,0.05,0.0,0.025,0.15,0.6250000000000002,0.825513009857675,0.44999999999999996,1.0,1.0,1.0,0.742602601971535,False,,data/grasp_success/raw/episode_000082/rgb.png,data/grasp_success/raw/episode_000082/depth.npy,data/grasp_success/raw/episode_000082/object_states.json,data/grasp_success/raw/episode_000082/candidates.json,
episode_000082,81,抓起最左边的物体,"{""confidence"": 0.6, ""intent"": ""pick"", ""language"": ""zh"", ""normalized_target_label_en"": ""left"", ""normalized_target_label_zh"": ""左边的物体"", ""raw_instruction"": ""抓起最左边的物体"", ""target_color"": null, ""target_position_hint"": ""left"", ""target_type"": null}",左边的物体,left,green_sphere,sphere,green,0.40669042274614453,0.10318817513418947,0.05,1,0.3766904227461445,0.10318817513418947,0.05,0.0,0.025,0.15,0.6249999999999997,0.8227857371304022,0.44999999999999996,1.0,1.0,1.0,0.7420571474260803,False,,data/grasp_success/raw/episode_000082/rgb.png,data/grasp_success/raw/episode_000082/depth.npy,data/grasp_success/raw/episode_000082/object_states.json,data/grasp_success/raw/episode_000082/candidates.json,
episode_000082,81,抓起最左边的物体,"{""confidence"": 0.6, ""intent"": ""pick"", ""language"": ""zh"", ""normalized_target_label_en"": ""left"", ""normalized_target_label_zh"": ""左边的物体"", ""raw_instruction"": ""抓起最左边的物体"", ""target_color"": null, ""target_position_hint"": ""left"", ""target_type"": null}",左边的物体,left,green_sphere,sphere,green,0.40669042274614453,0.10318817513418947,0.05,10,0.3766904227461445,0.10318817513418947,0.05,0.7853981633974483,0.025,0.15,0.6249999999999997,0.8227857371304022,0.4,1.0,1.0,1.0,0.7320571474260803,False,,data/grasp_success/raw/episode_000082/rgb.png,data/grasp_success/raw/episode_000082/depth.npy,data/grasp_success/raw/episode_000082/object_states.json,data/grasp_success/raw/episode_000082/candidates.json,
episode_000082,81,抓起最左边的物体,"{""confidence"": 0.6, ""intent"": ""pick"", ""language"": ""zh"", ""normalized_target_label_en"": ""left"", ""normalized_target_label_zh"": ""左边的物体"", ""raw_instruction"": ""抓起最左边的物体"", ""target_color"": null, ""target_position_hint"": ""left"", ""target_type"": null}",左边的物体,left,green_sphere,sphere,green,0.40669042274614453,0.10318817513418947,0.05,3,0.40669042274614453,0.07318817513418947,0.05,0.0,0.025,0.15,0.625,0.845513009857675,0.3743178558681919,1.0,1.0,1.0,0.7314661731451735,False,,data/grasp_success/raw/episode_000082/rgb.png,data/grasp_success/raw/episode_000082/depth.npy,data/grasp_success/raw/episode_000082/object_states.json,data/grasp_success/raw/episode_000082/candidates.json,
episode_000082,81,抓起最左边的物体,"{""confidence"": 0.6, ""intent"": ""pick"", ""language"": ""zh"", ""normalized_target_label_en"": ""left"", ""normalized_target_label_zh"": ""左边的物体"", ""raw_instruction"": ""抓起最左边的物体"", ""target_color"": null, ""target_position_hint"": ""left"", ""target_type"": null}",左边的物体,left,green_sphere,sphere,green,0.40669042274614453,0.10318817513418947,0.05,7,0.43669042274614456,0.10318817513418947,0.05,0.0,0.025,0.15,0.6249999999999997,0.8482402825849477,0.32982891573831463,1.0,1.0,1.0,0.7231138396646524,False,,data/grasp_success/raw/episode_000082/rgb.png,data/grasp_success/raw/episode_000082/depth.npy,data/grasp_success/raw/episode_000082/object_states.json,data/grasp_success/raw/episode_000082/candidates.json,
episode_000082,81,抓起最左边的物体,"{""confidence"": 0.6, ""intent"": ""pick"", ""language"": ""zh"", ""normalized_target_label_en"": ""left"", ""normalized_target_label_zh"": ""左边的物体"", ""raw_instruction"": ""抓起最左边的物体"", ""target_color"": null, ""target_position_hint"": ""left"", ""target_type"": null}",左边的物体,left,green_sphere,sphere,green,0.40669042274614453,0.10318817513418947,0.05,0,0.3766904227461445,0.07318817513418947,0.05,0.0,0.025,0.15,0.4696699141100892,0.8327857371304022,0.44999999999999996,1.0,1.0,1.0,0.6974581216591073,False,,data/grasp_success/raw/episode_000082/rgb.png,data/grasp_success/raw/episode_000082/depth.npy,data/grasp_success/raw/episode_000082/object_states.json,data/grasp_success/raw/episode_000082/candidates.json,
episode_000082,81,抓起最左边的物体,"{""confidence"": 0.6, ""intent"": ""pick"", ""language"": ""zh"", ""normalized_target_label_en"": ""left"", ""normalized_target_label_zh"": ""左边的物体"", ""raw_instruction"": ""抓起最左边的物体"", ""target_color"": null, ""target_position_hint"": ""left"", ""target_type"": null}",左边的物体,left,green_sphere,sphere,green,0.40669042274614453,0.10318817513418947,0.05,8,0.43669042274614456,0.13318817513418946,0.05,0.0,0.025,0.15,0.4696699141100893,0.8382402825849476,0.42818384452590097,1.0,1.0,1.0,0.6941857996551966,False,,data/grasp_success/raw/episode_000082/rgb.png,data/grasp_success/raw/episode_000082/depth.npy,data/grasp_success/raw/episode_000082/object_states.json,data/grasp_success/raw/episode_000082/candidates.json,
episode_000083,82,抓起蓝色圆柱,"{""confidence"": 0.8500000000000001, ""intent"": ""pick"", ""language"": ""zh"", ""normalized_target_label_en"": ""blue cylinder"", ""normalized_target_label_zh"": ""蓝色圆柱"", ""raw_instruction"": ""抓起蓝色圆柱"", ""target_color"": ""blue"", ""target_position_hint"": null, ""target_type"": ""cylinder""}",蓝色圆柱,blue cylinder,blue_cylinder,cylinder,blue,0.5201020029622507,0.039376978550041575,0.07,4,0.5201020029622507,0.039376978550041575,0.07,0.0,0.025,0.15,1.0,0.8728512685195363,0.95,1.0,1.0,1.0,0.9645702537039074,True,True,data/grasp_success/raw/episode_000083/rgb.png,data/grasp_success/raw/episode_000083/depth.npy,data/grasp_success/raw/episode_000083/object_states.json,data/grasp_success/raw/episode_000083/candidates.json,
episode_000083,82,抓起蓝色圆柱,"{""confidence"": 0.8500000000000001, ""intent"": ""pick"", ""language"": ""zh"", ""normalized_target_label_en"": ""blue cylinder"", ""normalized_target_label_zh"": ""蓝色圆柱"", ""raw_instruction"": ""抓起蓝色圆柱"", ""target_color"": ""blue"", ""target_position_hint"": null, ""target_type"": ""cylinder""}",蓝色圆柱,blue cylinder,blue_cylinder,cylinder,blue,0.5201020029622507,0.039376978550041575,0.07,3,0.5201020029622507,0.009376978550041576,0.07,0.0,0.025,0.15,0.625,0.8828512685195363,0.44999999999999996,1.0,1.0,1.0,0.7540702537039073,False,,data/grasp_success/raw/episode_000083/rgb.png,data/grasp_success/raw/episode_000083/depth.npy,data/grasp_success/raw/episode_000083/object_states.json,data/grasp_success/raw/episode_000083/candidates.json,
episode_000083,82,抓起蓝色圆柱,"{""confidence"": 0.8500000000000001, ""intent"": ""pick"", ""language"": ""zh"", ""normalized_target_label_en"": ""blue cylinder"", ""normalized_target_label_zh"": ""蓝色圆柱"", ""raw_instruction"": ""抓起蓝色圆柱"", ""target_color"": ""blue"", ""target_position_hint"": null, ""target_type"": ""cylinder""}",蓝色圆柱,blue cylinder,blue_cylinder,cylinder,blue,0.5201020029622507,0.039376978550041575,0.07,7,0.5501020029622508,0.039376978550041575,0.07,0.0,0.025,0.15,0.6249999999999997,0.8601239957922636,0.44999999999999996,1.0,1.0,1.0,0.7495247991584526,False,,data/grasp_success/raw/episode_000083/rgb.png,data/grasp_success/raw/episode_000083/depth.npy,data/grasp_success/raw/episode_000083/object_states.json,data/grasp_success/raw/episode_000083/candidates.json,
episode_000083,82,抓起蓝色圆柱,"{""confidence"": 0.8500000000000001, ""intent"": ""pick"", ""language"": ""zh"", ""normalized_target_label_en"": ""blue cylinder"", ""normalized_target_label_zh"": ""蓝色圆柱"", ""raw_instruction"": ""抓起蓝色圆柱"", ""target_color"": ""blue"", ""target_position_hint"": null, ""target_type"": ""cylinder""}",蓝色圆柱,blue cylinder,blue_cylinder,cylinder,blue,0.5201020029622507,0.039376978550041575,0.07,5,0.5201020029622507,0.06937697855004157,0.07,0.0,0.025,0.15,0.625,0.8628512685195363,0.4183357382445694,1.0,1.0,1.0,0.7437374013528212,False,,data/grasp_success/raw/episode_000083/rgb.png,data/grasp_success/raw/episode_000083/depth.npy,data/grasp_success/raw/episode_000083/object_states.json,data/grasp_success/raw/episode_000083/candidates.json,
episode_000083,82,抓起蓝色圆柱,"{""confidence"": 0.8500000000000001, ""intent"": ""pick"", ""language"": ""zh"", ""normalized_target_label_en"": ""blue cylinder"", ""normalized_target_label_zh"": ""蓝色圆柱"", ""raw_instruction"": ""抓起蓝色圆柱"", ""target_color"": ""blue"", ""target_position_hint"": null, ""target_type"": ""cylinder""}",蓝色圆柱,blue cylinder,blue_cylinder,cylinder,blue,0.5201020029622507,0.039376978550041575,0.07,1,0.4901020029622507,0.039376978550041575,0.07,0.0,0.025,0.15,0.6249999999999997,0.8855785412468091,0.37558381984509737,1.0,1.0,1.0,0.7397324722183812,False,,data/grasp_success/raw/episode_000083/rgb.png,data/grasp_success/raw/episode_000083/depth.npy,data/grasp_success/raw/episode_000083/object_states.json,data/grasp_success/raw/episode_000083/candidates.json,
episode_000083,82,抓起蓝色圆柱,"{""confidence"": 0.8500000000000001, ""intent"": ""pick"", ""language"": ""zh"", ""normalized_target_label_en"": ""blue cylinder"", ""normalized_target_label_zh"": ""蓝色圆柱"", ""raw_instruction"": ""抓起蓝色圆柱"", ""target_color"": ""blue"", ""target_position_hint"": null, ""target_type"": ""cylinder""}",蓝色圆柱,blue cylinder,blue_cylinder,cylinder,blue,0.5201020029622507,0.039376978550041575,0.07,10,0.4901020029622507,0.039376978550041575,0.07,0.7853981633974483,0.025,0.15,0.6249999999999997,0.8855785412468091,0.32558381984509743,1.0,1.0,1.0,0.7297324722183812,False,,data/grasp_success/raw/episode_000083/rgb.png,data/grasp_success/raw/episode_000083/depth.npy,data/grasp_success/raw/episode_000083/object_states.json,data/grasp_success/raw/episode_000083/candidates.json,
episode_000083,82,抓起蓝色圆柱,"{""confidence"": 0.8500000000000001, ""intent"": ""pick"", ""language"": ""zh"", ""normalized_target_label_en"": ""blue cylinder"", ""normalized_target_label_zh"": ""蓝色圆柱"", ""raw_instruction"": ""抓起蓝色圆柱"", ""target_color"": ""blue"", ""target_position_hint"": null, ""target_type"": ""cylinder""}",蓝色圆柱,blue cylinder,blue_cylinder,cylinder,blue,0.5201020029622507,0.039376978550041575,0.07,0,0.4901020029622507,0.009376978550041576,0.07,0.0,0.025,0.15,0.4696699141100892,0.895578541246809,0.44999999999999996,1.0,1.0,1.0,0.7100166824823886,False,,data/grasp_success/raw/episode_000083/rgb.png,data/grasp_success/raw/episode_000083/depth.npy,data/grasp_success/raw/episode_000083/object_states.json,data/grasp_success/raw/episode_000083/candidates.json,
episode_000083,82,抓起蓝色圆柱,"{""confidence"": 0.8500000000000001, ""intent"": ""pick"", ""language"": ""zh"", ""normalized_target_label_en"": ""blue cylinder"", ""normalized_target_label_zh"": ""蓝色圆柱"", ""raw_instruction"": ""抓起蓝色圆柱"", ""target_color"": ""blue"", ""target_position_hint"": null, ""target_type"": ""cylinder""}",蓝色圆柱,blue cylinder,blue_cylinder,cylinder,blue,0.5201020029622507,0.039376978550041575,0.07,6,0.5501020029622508,0.009376978550041576,0.07,0.0,0.025,0.15,0.4696699141100892,0.8701239957922636,0.44999999999999996,1.0,1.0,1.0,0.7049257733914795,False,,data/grasp_success/raw/episode_000083/rgb.png,data/grasp_success/raw/episode_000083/depth.npy,data/grasp_success/raw/episode_000083/object_states.json,data/grasp_success/raw/episode_000083/candidates.json,
episode_000084,83,抓起中间的物体,"{""confidence"": 0.6, ""intent"": ""pick"", ""language"": ""zh"", ""normalized_target_label_en"": ""center"", ""normalized_target_label_zh"": ""中间的物体"", ""raw_instruction"": ""抓起中间的物体"", ""target_color"": null, ""target_position_hint"": ""center"", ""target_type"": null}",中间的物体,center,blue_cylinder,cylinder,blue,0.5117738844645191,0.027568440740466032,0.07,4,0.5117738844645191,0.027568440740466032,0.07,0.0,0.025,0.15,1.0,0.8803205889702507,0.95,1.0,1.0,1.0,0.9660641177940501,True,True,data/grasp_success/raw/episode_000084/rgb.png,data/grasp_success/raw/episode_000084/depth.npy,data/grasp_success/raw/episode_000084/object_states.json,data/grasp_success/raw/episode_000084/candidates.json,
episode_000084,83,抓起中间的物体,"{""confidence"": 0.6, ""intent"": ""pick"", ""language"": ""zh"", ""normalized_target_label_en"": ""center"", ""normalized_target_label_zh"": ""中间的物体"", ""raw_instruction"": ""抓起中间的物体"", ""target_color"": null, ""target_position_hint"": ""center"", ""target_type"": null}",中间的物体,center,blue_cylinder,cylinder,blue,0.5117738844645191,0.027568440740466032,0.07,3,0.5117738844645191,-0.002431559259533967,0.07,0.0,0.025,0.15,0.625,0.8886995494638947,0.44999999999999996,1.0,1.0,1.0,0.755239909892779,False,,data/grasp_success/raw/episode_000084/rgb.png,data/grasp_success/raw/episode_000084/depth.npy,data/grasp_success/raw/episode_000084/object_states.json,data/grasp_success/raw/episode_000084/candidates.json,
episode_000084,83,抓起中间的物体,"{""confidence"": 0.6, ""intent"": ""pick"", ""language"": ""zh"", ""normalized_target_label_en"": ""center"", ""normalized_target_label_zh"": ""中间的物体"", ""raw_instruction"": ""抓起中间的物体"", ""target_color"": null, ""target_position_hint"": ""center"", ""target_type"": null}",中间的物体,center,blue_cylinder,cylinder,blue,0.5117738844645191,0.027568440740466032,0.07,5,0.5117738844645191,0.057568440740466034,0.07,0.0,0.025,0.15,0.625,0.8703205889702507,0.44999999999999996,1.0,1.0,1.0,0.7515641177940502,False,,data/grasp_success/raw/episode_000084/rgb.png,data/grasp_success/raw/episode_000084/depth.npy,data/grasp_success/raw/episode_000084/object_states.json,data/grasp_success/raw/episode_000084/candidates.json,
episode_000084,83,抓起中间的物体,"{""confidence"": 0.6, ""intent"": ""pick"", ""language"": ""zh"", ""normalized_target_label_en"": ""center"", ""normalized_target_label_zh"": ""中间的物体"", ""raw_instruction"": ""抓起中间的物体"", ""target_color"": null, ""target_position_hint"": ""center"", ""target_type"": null}",中间的物体,center,blue_cylinder,cylinder,blue,0.5117738844645191,0.027568440740466032,0.07,1,0.4817738844645191,0.027568440740466032,0.07,0.0,0.025,0.15,0.6249999999999997,0.8930478616975235,0.4259821233214719,1.0,1.0,1.0,0.751305997003799,False,,data/grasp_success/raw/episode_000084/rgb.png,data/grasp_success/raw/episode_000084/depth.npy,data/grasp_success/raw/episode_000084/object_states.json,data/grasp_success/raw/episode_000084/candidates.json,
episode_000084,83,抓起中间的物体,"{""confidence"": 0.6, ""intent"": ""pick"", ""language"": ""zh"", ""normalized_target_label_en"": ""center"", ""normalized_target_label_zh"": ""中间的物体"", ""raw_instruction"": ""抓起中间的物体"", ""target_color"": null, ""target_position_hint"": ""center"", ""target_type"": null}",中间的物体,center,blue_cylinder,cylinder,blue,0.5117738844645191,0.027568440740466032,0.07,7,0.5417738844645191,0.027568440740466032,0.07,0.0,0.025,0.15,0.6249999999999997,0.867593316242978,0.44999999999999996,1.0,1.0,1.0,0.7510186632485956,False,,data/grasp_success/raw/episode_000084/rgb.png,data/grasp_success/raw/episode_000084/depth.npy,data/grasp_success/raw/episode_000084/object_states.json,data/grasp_success/raw/episode_000084/candidates.json,
episode_000084,83,抓起中间的物体,"{""confidence"": 0.6, ""intent"": ""pick"", ""language"": ""zh"", ""normalized_target_label_en"": ""center"", ""normalized_target_label_zh"": ""中间的物体"", ""raw_instruction"": ""抓起中间的物体"", ""target_color"": null, ""target_position_hint"": ""center"", ""target_type"": null}",中间的物体,center,blue_cylinder,cylinder,blue,0.5117738844645191,0.027568440740466032,0.07,10,0.4817738844645191,0.027568440740466032,0.07,0.7853981633974483,0.025,0.15,0.6249999999999997,0.8930478616975235,0.37598212332147196,1.0,1.0,1.0,0.741305997003799,False,,data/grasp_success/raw/episode_000084/rgb.png,data/grasp_success/raw/episode_000084/depth.npy,data/grasp_success/raw/episode_000084/object_states.json,data/grasp_success/raw/episode_000084/candidates.json,
episode_000084,83,抓起中间的物体,"{""confidence"": 0.6, ""intent"": ""pick"", ""language"": ""zh"", ""normalized_target_label_en"": ""center"", ""normalized_target_label_zh"": ""中间的物体"", ""raw_instruction"": ""抓起中间的物体"", ""target_color"": null, ""target_position_hint"": ""center"", ""target_type"": null}",中间的物体,center,blue_cylinder,cylinder,blue,0.5117738844645191,0.027568440740466032,0.07,6,0.5417738844645191,-0.002431559259533967,0.07,0.0,0.025,0.15,0.4696699141100892,0.8759722767366219,0.44999999999999996,1.0,1.0,1.0,0.7060954295803512,False,,data/grasp_success/raw/episode_000084/rgb.png,data/grasp_success/raw/episode_000084/depth.npy,data/grasp_success/raw/episode_000084/object_states.json,data/grasp_success/raw/episode_000084/candidates.json,
episode_000084,83,抓起中间的物体,"{""confidence"": 0.6, ""intent"": ""pick"", ""language"": ""zh"", ""normalized_target_label_en"": ""center"", ""normalized_target_label_zh"": ""中间的物体"", ""raw_instruction"": ""抓起中间的物体"", ""target_color"": null, ""target_position_hint"": ""center"", ""target_type"": null}",中间的物体,center,blue_cylinder,cylinder,blue,0.5117738844645191,0.027568440740466032,0.07,8,0.5417738844645191,0.057568440740466034,0.07,0.0,0.025,0.15,0.46966991411008907,0.857593316242978,0.44999999999999996,1.0,1.0,1.0,0.7024196374816224,False,,data/grasp_success/raw/episode_000084/rgb.png,data/grasp_success/raw/episode_000084/depth.npy,data/grasp_success/raw/episode_000084/object_states.json,data/grasp_success/raw/episode_000084/candidates.json,
episode_000085,84,抓起绿色球,"{""confidence"": 0.8500000000000001, ""intent"": ""pick"", ""language"": ""zh"", ""normalized_target_label_en"": ""green sphere"", ""normalized_target_label_zh"": ""绿色球"", ""raw_instruction"": ""抓起绿色球"", ""target_color"": ""green"", ""target_position_hint"": null, ""target_type"": ""sphere""}",绿色球,green sphere,green_sphere,sphere,green,0.40986900279840766,0.10637036723391878,0.05,4,0.40986900279840766,0.10637036723391878,0.05,0.0,0.025,0.15,1.0,0.8358007676647858,0.9173479323134449,1.0,1.0,1.0,0.9506297399956462,True,True,data/grasp_success/raw/episode_000085/rgb.png,data/grasp_success/raw/episode_000085/depth.npy,data/grasp_success/raw/episode_000085/object_states.json,data/grasp_success/raw/episode_000085/candidates.json,
episode_000085,84,抓起绿色球,"{""confidence"": 0.8500000000000001, ""intent"": ""pick"", ""language"": ""zh"", ""normalized_target_label_en"": ""green sphere"", ""normalized_target_label_zh"": ""绿色球"", ""raw_instruction"": ""抓起绿色球"", ""target_color"": ""green"", ""target_position_hint"": null, ""target_type"": ""sphere""}",绿色球,green sphere,green_sphere,sphere,green,0.40986900279840766,0.10637036723391878,0.05,5,0.40986900279840766,0.13637036723391877,0.05,0.0,0.025,0.15,0.6250000000000002,0.8258007676647858,0.44999999999999996,1.0,1.0,1.0,0.7426601535329572,False,,data/grasp_success/raw/episode_000085/rgb.png,data/grasp_success/raw/episode_000085/depth.npy,data/grasp_success/raw/episode_000085/object_states.json,data/grasp_success/raw/episode_000085/candidates.json,
episode_000085,84,抓起绿色球,"{""confidence"": 0.8500000000000001, ""intent"": ""pick"", ""language"": ""zh"", ""normalized_target_label_en"": ""green sphere"", ""normalized_target_label_zh"": ""绿色球"", ""raw_instruction"": ""抓起绿色球"", ""target_color"": ""green"", ""target_position_hint"": null, ""target_type"": ""sphere""}",绿色球,green sphere,green_sphere,sphere,green,0.40986900279840766,0.10637036723391878,0.05,1,0.37986900279840763,0.10637036723391878,0.05,0.0,0.025,0.15,0.6249999999999997,0.8230734949375131,0.44999999999999996,1.0,1.0,1.0,0.7421146989875026,False,,data/grasp_success/raw/episode_000085/rgb.png,data/grasp_success/raw/episode_000085/depth.npy,data/grasp_success/raw/episode_000085/object_states.json,data/grasp_success/raw/episode_000085/candidates.json,
episode_000085,84,抓起绿色球,"{""confidence"": 0.8500000000000001, ""intent"": ""pick"", ""language"": ""zh"", ""normalized_target_label_en"": ""green sphere"", ""normalized_target_label_zh"": ""绿色球"", ""raw_instruction"": ""抓起绿色球"", ""target_color"": ""green"", ""target_position_hint"": null, ""target_type"": ""sphere""}",绿色球,green sphere,green_sphere,sphere,green,0.40986900279840766,0.10637036723391878,0.05,10,0.37986900279840763,0.10637036723391878,0.05,0.7853981633974483,0.025,0.15,0.6249999999999997,0.8230734949375131,0.4,1.0,1.0,1.0,0.7321146989875026,False,,data/grasp_success/raw/episode_000085/rgb.png,data/grasp_success/raw/episode_000085/depth.npy,data/grasp_success/raw/episode_000085/object_states.json,data/grasp_success/raw/episode_000085/candidates.json,
episode_000085,84,抓起绿色球,"{""confidence"": 0.8500000000000001, ""intent"": ""pick"", ""language"": ""zh"", ""normalized_target_label_en"": ""green sphere"", ""normalized_target_label_zh"": ""绿色球"", ""raw_instruction"": ""抓起绿色球"", ""target_color"": ""green"", ""target_position_hint"": null, ""target_type"": ""sphere""}",绿色球,green sphere,green_sphere,sphere,green,0.40986900279840766,0.10637036723391878,0.05,3,0.40986900279840766,0.07637036723391878,0.05,0.0,0.025,0.15,0.625,0.8458007676647858,0.33982330662440097,1.0,1.0,1.0,0.7246248148578375,False,,data/grasp_success/raw/episode_000085/rgb.png,data/grasp_success/raw/episode_000085/depth.npy,data/grasp_success/raw/episode_000085/object_states.json,data/grasp_success/raw/episode_000085/candidates.json,
episode_000085,84,抓起绿色球,"{""confidence"": 0.8500000000000001, ""intent"": ""pick"", ""language"": ""zh"", ""normalized_target_label_en"": ""green sphere"", ""normalized_target_label_zh"": ""绿色球"", ""raw_instruction"": ""抓起绿色球"", ""target_color"": ""green"", ""target_position_hint"": null, ""target_type"": ""sphere""}",绿色球,green sphere,green_sphere,sphere,green,0.40986900279840766,0.10637036723391878,0.05,7,0.4398690027984077,0.10637036723391878,0.05,0.0,0.025,0.15,0.6249999999999997,0.8485280403920586,0.3224771367538505,1.0,1.0,1.0,0.7217010354291817,False,,data/grasp_success/raw/episode_000085/rgb.png,data/grasp_success/raw/episode_000085/depth.npy,data/grasp_success/raw/episode_000085/object_states.json,data/grasp_success/raw/episode_000085/candidates.json,
episode_000085,84,抓起绿色球,"{""confidence"": 0.8500000000000001, ""intent"": ""pick"", ""language"": ""zh"", ""normalized_target_label_en"": ""green sphere"", ""normalized_target_label_zh"": ""绿色球"", ""raw_instruction"": ""抓起绿色球"", ""target_color"": ""green"", ""target_position_hint"": null, ""target_type"": ""sphere""}",绿色球,green sphere,green_sphere,sphere,green,0.40986900279840766,0.10637036723391878,0.05,0,0.37986900279840763,0.07637036723391878,0.05,0.0,0.025,0.15,0.4696699141100892,0.8330734949375131,0.44999999999999996,1.0,1.0,1.0,0.6975156732205294,False,,data/grasp_success/raw/episode_000085/rgb.png,data/grasp_success/raw/episode_000085/depth.npy,data/grasp_success/raw/episode_000085/object_states.json,data/grasp_success/raw/episode_000085/candidates.json,
episode_000085,84,抓起绿色球,"{""confidence"": 0.8500000000000001, ""intent"": ""pick"", ""language"": ""zh"", ""normalized_target_label_en"": ""green sphere"", ""normalized_target_label_zh"": ""绿色球"", ""raw_instruction"": ""抓起绿色球"", ""target_color"": ""green"", ""target_position_hint"": null, ""target_type"": ""sphere""}",绿色球,green sphere,green_sphere,sphere,green,0.40986900279840766,0.10637036723391878,0.05,8,0.4398690027984077,0.13637036723391877,0.05,0.0,0.025,0.15,0.4696699141100893,0.8385280403920586,0.43281445404752783,1.0,1.0,1.0,0.6951694731209441,False,,data/grasp_success/raw/episode_000085/rgb.png,data/grasp_success/raw/episode_000085/depth.npy,data/grasp_success/raw/episode_000085/object_states.json,data/grasp_success/raw/episode_000085/candidates.json,
episode_000086,85,抓起蓝色圆柱,"{""confidence"": 0.8500000000000001, ""intent"": ""pick"", ""language"": ""zh"", ""normalized_target_label_en"": ""blue cylinder"", ""normalized_target_label_zh"": ""蓝色圆柱"", ""raw_instruction"": ""抓起蓝色圆柱"", ""target_color"": ""blue"", ""target_position_hint"": null, ""target_type"": ""cylinder""}",蓝色圆柱,blue cylinder,blue_cylinder,cylinder,blue,0.512142206478249,0.038103557816972056,0.07,4,0.512142206478249,0.038103557816972056,0.07,0.0,0.025,0.15,1.0,0.8766526254540754,0.95,1.0,1.0,1.0,0.9653305250908151,True,True,data/grasp_success/raw/episode_000086/rgb.png,data/grasp_success/raw/episode_000086/depth.npy,data/grasp_success/raw/episode_000086/object_states.json,data/grasp_success/raw/episode_000086/candidates.json,
episode_000086,85,抓起蓝色圆柱,"{""confidence"": 0.8500000000000001, ""intent"": ""pick"", ""language"": ""zh"", ""normalized_target_label_en"": ""blue cylinder"", ""normalized_target_label_zh"": ""蓝色圆柱"", ""raw_instruction"": ""抓起蓝色圆柱"", ""target_color"": ""blue"", ""target_position_hint"": null, ""target_type"": ""cylinder""}",蓝色圆柱,blue cylinder,blue_cylinder,cylinder,blue,0.512142206478249,0.038103557816972056,0.07,3,0.512142206478249,0.008103557816972057,0.07,0.0,0.025,0.15,0.625,0.8866526254540754,0.44999999999999996,1.0,1.0,1.0,0.7548305250908152,False,,data/grasp_success/raw/episode_000086/rgb.png,data/grasp_success/raw/episode_000086/depth.npy,data/grasp_success/raw/episode_000086/object_states.json,data/grasp_success/raw/episode_000086/candidates.json,
episode_000086,85,抓起蓝色圆柱,"{""confidence"": 0.8500000000000001, ""intent"": ""pick"", ""language"": ""zh"", ""normalized_target_label_en"": ""blue cylinder"", ""normalized_target_label_zh"": ""蓝色圆柱"", ""raw_instruction"": ""抓起蓝色圆柱"", ""target_color"": ""blue"", ""target_position_hint"": null, ""target_type"": ""cylinder""}",蓝色圆柱,blue cylinder,blue_cylinder,cylinder,blue,0.512142206478249,0.038103557816972056,0.07,7,0.5421422064782491,0.038103557816972056,0.07,0.0,0.025,0.15,0.6249999999999997,0.8639253527268026,0.44999999999999996,1.0,1.0,1.0,0.7502850705453604,False,,data/grasp_success/raw/episode_000086/rgb.png,data/grasp_success/raw/episode_000086/depth.npy,data/grasp_success/raw/episode_000086/object_states.json,data/grasp_success/raw/episode_000086/candidates.json,
episode_000086,85,抓起蓝色圆柱,"{""confidence"": 0.8500000000000001, ""intent"": ""pick"", ""language"": ""zh"", ""normalized_target_label_en"": ""blue cylinder"", ""normalized_target_label_zh"": ""蓝色圆柱"", ""raw_instruction"": ""抓起蓝色圆柱"", ""target_color"": ""blue"", ""target_position_hint"": null, ""target_type"": ""cylinder""}",蓝色圆柱,blue cylinder,blue_cylinder,cylinder,blue,0.512142206478249,0.038103557816972056,0.07,5,0.512142206478249,0.06810355781697205,0.07,0.0,0.025,0.15,0.625,0.8666526254540754,0.4285964725081266,1.0,1.0,1.0,0.7465498195924405,False,,data/grasp_success/raw/episode_000086/rgb.png,data/grasp_success/raw/episode_000086/depth.npy,data/grasp_success/raw/episode_000086/object_states.json,data/grasp_success/raw/episode_000086/candidates.json,
episode_000086,85,抓起蓝色圆柱,"{""confidence"": 0.8500000000000001, ""intent"": ""pick"", ""language"": ""zh"", ""normalized_target_label_en"": ""blue cylinder"", ""normalized_target_label_zh"": ""蓝色圆柱"", ""raw_instruction"": ""抓起蓝色圆柱"", ""target_color"": ""blue"", ""target_position_hint"": null, ""target_type"": ""cylinder""}",蓝色圆柱,blue cylinder,blue_cylinder,cylinder,blue,0.512142206478249,0.038103557816972056,0.07,1,0.482142206478249,0.038103557816972056,0.07,0.0,0.025,0.15,0.6249999999999997,0.8893798981813481,0.37521320884383513,1.0,1.0,1.0,0.7404186214050366,False,,data/grasp_success/raw/episode_000086/rgb.png,data/grasp_success/raw/episode_000086/depth.npy,data/grasp_success/raw/episode_000086/object_states.json,data/grasp_success/raw/episode_000086/candidates.json,
episode_000086,85,抓起蓝色圆柱,"{""confidence"": 0.8500000000000001, ""intent"": ""pick"", ""language"": ""zh"", ""normalized_target_label_en"": ""blue cylinder"", ""normalized_target_label_zh"": ""蓝色圆柱"", ""raw_instruction"": ""抓起蓝色圆柱"", ""target_color"": ""blue"", ""target_position_hint"": null, ""target_type"": ""cylinder""}",蓝色圆柱,blue cylinder,blue_cylinder,cylinder,blue,0.512142206478249,0.038103557816972056,0.07,10,0.482142206478249,0.038103557816972056,0.07,0.7853981633974483,0.025,0.15,0.6249999999999997,0.8893798981813481,0.3252132088438352,1.0,1.0,1.0,0.7304186214050367,False,,data/grasp_success/raw/episode_000086/rgb.png,data/grasp_success/raw/episode_000086/depth.npy,data/grasp_success/raw/episode_000086/object_states.json,data/grasp_success/raw/episode_000086/candidates.json,
episode_000086,85,抓起蓝色圆柱,"{""confidence"": 0.8500000000000001, ""intent"": ""pick"", ""language"": ""zh"", ""normalized_target_label_en"": ""blue cylinder"", ""normalized_target_label_zh"": ""蓝色圆柱"", ""raw_instruction"": ""抓起蓝色圆柱"", ""target_color"": ""blue"", ""target_position_hint"": null, ""target_type"": ""cylinder""}",蓝色圆柱,blue cylinder,blue_cylinder,cylinder,blue,0.512142206478249,0.038103557816972056,0.07,0,0.482142206478249,0.008103557816972057,0.07,0.0,0.025,0.15,0.4696699141100892,0.8993798981813481,0.44999999999999996,1.0,1.0,1.0,0.7107769538692964,False,,data/grasp_success/raw/episode_000086/rgb.png,data/grasp_success/raw/episode_000086/depth.npy,data/grasp_success/raw/episode_000086/object_states.json,data/grasp_success/raw/episode_000086/candidates.json,
episode_000086,85,抓起蓝色圆柱,"{""confidence"": 0.8500000000000001, ""intent"": ""pick"", ""language"": ""zh"", ""normalized_target_label_en"": ""blue cylinder"", ""normalized_target_label_zh"": ""蓝色圆柱"", ""raw_instruction"": ""抓起蓝色圆柱"", ""target_color"": ""blue"", ""target_position_hint"": null, ""target_type"": ""cylinder""}",蓝色圆柱,blue cylinder,blue_cylinder,cylinder,blue,0.512142206478249,0.038103557816972056,0.07,6,0.5421422064782491,0.008103557816972057,0.07,0.0,0.025,0.15,0.4696699141100892,0.8739253527268026,0.44999999999999996,1.0,1.0,1.0,0.7056860447783873,False,,data/grasp_success/raw/episode_000086/rgb.png,data/grasp_success/raw/episode_000086/depth.npy,data/grasp_success/raw/episode_000086/object_states.json,data/grasp_success/raw/episode_000086/candidates.json,
episode_000087,86,抓起红色方块,"{""confidence"": 0.8500000000000001, ""intent"": ""pick"", ""language"": ""zh"", ""normalized_target_label_en"": ""red cube"", ""normalized_target_label_zh"": ""红色方块"", ""raw_instruction"": ""抓起红色方块"", ""target_color"": ""red"", ""target_position_hint"": null, ""target_type"": ""cube""}",红色方块,red cube,red_cube,cube,red,0.4558305187192293,-0.12937932527717944,0.045,4,0.4558305187192293,-0.12937932527717944,0.045,0.0,0.035,0.15,1.0,0.8460743843642495,0.95,1.0,1.0,1.0,0.9592148768728499,True,False,data/grasp_success/raw/episode_000087/rgb.png,data/grasp_success/raw/episode_000087/depth.npy,data/grasp_success/raw/episode_000087/object_states.json,data/grasp_success/raw/episode_000087/candidates.json,
episode_000087,86,抓起红色方块,"{""confidence"": 0.8500000000000001, ""intent"": ""pick"", ""language"": ""zh"", ""normalized_target_label_en"": ""red cube"", ""normalized_target_label_zh"": ""红色方块"", ""raw_instruction"": ""抓起红色方块"", ""target_color"": ""red"", ""target_position_hint"": null, ""target_type"": ""cube""}",红色方块,red cube,red_cube,cube,red,0.4558305187192293,-0.12937932527717944,0.045,5,0.4558305187192293,-0.09937932527717944,0.045,0.0,0.035,0.15,0.625,0.8560743843642495,0.44999999999999996,1.0,1.0,1.0,0.74871487687285,False,,data/grasp_success/raw/episode_000087/rgb.png,data/grasp_success/raw/episode_000087/depth.npy,data/grasp_success/raw/episode_000087/object_states.json,data/grasp_success/raw/episode_000087/candidates.json,
episode_000087,86,抓起红色方块,"{""confidence"": 0.8500000000000001, ""intent"": ""pick"", ""language"": ""zh"", ""normalized_target_label_en"": ""red cube"", ""normalized_target_label_zh"": ""红色方块"", ""raw_instruction"": ""抓起红色方块"", ""target_color"": ""red"", ""target_position_hint"": null, ""target_type"": ""cube""}",红色方块,red cube,red_cube,cube,red,0.4558305187192293,-0.12937932527717944,0.045,7,0.48583051871922933,-0.12937932527717944,0.045,0.0,0.035,0.15,0.6249999999999997,0.8496121260570247,0.44999999999999996,1.0,1.0,1.0,0.7474224252114049,False,,data/grasp_success/raw/episode_000087/rgb.png,data/grasp_success/raw/episode_000087/depth.npy,data/grasp_success/raw/episode_000087/object_states.json,data/grasp_success/raw/episode_000087/candidates.json,
episode_000087,86,抓起红色方块,"{""confidence"": 0.8500000000000001, ""intent"": ""pick"", ""language"": ""zh"", ""normalized_target_label_en"": ""red cube"", ""normalized_target_label_zh"": ""红色方块"", ""raw_instruction"": ""抓起红色方块"", ""target_color"": ""red"", ""target_position_hint"": null, ""target_type"": ""cube""}",红色方块,red cube,red_cube,cube,red,0.4558305187192293,-0.12937932527717944,0.045,3,0.4558305187192293,-0.15937932527717943,0.045,0.0,0.035,0.15,0.625,0.8360743843642496,0.44999999999999996,1.0,1.0,1.0,0.74471487687285,False,,data/grasp_success/raw/episode_000087/rgb.png,data/grasp_success/raw/episode_000087/depth.npy,data/grasp_success/raw/episode_000087/object_states.json,data/grasp_success/raw/episode_000087/candidates.json,
episode_000087,86,抓起红色方块,"{""confidence"": 0.8500000000000001, ""intent"": ""pick"", ""language"": ""zh"", ""normalized_target_label_en"": ""red cube"", ""normalized_target_label_zh"": ""红色方块"", ""raw_instruction"": ""抓起红色方块"", ""target_color"": ""red"", ""target_position_hint"": null, ""target_type"": ""cube""}",红色方块,red cube,red_cube,cube,red,0.4558305187192293,-0.12937932527717944,0.045,1,0.4258305187192293,-0.12937932527717944,0.045,0.0,0.035,0.15,0.6249999999999997,0.8333471116369768,0.44999999999999996,1.0,1.0,1.0,0.7441694223273952,False,,data/grasp_success/raw/episode_000087/rgb.png,data/grasp_success/raw/episode_000087/depth.npy,data/grasp_success/raw/episode_000087/object_states.json,data/grasp_success/raw/episode_000087/candidates.json,
episode_000087,86,抓起红色方块,"{""confidence"": 0.8500000000000001, ""intent"": ""pick"", ""language"": ""zh"", ""normalized_target_label_en"": ""red cube"", ""normalized_target_label_zh"": ""红色方块"", ""raw_instruction"": ""抓起红色方块"", ""target_color"": ""red"", ""target_position_hint"": null, ""target_type"": ""cube""}",红色方块,red cube,red_cube,cube,red,0.4558305187192293,-0.12937932527717944,0.045,2,0.4258305187192293,-0.09937932527717944,0.045,0.0,0.035,0.15,0.4696699141100892,0.8433471116369768,0.44999999999999996,1.0,1.0,1.0,0.6995703965604222,False,,data/grasp_success/raw/episode_000087/rgb.png,data/grasp_success/raw/episode_000087/depth.npy,data/grasp_success/raw/episode_000087/object_states.json,data/grasp_success/raw/episode_000087/candidates.json,
episode_000087,86,抓起红色方块,"{""confidence"": 0.8500000000000001, ""intent"": ""pick"", ""language"": ""zh"", ""normalized_target_label_en"": ""red cube"", ""normalized_target_label_zh"": ""红色方块"", ""raw_instruction"": ""抓起红色方块"", ""target_color"": ""red"", ""target_position_hint"": null, ""target_type"": ""cube""}",红色方块,red cube,red_cube,cube,red,0.4558305187192293,-0.12937932527717944,0.045,6,0.48583051871922933,-0.15937932527717943,0.045,0.0,0.035,0.15,0.4696699141100892,0.8396121260570247,0.44999999999999996,1.0,1.0,1.0,0.6988233994444317,False,,data/grasp_success/raw/episode_000087/rgb.png,data/grasp_success/raw/episode_000087/depth.npy,data/grasp_success/raw/episode_000087/object_states.json,data/grasp_success/raw/episode_000087/candidates.json,
episode_000087,86,抓起红色方块,"{""confidence"": 0.8500000000000001, ""intent"": ""pick"", ""language"": ""zh"", ""normalized_target_label_en"": ""red cube"", ""normalized_target_label_zh"": ""红色方块"", ""raw_instruction"": ""抓起红色方块"", ""target_color"": ""red"", ""target_position_hint"": null, ""target_type"": ""cube""}",红色方块,red cube,red_cube,cube,red,0.4558305187192293,-0.12937932527717944,0.045,8,0.48583051871922933,-0.09937932527717944,0.045,0.0,0.035,0.15,0.4696699141100892,0.8596121260570246,0.4149973705962219,1.0,1.0,1.0,0.6958228735636761,False,,data/grasp_success/raw/episode_000087/rgb.png,data/grasp_success/raw/episode_000087/depth.npy,data/grasp_success/raw/episode_000087/object_states.json,data/grasp_success/raw/episode_000087/candidates.json,
episode_000088,87,抓起蓝色圆柱,"{""confidence"": 0.8500000000000001, ""intent"": ""pick"", ""language"": ""zh"", ""normalized_target_label_en"": ""blue cylinder"", ""normalized_target_label_zh"": ""蓝色圆柱"", ""raw_instruction"": ""抓起蓝色圆柱"", ""target_color"": ""blue"", ""target_position_hint"": null, ""target_type"": ""cylinder""}",蓝色圆柱,blue cylinder,blue_cylinder,cylinder,blue,0.526782149346654,0.03081093536349948,0.07,4,0.526782149346654,0.03081093536349948,0.07,0.0,0.025,0.15,1.0,0.8728726147519702,0.95,1.0,1.0,1.0,0.9645745229503941,True,True,data/grasp_success/raw/episode_000088/rgb.png,data/grasp_success/raw/episode_000088/depth.npy,data/grasp_success/raw/episode_000088/object_states.json,data/grasp_success/raw/episode_000088/candidates.json,
episode_000088,87,抓起蓝色圆柱,"{""confidence"": 0.8500000000000001, ""intent"": ""pick"", ""language"": ""zh"", ""normalized_target_label_en"": ""blue cylinder"", ""normalized_target_label_zh"": ""蓝色圆柱"", ""raw_instruction"": ""抓起蓝色圆柱"", ""target_color"": ""blue"", ""target_position_hint"": null, ""target_type"": ""cylinder""}",蓝色圆柱,blue cylinder,blue_cylinder,cylinder,blue,0.526782149346654,0.03081093536349948,0.07,3,0.526782149346654,0.0008109353634994827,0.07,0.0,0.025,0.15,0.625,0.8828726147519702,0.44999999999999996,1.0,1.0,1.0,0.7540745229503941,False,,data/grasp_success/raw/episode_000088/rgb.png,data/grasp_success/raw/episode_000088/depth.npy,data/grasp_success/raw/episode_000088/object_states.json,data/grasp_success/raw/episode_000088/candidates.json,
episode_000088,87,抓起蓝色圆柱,"{""confidence"": 0.8500000000000001, ""intent"": ""pick"", ""language"": ""zh"", ""normalized_target_label_en"": ""blue cylinder"", ""normalized_target_label_zh"": ""蓝色圆柱"", ""raw_instruction"": ""抓起蓝色圆柱"", ""target_color"": ""blue"", ""target_position_hint"": null, ""target_type"": ""cylinder""}",蓝色圆柱,blue cylinder,blue_cylinder,cylinder,blue,0.526782149346654,0.03081093536349948,0.07,1,0.496782149346654,0.03081093536349948,0.07,0.0,0.025,0.15,0.6249999999999997,0.8855998874792429,0.434117571280794,1.0,1.0,1.0,0.7514434917520073,False,,data/grasp_success/raw/episode_000088/rgb.png,data/grasp_success/raw/episode_000088/depth.npy,data/grasp_success/raw/episode_000088/object_states.json,data/grasp_success/raw/episode_000088/candidates.json,
episode_000088,87,抓起蓝色圆柱,"{""confidence"": 0.8500000000000001, ""intent"": ""pick"", ""language"": ""zh"", ""normalized_target_label_en"": ""blue cylinder"", ""normalized_target_label_zh"": ""蓝色圆柱"", ""raw_instruction"": ""抓起蓝色圆柱"", ""target_color"": ""blue"", ""target_position_hint"": null, ""target_type"": ""cylinder""}",蓝色圆柱,blue cylinder,blue_cylinder,cylinder,blue,0.526782149346654,0.03081093536349948,0.07,5,0.526782149346654,0.06081093536349948,0.07,0.0,0.025,0.15,0.625,0.8628726147519702,0.44999999999999996,1.0,1.0,1.0,0.7500745229503941,False,,data/grasp_success/raw/episode_000088/rgb.png,data/grasp_success/raw/episode_000088/depth.npy,data/grasp_success/raw/episode_000088/object_states.json,data/grasp_success/raw/episode_000088/candidates.json,
episode_000088,87,抓起蓝色圆柱,"{""confidence"": 0.8500000000000001, ""intent"": ""pick"", ""language"": ""zh"", ""normalized_target_label_en"": ""blue cylinder"", ""normalized_target_label_zh"": ""蓝色圆柱"", ""raw_instruction"": ""抓起蓝色圆柱"", ""target_color"": ""blue"", ""target_position_hint"": null, ""target_type"": ""cylinder""}",蓝色圆柱,blue cylinder,blue_cylinder,cylinder,blue,0.526782149346654,0.03081093536349948,0.07,7,0.556782149346654,0.03081093536349948,0.07,0.0,0.025,0.15,0.6249999999999997,0.8601453420246974,0.44999999999999996,1.0,1.0,1.0,0.7495290684049394,False,,data/grasp_success/raw/episode_000088/rgb.png,data/grasp_success/raw/episode_000088/depth.npy,data/grasp_success/raw/episode_000088/object_states.json,data/grasp_success/raw/episode_000088/candidates.json,
episode_000088,87,抓起蓝色圆柱,"{""confidence"": 0.8500000000000001, ""intent"": ""pick"", ""language"": ""zh"", ""normalized_target_label_en"": ""blue cylinder"", ""normalized_target_label_zh"": ""蓝色圆柱"", ""raw_instruction"": ""抓起蓝色圆柱"", ""target_color"": ""blue"", ""target_position_hint"": null, ""target_type"": ""cylinder""}",蓝色圆柱,blue cylinder,blue_cylinder,cylinder,blue,0.526782149346654,0.03081093536349948,0.07,10,0.496782149346654,0.03081093536349948,0.07,0.7853981633974483,0.025,0.15,0.6249999999999997,0.8855998874792429,0.38411757128079405,1.0,1.0,1.0,0.7414434917520073,False,,data/grasp_success/raw/episode_000088/rgb.png,data/grasp_success/raw/episode_000088/depth.npy,data/grasp_success/raw/episode_000088/object_states.json,data/grasp_success/raw/episode_000088/candidates.json,
episode_000088,87,抓起蓝色圆柱,"{""confidence"": 0.8500000000000001, ""intent"": ""pick"", ""language"": ""zh"", ""normalized_target_label_en"": ""blue cylinder"", ""normalized_target_label_zh"": ""蓝色圆柱"", ""raw_instruction"": ""抓起蓝色圆柱"", ""target_color"": ""blue"", ""target_position_hint"": null, ""target_type"": ""cylinder""}",蓝色圆柱,blue cylinder,blue_cylinder,cylinder,blue,0.526782149346654,0.03081093536349948,0.07,0,0.496782149346654,0.0008109353634994827,0.07,0.0,0.025,0.15,0.4696699141100892,0.8955998874792429,0.44999999999999996,1.0,1.0,1.0,0.7100209517288754,False,,data/grasp_success/raw/episode_000088/rgb.png,data/grasp_success/raw/episode_000088/depth.npy,data/grasp_success/raw/episode_000088/object_states.json,data/grasp_success/raw/episode_000088/candidates.json,
episode_000088,87,抓起蓝色圆柱,"{""confidence"": 0.8500000000000001, ""intent"": ""pick"", ""language"": ""zh"", ""normalized_target_label_en"": ""blue cylinder"", ""normalized_target_label_zh"": ""蓝色圆柱"", ""raw_instruction"": ""抓起蓝色圆柱"", ""target_color"": ""blue"", ""target_position_hint"": null, ""target_type"": ""cylinder""}",蓝色圆柱,blue cylinder,blue_cylinder,cylinder,blue,0.526782149346654,0.03081093536349948,0.07,6,0.556782149346654,0.0008109353634994827,0.07,0.0,0.025,0.15,0.4696699141100892,0.8701453420246974,0.44999999999999996,1.0,1.0,1.0,0.7049300426379662,False,,data/grasp_success/raw/episode_000088/rgb.png,data/grasp_success/raw/episode_000088/depth.npy,data/grasp_success/raw/episode_000088/object_states.json,data/grasp_success/raw/episode_000088/candidates.json,
episode_000089,88,抓起中间的物体,"{""confidence"": 0.6, ""intent"": ""pick"", ""language"": ""zh"", ""normalized_target_label_en"": ""center"", ""normalized_target_label_zh"": ""中间的物体"", ""raw_instruction"": ""抓起中间的物体"", ""target_color"": null, ""target_position_hint"": ""center"", ""target_type"": null}",中间的物体,center,blue_cylinder,cylinder,blue,0.5280487863995107,0.03251074731564699,0.07,4,0.5280487863995107,0.03251074731564699,0.07,0.0,0.025,0.15,1.0,0.8717686495939818,0.95,1.0,1.0,1.0,0.9643537299187964,True,True,data/grasp_success/raw/episode_000089/rgb.png,data/grasp_success/raw/episode_000089/depth.npy,data/grasp_success/raw/episode_000089/object_states.json,data/grasp_success/raw/episode_000089/candidates.json,
episode_000089,88,抓起中间的物体,"{""confidence"": 0.6, ""intent"": ""pick"", ""language"": ""zh"", ""normalized_target_label_en"": ""center"", ""normalized_target_label_zh"": ""中间的物体"", ""raw_instruction"": ""抓起中间的物体"", ""target_color"": null, ""target_position_hint"": ""center"", ""target_type"": null}",中间的物体,center,blue_cylinder,cylinder,blue,0.5280487863995107,0.03251074731564699,0.07,3,0.5280487863995107,0.0025107473156469884,0.07,0.0,0.025,0.15,0.625,0.8817686495939818,0.44999999999999996,1.0,1.0,1.0,0.7538537299187964,False,,data/grasp_success/raw/episode_000089/rgb.png,data/grasp_success/raw/episode_000089/depth.npy,data/grasp_success/raw/episode_000089/object_states.json,data/grasp_success/raw/episode_000089/candidates.json,
episode_000089,88,抓起中间的物体,"{""confidence"": 0.6, ""intent"": ""pick"", ""language"": ""zh"", ""normalized_target_label_en"": ""center"", ""normalized_target_label_zh"": ""中间的物体"", ""raw_instruction"": ""抓起中间的物体"", ""target_color"": null, ""target_position_hint"": ""center"", ""target_type"": null}",中间的物体,center,blue_cylinder,cylinder,blue,0.5280487863995107,0.03251074731564699,0.07,1,0.49804878639951067,0.03251074731564699,0.07,0.0,0.025,0.15,0.6249999999999997,0.8844959223212545,0.43667848938386455,1.0,1.0,1.0,0.7517348823410237,False,,data/grasp_success/raw/episode_000089/rgb.png,data/grasp_success/raw/episode_000089/depth.npy,data/grasp_success/raw/episode_000089/object_states.json,data/grasp_success/raw/episode_000089/candidates.json,
episode_000089,88,抓起中间的物体,"{""confidence"": 0.6, ""intent"": ""pick"", ""language"": ""zh"", ""normalized_target_label_en"": ""center"", ""normalized_target_label_zh"": ""中间的物体"", ""raw_instruction"": ""抓起中间的物体"", ""target_color"": null, ""target_position_hint"": ""center"", ""target_type"": null}",中间的物体,center,blue_cylinder,cylinder,blue,0.5280487863995107,0.03251074731564699,0.07,5,0.5280487863995107,0.06251074731564699,0.07,0.0,0.025,0.15,0.625,0.8617686495939818,0.44999999999999996,1.0,1.0,1.0,0.7498537299187964,False,,data/grasp_success/raw/episode_000089/rgb.png,data/grasp_success/raw/episode_000089/depth.npy,data/grasp_success/raw/episode_000089/object_states.json,data/grasp_success/raw/episode_000089/candidates.json,
episode_000089,88,抓起中间的物体,"{""confidence"": 0.6, ""intent"": ""pick"", ""language"": ""zh"", ""normalized_target_label_en"": ""center"", ""normalized_target_label_zh"": ""中间的物体"", ""raw_instruction"": ""抓起中间的物体"", ""target_color"": null, ""target_position_hint"": ""center"", ""target_type"": null}",中间的物体,center,blue_cylinder,cylinder,blue,0.5280487863995107,0.03251074731564699,0.07,7,0.5580487863995107,0.03251074731564699,0.07,0.0,0.025,0.15,0.6249999999999997,0.8590413768667091,0.44999999999999996,1.0,1.0,1.0,0.7493082753733418,False,,data/grasp_success/raw/episode_000089/rgb.png,data/grasp_success/raw/episode_000089/depth.npy,data/grasp_success/raw/episode_000089/object_states.json,data/grasp_success/raw/episode_000089/candidates.json,
episode_000089,88,抓起中间的物体,"{""confidence"": 0.6, ""intent"": ""pick"", ""language"": ""zh"", ""normalized_target_label_en"": ""center"", ""normalized_target_label_zh"": ""中间的物体"", ""raw_instruction"": ""抓起中间的物体"", ""target_color"": null, ""target_position_hint"": ""center"", ""target_type"": null}",中间的物体,center,blue_cylinder,cylinder,blue,0.5280487863995107,0.03251074731564699,0.07,10,0.49804878639951067,0.03251074731564699,0.07,0.7853981633974483,0.025,0.15,0.6249999999999997,0.8844959223212545,0.3866784893838646,1.0,1.0,1.0,0.7417348823410237,False,,data/grasp_success/raw/episode_000089/rgb.png,data/grasp_success/raw/episode_000089/depth.npy,data/grasp_success/raw/episode_000089/object_states.json,data/grasp_success/raw/episode_000089/candidates.json,
episode_000089,88,抓起中间的物体,"{""confidence"": 0.6, ""intent"": ""pick"", ""language"": ""zh"", ""normalized_target_label_en"": ""center"", ""normalized_target_label_zh"": ""中间的物体"", ""raw_instruction"": ""抓起中间的物体"", ""target_color"": null, ""target_position_hint"": ""center"", ""target_type"": null}",中间的物体,center,blue_cylinder,cylinder,blue,0.5280487863995107,0.03251074731564699,0.07,0,0.49804878639951067,0.0025107473156469884,0.07,0.0,0.025,0.15,0.4696699141100892,0.8944959223212545,0.44999999999999996,1.0,1.0,1.0,0.7098001586972776,False,,data/grasp_success/raw/episode_000089/rgb.png,data/grasp_success/raw/episode_000089/depth.npy,data/grasp_success/raw/episode_000089/object_states.json,data/grasp_success/raw/episode_000089/candidates.json,
episode_000089,88,抓起中间的物体,"{""confidence"": 0.6, ""intent"": ""pick"", ""language"": ""zh"", ""normalized_target_label_en"": ""center"", ""normalized_target_label_zh"": ""中间的物体"", ""raw_instruction"": ""抓起中间的物体"", ""target_color"": null, ""target_position_hint"": ""center"", ""target_type"": null}",中间的物体,center,blue_cylinder,cylinder,blue,0.5280487863995107,0.03251074731564699,0.07,6,0.5580487863995107,0.0025107473156469884,0.07,0.0,0.025,0.15,0.4696699141100892,0.8690413768667091,0.44999999999999996,1.0,1.0,1.0,0.7047092496063686,False,,data/grasp_success/raw/episode_000089/rgb.png,data/grasp_success/raw/episode_000089/depth.npy,data/grasp_success/raw/episode_000089/object_states.json,data/grasp_success/raw/episode_000089/candidates.json,
episode_000090,89,抓起红色方块,"{""confidence"": 0.8500000000000001, ""intent"": ""pick"", ""language"": ""zh"", ""normalized_target_label_en"": ""red cube"", ""normalized_target_label_zh"": ""红色方块"", ""raw_instruction"": ""抓起红色方块"", ""target_color"": ""red"", ""target_position_hint"": null, ""target_type"": ""cube""}",红色方块,red cube,red_cube,cube,red,0.4416218132924777,-0.1178639442170814,0.045,4,0.4416218132924777,-0.1178639442170814,0.045,0.0,0.035,0.15,1.0,0.843884909082024,0.95,1.0,1.0,1.0,0.9587769818164049,True,False,data/grasp_success/raw/episode_000090/rgb.png,data/grasp_success/raw/episode_000090/depth.npy,data/grasp_success/raw/episode_000090/object_states.json,data/grasp_success/raw/episode_000090/candidates.json,
episode_000090,89,抓起红色方块,"{""confidence"": 0.8500000000000001, ""intent"": ""pick"", ""language"": ""zh"", ""normalized_target_label_en"": ""red cube"", ""normalized_target_label_zh"": ""红色方块"", ""raw_instruction"": ""抓起红色方块"", ""target_color"": ""red"", ""target_position_hint"": null, ""target_type"": ""cube""}",红色方块,red cube,red_cube,cube,red,0.4416218132924777,-0.1178639442170814,0.045,7,0.47162181329247765,-0.1178639442170814,0.045,0.0,0.035,0.15,0.6250000000000004,0.8566121818092967,0.44999999999999996,1.0,1.0,1.0,0.7488224363618595,False,,data/grasp_success/raw/episode_000090/rgb.png,data/grasp_success/raw/episode_000090/depth.npy,data/grasp_success/raw/episode_000090/object_states.json,data/grasp_success/raw/episode_000090/candidates.json,
episode_000090,89,抓起红色方块,"{""confidence"": 0.8500000000000001, ""intent"": ""pick"", ""language"": ""zh"", ""normalized_target_label_en"": ""red cube"", ""normalized_target_label_zh"": ""红色方块"", ""raw_instruction"": ""抓起红色方块"", ""target_color"": ""red"", ""target_position_hint"": null, ""target_type"": ""cube""}",红色方块,red cube,red_cube,cube,red,0.4416218132924777,-0.1178639442170814,0.045,5,0.4416218132924777,-0.08786394421708141,0.045,0.0,0.035,0.15,0.625,0.853884909082024,0.44999999999999996,1.0,1.0,1.0,0.7482769818164048,False,,data/grasp_success/raw/episode_000090/rgb.png,data/grasp_success/raw/episode_000090/depth.npy,data/grasp_success/raw/episode_000090/object_states.json,data/grasp_success/raw/episode_000090/candidates.json,
episode_000090,89,抓起红色方块,"{""confidence"": 0.8500000000000001, ""intent"": ""pick"", ""language"": ""zh"", ""normalized_target_label_en"": ""red cube"", ""normalized_target_label_zh"": ""红色方块"", ""raw_instruction"": ""抓起红色方块"", ""target_color"": ""red"", ""target_position_hint"": null, ""target_type"": ""cube""}",红色方块,red cube,red_cube,cube,red,0.4416218132924777,-0.1178639442170814,0.045,3,0.4416218132924777,-0.1478639442170814,0.045,0.0,0.035,0.15,0.625,0.8338849090820241,0.44999999999999996,1.0,1.0,1.0,0.7442769818164049,False,,data/grasp_success/raw/episode_000090/rgb.png,data/grasp_success/raw/episode_000090/depth.npy,data/grasp_success/raw/episode_000090/object_states.json,data/grasp_success/raw/episode_000090/candidates.json,
episode_000090,89,抓起红色方块,"{""confidence"": 0.8500000000000001, ""intent"": ""pick"", ""language"": ""zh"", ""normalized_target_label_en"": ""red cube"", ""normalized_target_label_zh"": ""红色方块"", ""raw_instruction"": ""抓起红色方块"", ""target_color"": ""red"", ""target_position_hint"": null, ""target_type"": ""cube""}",红色方块,red cube,red_cube,cube,red,0.4416218132924777,-0.1178639442170814,0.045,1,0.4116218132924777,-0.1178639442170814,0.045,0.0,0.035,0.15,0.6250000000000004,0.8311576363547513,0.44999999999999996,1.0,1.0,1.0,0.7437315272709504,False,,data/grasp_success/raw/episode_000090/rgb.png,data/grasp_success/raw/episode_000090/depth.npy,data/grasp_success/raw/episode_000090/object_states.json,data/grasp_success/raw/episode_000090/candidates.json,
episode_000090,89,抓起红色方块,"{""confidence"": 0.8500000000000001, ""intent"": ""pick"", ""language"": ""zh"", ""normalized_target_label_en"": ""red cube"", ""normalized_target_label_zh"": ""红色方块"", ""raw_instruction"": ""抓起红色方块"", ""target_color"": ""red"", ""target_position_hint"": null, ""target_type"": ""cube""}",红色方块,red cube,red_cube,cube,red,0.4416218132924777,-0.1178639442170814,0.045,6,0.47162181329247765,-0.1478639442170814,0.045,0.0,0.035,0.15,0.4696699141100896,0.8466121818092968,0.44999999999999996,1.0,1.0,1.0,0.7002234105948862,False,,data/grasp_success/raw/episode_000090/rgb.png,data/grasp_success/raw/episode_000090/depth.npy,data/grasp_success/raw/episode_000090/object_states.json,data/grasp_success/raw/episode_000090/candidates.json,
episode_000090,89,抓起红色方块,"{""confidence"": 0.8500000000000001, ""intent"": ""pick"", ""language"": ""zh"", ""normalized_target_label_en"": ""red cube"", ""normalized_target_label_zh"": ""红色方块"", ""raw_instruction"": ""抓起红色方块"", ""target_color"": ""red"", ""target_position_hint"": null, ""target_type"": ""cube""}",红色方块,red cube,red_cube,cube,red,0.4416218132924777,-0.1178639442170814,0.045,2,0.4116218132924777,-0.08786394421708141,0.045,0.0,0.035,0.15,0.4696699141100896,0.8411576363547513,0.44999999999999996,1.0,1.0,1.0,0.6991325015039772,False,,data/grasp_success/raw/episode_000090/rgb.png,data/grasp_success/raw/episode_000090/depth.npy,data/grasp_success/raw/episode_000090/object_states.json,data/grasp_success/raw/episode_000090/candidates.json,
episode_000090,89,抓起红色方块,"{""confidence"": 0.8500000000000001, ""intent"": ""pick"", ""language"": ""zh"", ""normalized_target_label_en"": ""red cube"", ""normalized_target_label_zh"": ""红色方块"", ""raw_instruction"": ""抓起红色方块"", ""target_color"": ""red"", ""target_position_hint"": null, ""target_type"": ""cube""}",红色方块,red cube,red_cube,cube,red,0.4416218132924777,-0.1178639442170814,0.045,0,0.4116218132924777,-0.1478639442170814,0.045,0.0,0.035,0.15,0.4696699141100896,0.8211576363547513,0.44999999999999996,1.0,1.0,1.0,0.6951325015039772,False,,data/grasp_success/raw/episode_000090/rgb.png,data/grasp_success/raw/episode_000090/depth.npy,data/grasp_success/raw/episode_000090/object_states.json,data/grasp_success/raw/episode_000090/candidates.json,
episode_000091,90,抓起蓝色圆柱,"{""confidence"": 0.8500000000000001, ""intent"": ""pick"", ""language"": ""zh"", ""normalized_target_label_en"": ""blue cylinder"", ""normalized_target_label_zh"": ""蓝色圆柱"", ""raw_instruction"": ""抓起蓝色圆柱"", ""target_color"": ""blue"", ""target_position_hint"": null, ""target_type"": ""cylinder""}",蓝色圆柱,blue cylinder,blue_cylinder,cylinder,blue,0.5231896000466653,0.03172258843627573,0.07,4,0.5231896000466653,0.03172258843627573,0.07,0.0,0.025,0.15,1.0,0.8740928422186157,0.95,1.0,1.0,1.0,0.9648185684437232,True,True,data/grasp_success/raw/episode_000091/rgb.png,data/grasp_success/raw/episode_000091/depth.npy,data/grasp_success/raw/episode_000091/object_states.json,data/grasp_success/raw/episode_000091/candidates.json,
episode_000091,90,抓起蓝色圆柱,"{""confidence"": 0.8500000000000001, ""intent"": ""pick"", ""language"": ""zh"", ""normalized_target_label_en"": ""blue cylinder"", ""normalized_target_label_zh"": ""蓝色圆柱"", ""raw_instruction"": ""抓起蓝色圆柱"", ""target_color"": ""blue"", ""target_position_hint"": null, ""target_type"": ""cylinder""}",蓝色圆柱,blue cylinder,blue_cylinder,cylinder,blue,0.5231896000466653,0.03172258843627573,0.07,3,0.5231896000466653,0.001722588436275728,0.07,0.0,0.025,0.15,0.625,0.8840928422186157,0.44999999999999996,1.0,1.0,1.0,0.7543185684437231,False,,data/grasp_success/raw/episode_000091/rgb.png,data/grasp_success/raw/episode_000091/depth.npy,data/grasp_success/raw/episode_000091/object_states.json,data/grasp_success/raw/episode_000091/candidates.json,
episode_000091,90,抓起蓝色圆柱,"{""confidence"": 0.8500000000000001, ""intent"": ""pick"", ""language"": ""zh"", ""normalized_target_label_en"": ""blue cylinder"", ""normalized_target_label_zh"": ""蓝色圆柱"", ""raw_instruction"": ""抓起蓝色圆柱"", ""target_color"": ""blue"", ""target_position_hint"": null, ""target_type"": ""cylinder""}",蓝色圆柱,blue cylinder,blue_cylinder,cylinder,blue,0.5231896000466653,0.03172258843627573,0.07,7,0.5531896000466653,0.03172258843627573,0.07,0.0,0.025,0.15,0.6249999999999997,0.861365569491343,0.44999999999999996,1.0,1.0,1.0,0.7497731138982685,False,,data/grasp_success/raw/episode_000091/rgb.png,data/grasp_success/raw/episode_000091/depth.npy,data/grasp_success/raw/episode_000091/object_states.json,data/grasp_success/raw/episode_000091/candidates.json,
episode_000091,90,抓起蓝色圆柱,"{""confidence"": 0.8500000000000001, ""intent"": ""pick"", ""language"": ""zh"", ""normalized_target_label_en"": ""blue cylinder"", ""normalized_target_label_zh"": ""蓝色圆柱"", ""raw_instruction"": ""抓起蓝色圆柱"", ""target_color"": ""blue"", ""target_position_hint"": null, ""target_type"": ""cylinder""}",蓝色圆柱,blue cylinder,blue_cylinder,cylinder,blue,0.5231896000466653,0.03172258843627573,0.07,5,0.5231896000466653,0.061722588436275726,0.07,0.0,0.025,0.15,0.625,0.8640928422186158,0.44442498538757536,1.0,1.0,1.0,0.7492035655212382,False,,data/grasp_success/raw/episode_000091/rgb.png,data/grasp_success/raw/episode_000091/depth.npy,data/grasp_success/raw/episode_000091/object_states.json,data/grasp_success/raw/episode_000091/candidates.json,
episode_000091,90,抓起蓝色圆柱,"{""confidence"": 0.8500000000000001, ""intent"": ""pick"", ""language"": ""zh"", ""normalized_target_label_en"": ""blue cylinder"", ""normalized_target_label_zh"": ""蓝色圆柱"", ""raw_instruction"": ""抓起蓝色圆柱"", ""target_color"": ""blue"", ""target_position_hint"": null, ""target_type"": ""cylinder""}",蓝色圆柱,blue cylinder,blue_cylinder,cylinder,blue,0.5231896000466653,0.03172258843627573,0.07,1,0.49318960004666523,0.03172258843627573,0.07,0.0,0.025,0.15,0.6249999999999997,0.8868201149458885,0.3950037068545804,1.0,1.0,1.0,0.7438647643600937,False,,data/grasp_success/raw/episode_000091/rgb.png,data/grasp_success/raw/episode_000091/depth.npy,data/grasp_success/raw/episode_000091/object_states.json,data/grasp_success/raw/episode_000091/candidates.json,
episode_000091,90,抓起蓝色圆柱,"{""confidence"": 0.8500000000000001, ""intent"": ""pick"", ""language"": ""zh"", ""normalized_target_label_en"": ""blue cylinder"", ""normalized_target_label_zh"": ""蓝色圆柱"", ""raw_instruction"": ""抓起蓝色圆柱"", ""target_color"": ""blue"", ""target_position_hint"": null, ""target_type"": ""cylinder""}",蓝色圆柱,blue cylinder,blue_cylinder,cylinder,blue,0.5231896000466653,0.03172258843627573,0.07,10,0.49318960004666523,0.03172258843627573,0.07,0.7853981633974483,0.025,0.15,0.6249999999999997,0.8868201149458885,0.3450037068545805,1.0,1.0,1.0,0.7338647643600937,False,,data/grasp_success/raw/episode_000091/rgb.png,data/grasp_success/raw/episode_000091/depth.npy,data/grasp_success/raw/episode_000091/object_states.json,data/grasp_success/raw/episode_000091/candidates.json,
episode_000091,90,抓起蓝色圆柱,"{""confidence"": 0.8500000000000001, ""intent"": ""pick"", ""language"": ""zh"", ""normalized_target_label_en"": ""blue cylinder"", ""normalized_target_label_zh"": ""蓝色圆柱"", ""raw_instruction"": ""抓起蓝色圆柱"", ""target_color"": ""blue"", ""target_position_hint"": null, ""target_type"": ""cylinder""}",蓝色圆柱,blue cylinder,blue_cylinder,cylinder,blue,0.5231896000466653,0.03172258843627573,0.07,0,0.49318960004666523,0.001722588436275728,0.07,0.0,0.025,0.15,0.4696699141100892,0.8968201149458885,0.44999999999999996,1.0,1.0,1.0,0.7102649972222045,False,,data/grasp_success/raw/episode_000091/rgb.png,data/grasp_success/raw/episode_000091/depth.npy,data/grasp_success/raw/episode_000091/object_states.json,data/grasp_success/raw/episode_000091/candidates.json,
episode_000091,90,抓起蓝色圆柱,"{""confidence"": 0.8500000000000001, ""intent"": ""pick"", ""language"": ""zh"", ""normalized_target_label_en"": ""blue cylinder"", ""normalized_target_label_zh"": ""蓝色圆柱"", ""raw_instruction"": ""抓起蓝色圆柱"", ""target_color"": ""blue"", ""target_position_hint"": null, ""target_type"": ""cylinder""}",蓝色圆柱,blue cylinder,blue_cylinder,cylinder,blue,0.5231896000466653,0.03172258843627573,0.07,6,0.5531896000466653,0.001722588436275728,0.07,0.0,0.025,0.15,0.4696699141100892,0.871365569491343,0.44999999999999996,1.0,1.0,1.0,0.7051740881312953,False,,data/grasp_success/raw/episode_000091/rgb.png,data/grasp_success/raw/episode_000091/depth.npy,data/grasp_success/raw/episode_000091/object_states.json,data/grasp_success/raw/episode_000091/candidates.json,
episode_000092,91,抓起红色方块,"{""confidence"": 0.8500000000000001, ""intent"": ""pick"", ""language"": ""zh"", ""normalized_target_label_en"": ""red cube"", ""normalized_target_label_zh"": ""红色方块"", ""raw_instruction"": ""抓起红色方块"", ""target_color"": ""red"", ""target_position_hint"": null, ""target_type"": ""cube""}",红色方块,red cube,red_cube,cube,red,0.4416704104230717,-0.12655251384265606,0.045,4,0.4416704104230717,-0.12655251384265606,0.045,0.0,0.035,0.15,1.0,0.8410093361713269,0.95,1.0,1.0,1.0,0.9582018672342654,True,False,data/grasp_success/raw/episode_000092/rgb.png,data/grasp_success/raw/episode_000092/depth.npy,data/grasp_success/raw/episode_000092/object_states.json,data/grasp_success/raw/episode_000092/candidates.json,
episode_000092,91,抓起红色方块,"{""confidence"": 0.8500000000000001, ""intent"": ""pick"", ""language"": ""zh"", ""normalized_target_label_en"": ""red cube"", ""normalized_target_label_zh"": ""红色方块"", ""raw_instruction"": ""抓起红色方块"", ""target_color"": ""red"", ""target_position_hint"": null, ""target_type"": ""cube""}",红色方块,red cube,red_cube,cube,red,0.4416704104230717,-0.12655251384265606,0.045,7,0.4716704104230717,-0.12655251384265606,0.045,0.0,0.035,0.15,0.6250000000000004,0.8537366088985996,0.44999999999999996,1.0,1.0,1.0,0.7482473217797201,False,,data/grasp_success/raw/episode_000092/rgb.png,data/grasp_success/raw/episode_000092/depth.npy,data/grasp_success/raw/episode_000092/object_states.json,data/grasp_success/raw/episode_000092/candidates.json,
episode_000092,91,抓起红色方块,"{""confidence"": 0.8500000000000001, ""intent"": ""pick"", ""language"": ""zh"", ""normalized_target_label_en"": ""red cube"", ""normalized_target_label_zh"": ""红色方块"", ""raw_instruction"": ""抓起红色方块"", ""target_color"": ""red"", ""target_position_hint"": null, ""target_type"": ""cube""}",红色方块,red cube,red_cube,cube,red,0.4416704104230717,-0.12655251384265606,0.045,5,0.4416704104230717,-0.09655251384265606,0.045,0.0,0.035,0.15,0.625,0.8510093361713269,0.44999999999999996,1.0,1.0,1.0,0.7477018672342655,False,,data/grasp_success/raw/episode_000092/rgb.png,data/grasp_success/raw/episode_000092/depth.npy,data/grasp_success/raw/episode_000092/object_states.json,data/grasp_success/raw/episode_000092/candidates.json,
episode_000092,91,抓起红色方块,"{""confidence"": 0.8500000000000001, ""intent"": ""pick"", ""language"": ""zh"", ""normalized_target_label_en"": ""red cube"", ""normalized_target_label_zh"": ""红色方块"", ""raw_instruction"": ""抓起红色方块"", ""target_color"": ""red"", ""target_position_hint"": null, ""target_type"": ""cube""}",红色方块,red cube,red_cube,cube,red,0.4416704104230717,-0.12655251384265606,0.045,3,0.4416704104230717,-0.15655251384265606,0.045,0.0,0.035,0.15,0.625,0.8310093361713269,0.44999999999999996,1.0,1.0,1.0,0.7437018672342655,False,,data/grasp_success/raw/episode_000092/rgb.png,data/grasp_success/raw/episode_000092/depth.npy,data/grasp_success/raw/episode_000092/object_states.json,data/grasp_success/raw/episode_000092/candidates.json,
episode_000092,91,抓起红色方块,"{""confidence"": 0.8500000000000001, ""intent"": ""pick"", ""language"": ""zh"", ""normalized_target_label_en"": ""red cube"", ""normalized_target_label_zh"": ""红色方块"", ""raw_instruction"": ""抓起红色方块"", ""target_color"": ""red"", ""target_position_hint"": null, ""target_type"": ""cube""}",红色方块,red cube,red_cube,cube,red,0.4416704104230717,-0.12655251384265606,0.045,1,0.41167041042307173,-0.12655251384265606,0.045,0.0,0.035,0.15,0.6250000000000004,0.8282820634440542,0.44999999999999996,1.0,1.0,1.0,0.743156412688811,False,,data/grasp_success/raw/episode_000092/rgb.png,data/grasp_success/raw/episode_000092/depth.npy,data/grasp_success/raw/episode_000092/object_states.json,data/grasp_success/raw/episode_000092/candidates.json,
episode_000092,91,抓起红色方块,"{""confidence"": 0.8500000000000001, ""intent"": ""pick"", ""language"": ""zh"", ""normalized_target_label_en"": ""red cube"", ""normalized_target_label_zh"": ""红色方块"", ""raw_instruction"": ""抓起红色方块"", ""target_color"": ""red"", ""target_position_hint"": null, ""target_type"": ""cube""}",红色方块,red cube,red_cube,cube,red,0.4416704104230717,-0.12655251384265606,0.045,6,0.4716704104230717,-0.15655251384265606,0.045,0.0,0.035,0.15,0.4696699141100896,0.8437366088985996,0.44999999999999996,1.0,1.0,1.0,0.6996482960127468,False,,data/grasp_success/raw/episode_000092/rgb.png,data/grasp_success/raw/episode_000092/depth.npy,data/grasp_success/raw/episode_000092/object_states.json,data/grasp_success/raw/episode_000092/candidates.json,
episode_000092,91,抓起红色方块,"{""confidence"": 0.8500000000000001, ""intent"": ""pick"", ""language"": ""zh"", ""normalized_target_label_en"": ""red cube"", ""normalized_target_label_zh"": ""红色方块"", ""raw_instruction"": ""抓起红色方块"", ""target_color"": ""red"", ""target_position_hint"": null, ""target_type"": ""cube""}",红色方块,red cube,red_cube,cube,red,0.4416704104230717,-0.12655251384265606,0.045,2,0.41167041042307173,-0.09655251384265606,0.045,0.0,0.035,0.15,0.4696699141100896,0.8382820634440542,0.44999999999999996,1.0,1.0,1.0,0.6985573869218378,False,,data/grasp_success/raw/episode_000092/rgb.png,data/grasp_success/raw/episode_000092/depth.npy,data/grasp_success/raw/episode_000092/object_states.json,data/grasp_success/raw/episode_000092/candidates.json,
episode_000092,91,抓起红色方块,"{""confidence"": 0.8500000000000001, ""intent"": ""pick"", ""language"": ""zh"", ""normalized_target_label_en"": ""red cube"", ""normalized_target_label_zh"": ""红色方块"", ""raw_instruction"": ""抓起红色方块"", ""target_color"": ""red"", ""target_position_hint"": null, ""target_type"": ""cube""}",红色方块,red cube,red_cube,cube,red,0.4416704104230717,-0.12655251384265606,0.045,8,0.4716704104230717,-0.09655251384265606,0.045,0.0,0.035,0.15,0.4696699141100896,0.8637366088985996,0.4076211524645563,1.0,1.0,1.0,0.6951725265056581,False,,data/grasp_success/raw/episode_000092/rgb.png,data/grasp_success/raw/episode_000092/depth.npy,data/grasp_success/raw/episode_000092/object_states.json,data/grasp_success/raw/episode_000092/candidates.json,
episode_000093,92,抓起中间的物体,"{""confidence"": 0.6, ""intent"": ""pick"", ""language"": ""zh"", ""normalized_target_label_en"": ""center"", ""normalized_target_label_zh"": ""中间的物体"", ""raw_instruction"": ""抓起中间的物体"", ""target_color"": null, ""target_position_hint"": ""center"", ""target_type"": null}",中间的物体,center,blue_cylinder,cylinder,blue,0.5211628089535211,0.03177700255303714,0.07,4,0.5211628089535211,0.03177700255303714,0.07,0.0,0.025,0.15,1.0,0.8749345549464838,0.95,1.0,1.0,1.0,0.9649869109892968,True,True,data/grasp_success/raw/episode_000093/rgb.png,data/grasp_success/raw/episode_000093/depth.npy,data/grasp_success/raw/episode_000093/object_states.json,data/grasp_success/raw/episode_000093/candidates.json,
episode_000093,92,抓起中间的物体,"{""confidence"": 0.6, ""intent"": ""pick"", ""language"": ""zh"", ""normalized_target_label_en"": ""center"", ""normalized_target_label_zh"": ""中间的物体"", ""raw_instruction"": ""抓起中间的物体"", ""target_color"": null, ""target_position_hint"": ""center"", ""target_type"": null}",中间的物体,center,blue_cylinder,cylinder,blue,0.5211628089535211,0.03177700255303714,0.07,3,0.5211628089535211,0.0017770025530371436,0.07,0.0,0.025,0.15,0.625,0.8849345549464838,0.44999999999999996,1.0,1.0,1.0,0.7544869109892968,False,,data/grasp_success/raw/episode_000093/rgb.png,data/grasp_success/raw/episode_000093/depth.npy,data/grasp_success/raw/episode_000093/object_states.json,data/grasp_success/raw/episode_000093/candidates.json,
episode_000093,92,抓起中间的物体,"{""confidence"": 0.6, ""intent"": ""pick"", ""language"": ""zh"", ""normalized_target_label_en"": ""center"", ""normalized_target_label_zh"": ""中间的物体"", ""raw_instruction"": ""抓起中间的物体"", ""target_color"": null, ""target_position_hint"": ""center"", ""target_type"": null}",中间的物体,center,blue_cylinder,cylinder,blue,0.5211628089535211,0.03177700255303714,0.07,7,0.5511628089535211,0.03177700255303714,0.07,0.0,0.025,0.15,0.6249999999999997,0.862207282219211,0.44999999999999996,1.0,1.0,1.0,0.7499414564438421,False,,data/grasp_success/raw/episode_000093/rgb.png,data/grasp_success/raw/episode_000093/depth.npy,data/grasp_success/raw/episode_000093/object_states.json,data/grasp_success/raw/episode_000093/candidates.json,
episode_000093,92,抓起中间的物体,"{""confidence"": 0.6, ""intent"": ""pick"", ""language"": ""zh"", ""normalized_target_label_en"": ""center"", ""normalized_target_label_zh"": ""中间的物体"", ""raw_instruction"": ""抓起中间的物体"", ""target_color"": null, ""target_position_hint"": ""center"", ""target_type"": null}",中间的物体,center,blue_cylinder,cylinder,blue,0.5211628089535211,0.03177700255303714,0.07,5,0.5211628089535211,0.06177700255303714,0.07,0.0,0.025,0.15,0.625,0.8649345549464837,0.44429678974516107,1.0,1.0,1.0,0.749346268938329,False,,data/grasp_success/raw/episode_000093/rgb.png,data/grasp_success/raw/episode_000093/depth.npy,data/grasp_success/raw/episode_000093/object_states.json,data/grasp_success/raw/episode_000093/candidates.json,
episode_000093,92,抓起中间的物体,"{""confidence"": 0.6, ""intent"": ""pick"", ""language"": ""zh"", ""normalized_target_label_en"": ""center"", ""normalized_target_label_zh"": ""中间的物体"", ""raw_instruction"": ""抓起中间的物体"", ""target_color"": null, ""target_position_hint"": ""center"", ""target_type"": null}",中间的物体,center,blue_cylinder,cylinder,blue,0.5211628089535211,0.03177700255303714,0.07,1,0.49116280895352105,0.03177700255303714,0.07,0.0,0.025,0.15,0.6249999999999997,0.8876618276737565,0.4146062206036132,1.0,1.0,1.0,0.7479536096554739,False,,data/grasp_success/raw/episode_000093/rgb.png,data/grasp_success/raw/episode_000093/depth.npy,data/grasp_success/raw/episode_000093/object_states.json,data/grasp_success/raw/episode_000093/candidates.json,
episode_000093,92,抓起中间的物体,"{""confidence"": 0.6, ""intent"": ""pick"", ""language"": ""zh"", ""normalized_target_label_en"": ""center"", ""normalized_target_label_zh"": ""中间的物体"", ""raw_instruction"": ""抓起中间的物体"", ""target_color"": null, ""target_position_hint"": ""center"", ""target_type"": null}",中间的物体,center,blue_cylinder,cylinder,blue,0.5211628089535211,0.03177700255303714,0.07,10,0.49116280895352105,0.03177700255303714,0.07,0.7853981633974483,0.025,0.15,0.6249999999999997,0.8876618276737565,0.36460622060361325,1.0,1.0,1.0,0.7379536096554739,False,,data/grasp_success/raw/episode_000093/rgb.png,data/grasp_success/raw/episode_000093/depth.npy,data/grasp_success/raw/episode_000093/object_states.json,data/grasp_success/raw/episode_000093/candidates.json,
episode_000093,92,抓起中间的物体,"{""confidence"": 0.6, ""intent"": ""pick"", ""language"": ""zh"", ""normalized_target_label_en"": ""center"", ""normalized_target_label_zh"": ""中间的物体"", ""raw_instruction"": ""抓起中间的物体"", ""target_color"": null, ""target_position_hint"": ""center"", ""target_type"": null}",中间的物体,center,blue_cylinder,cylinder,blue,0.5211628089535211,0.03177700255303714,0.07,0,0.49116280895352105,0.0017770025530371436,0.07,0.0,0.025,0.15,0.4696699141100892,0.8976618276737565,0.44999999999999996,1.0,1.0,1.0,0.7104333397677781,False,,data/grasp_success/raw/episode_000093/rgb.png,data/grasp_success/raw/episode_000093/depth.npy,data/grasp_success/raw/episode_000093/object_states.json,data/grasp_success/raw/episode_000093/candidates.json,
episode_000093,92,抓起中间的物体,"{""confidence"": 0.6, ""intent"": ""pick"", ""language"": ""zh"", ""normalized_target_label_en"": ""center"", ""normalized_target_label_zh"": ""中间的物体"", ""raw_instruction"": ""抓起中间的物体"", ""target_color"": null, ""target_position_hint"": ""center"", ""target_type"": null}",中间的物体,center,blue_cylinder,cylinder,blue,0.5211628089535211,0.03177700255303714,0.07,6,0.5511628089535211,0.0017770025530371436,0.07,0.0,0.025,0.15,0.4696699141100892,0.872207282219211,0.44999999999999996,1.0,1.0,1.0,0.705342430676869,False,,data/grasp_success/raw/episode_000093/rgb.png,data/grasp_success/raw/episode_000093/depth.npy,data/grasp_success/raw/episode_000093/object_states.json,data/grasp_success/raw/episode_000093/candidates.json,
episode_000094,93,抓起中间的物体,"{""confidence"": 0.6, ""intent"": ""pick"", ""language"": ""zh"", ""normalized_target_label_en"": ""center"", ""normalized_target_label_zh"": ""中间的物体"", ""raw_instruction"": ""抓起中间的物体"", ""target_color"": null, ""target_position_hint"": ""center"", ""target_type"": null}",中间的物体,center,blue_cylinder,cylinder,blue,0.5213160290901296,0.027065898013581974,0.07,4,0.5213160290901296,0.027065898013581974,0.07,0.0,0.025,0.15,1.0,0.8764399206441046,0.95,1.0,1.0,1.0,0.9652879841288209,True,True,data/grasp_success/raw/episode_000094/rgb.png,data/grasp_success/raw/episode_000094/depth.npy,data/grasp_success/raw/episode_000094/object_states.json,data/grasp_success/raw/episode_000094/candidates.json,
episode_000094,93,抓起中间的物体,"{""confidence"": 0.6, ""intent"": ""pick"", ""language"": ""zh"", ""normalized_target_label_en"": ""center"", ""normalized_target_label_zh"": ""中间的物体"", ""raw_instruction"": ""抓起中间的物体"", ""target_color"": null, ""target_position_hint"": ""center"", ""target_type"": null}",中间的物体,center,blue_cylinder,cylinder,blue,0.5213160290901296,0.027065898013581974,0.07,3,0.5213160290901296,-0.002934101986418025,0.07,0.0,0.025,0.15,0.625,0.8844838526531592,0.44999999999999996,1.0,1.0,1.0,0.7543967705306319,False,,data/grasp_success/raw/episode_000094/rgb.png,data/grasp_success/raw/episode_000094/depth.npy,data/grasp_success/raw/episode_000094/object_states.json,data/grasp_success/raw/episode_000094/candidates.json,
episode_000094,93,抓起中间的物体,"{""confidence"": 0.6, ""intent"": ""pick"", ""language"": ""zh"", ""normalized_target_label_en"": ""center"", ""normalized_target_label_zh"": ""中间的物体"", ""raw_instruction"": ""抓起中间的物体"", ""target_color"": null, ""target_position_hint"": ""center"", ""target_type"": null}",中间的物体,center,blue_cylinder,cylinder,blue,0.5213160290901296,0.027065898013581974,0.07,1,0.4913160290901296,0.027065898013581974,0.07,0.0,0.025,0.15,0.6249999999999997,0.8891671933713773,0.4380450714505977,1.0,1.0,1.0,0.7529424529643949,False,,data/grasp_success/raw/episode_000094/rgb.png,data/grasp_success/raw/episode_000094/depth.npy,data/grasp_success/raw/episode_000094/object_states.json,data/grasp_success/raw/episode_000094/candidates.json,
episode_000094,93,抓起中间的物体,"{""confidence"": 0.6, ""intent"": ""pick"", ""language"": ""zh"", ""normalized_target_label_en"": ""center"", ""normalized_target_label_zh"": ""中间的物体"", ""raw_instruction"": ""抓起中间的物体"", ""target_color"": null, ""target_position_hint"": ""center"", ""target_type"": null}",中间的物体,center,blue_cylinder,cylinder,blue,0.5213160290901296,0.027065898013581974,0.07,5,0.5213160290901296,0.05706589801358197,0.07,0.0,0.025,0.15,0.625,0.8664399206441046,0.44999999999999996,1.0,1.0,1.0,0.750787984128821,False,,data/grasp_success/raw/episode_000094/rgb.png,data/grasp_success/raw/episode_000094/depth.npy,data/grasp_success/raw/episode_000094/object_states.json,data/grasp_success/raw/episode_000094/candidates.json,
episode_000094,93,抓起中间的物体,"{""confidence"": 0.6, ""intent"": ""pick"", ""language"": ""zh"", ""normalized_target_label_en"": ""center"", ""normalized_target_label_zh"": ""中间的物体"", ""raw_instruction"": ""抓起中间的物体"", ""target_color"": null, ""target_position_hint"": ""center"", ""target_type"": null}",中间的物体,center,blue_cylinder,cylinder,blue,0.5213160290901296,0.027065898013581974,0.07,7,0.5513160290901297,0.027065898013581974,0.07,0.0,0.025,0.15,0.6249999999999997,0.8637126479168318,0.44999999999999996,1.0,1.0,1.0,0.7502425295833662,False,,data/grasp_success/raw/episode_000094/rgb.png,data/grasp_success/raw/episode_000094/depth.npy,data/grasp_success/raw/episode_000094/object_states.json,data/grasp_success/raw/episode_000094/candidates.json,
episode_000094,93,抓起中间的物体,"{""confidence"": 0.6, ""intent"": ""pick"", ""language"": ""zh"", ""normalized_target_label_en"": ""center"", ""normalized_target_label_zh"": ""中间的物体"", ""raw_instruction"": ""抓起中间的物体"", ""target_color"": null, ""target_position_hint"": ""center"", ""target_type"": null}",中间的物体,center,blue_cylinder,cylinder,blue,0.5213160290901296,0.027065898013581974,0.07,10,0.4913160290901296,0.027065898013581974,0.07,0.7853981633974483,0.025,0.15,0.6249999999999997,0.8891671933713773,0.38804507145059774,1.0,1.0,1.0,0.742942452964395,False,,data/grasp_success/raw/episode_000094/rgb.png,data/grasp_success/raw/episode_000094/depth.npy,data/grasp_success/raw/episode_000094/object_states.json,data/grasp_success/raw/episode_000094/candidates.json,
episode_000094,93,抓起中间的物体,"{""confidence"": 0.6, ""intent"": ""pick"", ""language"": ""zh"", ""normalized_target_label_en"": ""center"", ""normalized_target_label_zh"": ""中间的物体"", ""raw_instruction"": ""抓起中间的物体"", ""target_color"": null, ""target_position_hint"": ""center"", ""target_type"": null}",中间的物体,center,blue_cylinder,cylinder,blue,0.5213160290901296,0.027065898013581974,0.07,0,0.4913160290901296,-0.002934101986418025,0.07,0.0,0.025,0.15,0.4696699141100892,0.8972111253804319,0.43540091445437556,1.0,1.0,1.0,0.7074233821999882,False,,data/grasp_success/raw/episode_000094/rgb.png,data/grasp_success/raw/episode_000094/depth.npy,data/grasp_success/raw/episode_000094/object_states.json,data/grasp_success/raw/episode_000094/candidates.json,
episode_000094,93,抓起中间的物体,"{""confidence"": 0.6, ""intent"": ""pick"", ""language"": ""zh"", ""normalized_target_label_en"": ""center"", ""normalized_target_label_zh"": ""中间的物体"", ""raw_instruction"": ""抓起中间的物体"", ""target_color"": null, ""target_position_hint"": ""center"", ""target_type"": null}",中间的物体,center,blue_cylinder,cylinder,blue,0.5213160290901296,0.027065898013581974,0.07,6,0.5513160290901297,-0.002934101986418025,0.07,0.0,0.025,0.15,0.4696699141100892,0.8717565799258864,0.44999999999999996,1.0,1.0,1.0,0.705252290218204,False,,data/grasp_success/raw/episode_000094/rgb.png,data/grasp_success/raw/episode_000094/depth.npy,data/grasp_success/raw/episode_000094/object_states.json,data/grasp_success/raw/episode_000094/candidates.json,
episode_000095,94,抓起最左边的物体,"{""confidence"": 0.6, ""intent"": ""pick"", ""language"": ""zh"", ""normalized_target_label_en"": ""left"", ""normalized_target_label_zh"": ""左边的物体"", ""raw_instruction"": ""抓起最左边的物体"", ""target_color"": null, ""target_position_hint"": ""left"", ""target_type"": null}",左边的物体,left,green_sphere,sphere,green,0.3903378957044001,0.10996390437646279,0.05,4,0.3903378957044001,0.10996390437646279,0.05,0.0,0.025,0.15,1.0,0.8263169977289043,0.95,1.0,1.0,1.0,0.9552633995457809,True,True,data/grasp_success/raw/episode_000095/rgb.png,data/grasp_success/raw/episode_000095/depth.npy,data/grasp_success/raw/episode_000095/object_states.json,data/grasp_success/raw/episode_000095/candidates.json,
episode_000095,94,抓起最左边的物体,"{""confidence"": 0.6, ""intent"": ""pick"", ""language"": ""zh"", ""normalized_target_label_en"": ""left"", ""normalized_target_label_zh"": ""左边的物体"", ""raw_instruction"": ""抓起最左边的物体"", ""target_color"": null, ""target_position_hint"": ""left"", ""target_type"": null}",左边的物体,left,green_sphere,sphere,green,0.3903378957044001,0.10996390437646279,0.05,5,0.3903378957044001,0.13996390437646278,0.05,0.0,0.025,0.15,0.6250000000000002,0.8163169977289044,0.44999999999999996,1.0,1.0,1.0,0.740763399545781,False,,data/grasp_success/raw/episode_000095/rgb.png,data/grasp_success/raw/episode_000095/depth.npy,data/grasp_success/raw/episode_000095/object_states.json,data/grasp_success/raw/episode_000095/candidates.json,
episode_000095,94,抓起最左边的物体,"{""confidence"": 0.6, ""intent"": ""pick"", ""language"": ""zh"", ""normalized_target_label_en"": ""left"", ""normalized_target_label_zh"": ""左边的物体"", ""raw_instruction"": ""抓起最左边的物体"", ""target_color"": null, ""target_position_hint"": ""left"", ""target_type"": null}",左边的物体,left,green_sphere,sphere,green,0.3903378957044001,0.10996390437646279,0.05,3,0.3903378957044001,0.0799639043764628,0.05,0.0,0.025,0.15,0.625,0.8363169977289044,0.4292121198369544,1.0,1.0,1.0,0.7406058235131718,False,,data/grasp_success/raw/episode_000095/rgb.png,data/grasp_success/raw/episode_000095/depth.npy,data/grasp_success/raw/episode_000095/object_states.json,data/grasp_success/raw/episode_000095/candidates.json,
episode_000095,94,抓起最左边的物体,"{""confidence"": 0.6, ""intent"": ""pick"", ""language"": ""zh"", ""normalized_target_label_en"": ""left"", ""normalized_target_label_zh"": ""左边的物体"", ""raw_instruction"": ""抓起最左边的物体"", ""target_color"": null, ""target_position_hint"": ""left"", ""target_type"": null}",左边的物体,left,green_sphere,sphere,green,0.3903378957044001,0.10996390437646279,0.05,1,0.3603378957044001,0.10996390437646279,0.05,0.0,0.025,0.15,0.6250000000000004,0.8135897250016316,0.44999999999999996,1.0,1.0,1.0,0.7402179450003264,False,,data/grasp_success/raw/episode_000095/rgb.png,data/grasp_success/raw/episode_000095/depth.npy,data/grasp_success/raw/episode_000095/object_states.json,data/grasp_success/raw/episode_000095/candidates.json,
episode_000095,94,抓起最左边的物体,"{""confidence"": 0.6, ""intent"": ""pick"", ""language"": ""zh"", ""normalized_target_label_en"": ""left"", ""normalized_target_label_zh"": ""左边的物体"", ""raw_instruction"": ""抓起最左边的物体"", ""target_color"": null, ""target_position_hint"": ""left"", ""target_type"": null}",左边的物体,left,green_sphere,sphere,green,0.3903378957044001,0.10996390437646279,0.05,7,0.42033789570440006,0.10996390437646279,0.05,0.0,0.025,0.15,0.6250000000000004,0.8390442704561771,0.3837231194708094,1.0,1.0,1.0,0.7320534779853974,False,,data/grasp_success/raw/episode_000095/rgb.png,data/grasp_success/raw/episode_000095/depth.npy,data/grasp_success/raw/episode_000095/object_states.json,data/grasp_success/raw/episode_000095/candidates.json,
episode_000095,94,抓起最左边的物体,"{""confidence"": 0.6, ""intent"": ""pick"", ""language"": ""zh"", ""normalized_target_label_en"": ""left"", ""normalized_target_label_zh"": ""左边的物体"", ""raw_instruction"": ""抓起最左边的物体"", ""target_color"": null, ""target_position_hint"": ""left"", ""target_type"": null}",左边的物体,left,green_sphere,sphere,green,0.3903378957044001,0.10996390437646279,0.05,10,0.3603378957044001,0.10996390437646279,0.05,0.7853981633974483,0.025,0.15,0.6250000000000004,0.8135897250016316,0.4,1.0,1.0,1.0,0.7302179450003264,False,,data/grasp_success/raw/episode_000095/rgb.png,data/grasp_success/raw/episode_000095/depth.npy,data/grasp_success/raw/episode_000095/object_states.json,data/grasp_success/raw/episode_000095/candidates.json,
episode_000095,94,抓起最左边的物体,"{""confidence"": 0.6, ""intent"": ""pick"", ""language"": ""zh"", ""normalized_target_label_en"": ""left"", ""normalized_target_label_zh"": ""左边的物体"", ""raw_instruction"": ""抓起最左边的物体"", ""target_color"": null, ""target_position_hint"": ""left"", ""target_type"": null}",左边的物体,left,green_sphere,sphere,green,0.3903378957044001,0.10996390437646279,0.05,8,0.42033789570440006,0.13996390437646278,0.05,0.0,0.025,0.15,0.46966991411008974,0.8290442704561771,0.44999999999999996,1.0,1.0,1.0,0.6967098283242624,False,,data/grasp_success/raw/episode_000095/rgb.png,data/grasp_success/raw/episode_000095/depth.npy,data/grasp_success/raw/episode_000095/object_states.json,data/grasp_success/raw/episode_000095/candidates.json,
episode_000095,94,抓起最左边的物体,"{""confidence"": 0.6, ""intent"": ""pick"", ""language"": ""zh"", ""normalized_target_label_en"": ""left"", ""normalized_target_label_zh"": ""左边的物体"", ""raw_instruction"": ""抓起最左边的物体"", ""target_color"": null, ""target_position_hint"": ""left"", ""target_type"": null}",左边的物体,left,green_sphere,sphere,green,0.3903378957044001,0.10996390437646279,0.05,0,0.3603378957044001,0.0799639043764628,0.05,0.0,0.025,0.15,0.4696699141100896,0.8235897250016316,0.44999999999999996,1.0,1.0,1.0,0.6956189192333533,False,,data/grasp_success/raw/episode_000095/rgb.png,data/grasp_success/raw/episode_000095/depth.npy,data/grasp_success/raw/episode_000095/object_states.json,data/grasp_success/raw/episode_000095/candidates.json,
episode_000096,95,抓起最左边的物体,"{""confidence"": 0.6, ""intent"": ""pick"", ""language"": ""zh"", ""normalized_target_label_en"": ""left"", ""normalized_target_label_zh"": ""左边的物体"", ""raw_instruction"": ""抓起最左边的物体"", ""target_color"": null, ""target_position_hint"": ""left"", ""target_type"": null}",左边的物体,left,green_sphere,sphere,green,0.4087111121213919,0.10256645335956881,0.05,4,0.4087111121213919,0.10256645335956881,0.05,0.0,0.025,0.15,1.0,0.836577512608411,0.95,1.0,1.0,1.0,0.9573155025216822,True,True,data/grasp_success/raw/episode_000096/rgb.png,data/grasp_success/raw/episode_000096/depth.npy,data/grasp_success/raw/episode_000096/object_states.json,data/grasp_success/raw/episode_000096/candidates.json,
episode_000096,95,抓起最左边的物体,"{""confidence"": 0.6, ""intent"": ""pick"", ""language"": ""zh"", ""normalized_target_label_en"": ""left"", ""normalized_target_label_zh"": ""左边的物体"", ""raw_instruction"": ""抓起最左边的物体"", ""target_color"": null, ""target_position_hint"": ""left"", ""target_type"": null}",左边的物体,left,green_sphere,sphere,green,0.4087111121213919,0.10256645335956881,0.05,5,0.4087111121213919,0.1325664533595688,0.05,0.0,0.025,0.15,0.6250000000000002,0.826577512608411,0.44999999999999996,1.0,1.0,1.0,0.7428155025216823,False,,data/grasp_success/raw/episode_000096/rgb.png,data/grasp_success/raw/episode_000096/depth.npy,data/grasp_success/raw/episode_000096/object_states.json,data/grasp_success/raw/episode_000096/candidates.json,
episode_000096,95,抓起最左边的物体,"{""confidence"": 0.6, ""intent"": ""pick"", ""language"": ""zh"", ""normalized_target_label_en"": ""left"", ""normalized_target_label_zh"": ""左边的物体"", ""raw_instruction"": ""抓起最左边的物体"", ""target_color"": null, ""target_position_hint"": ""left"", ""target_type"": null}",左边的物体,left,green_sphere,sphere,green,0.4087111121213919,0.10256645335956881,0.05,1,0.37871111212139186,0.10256645335956881,0.05,0.0,0.025,0.15,0.6249999999999997,0.8238502398811383,0.44999999999999996,1.0,1.0,1.0,0.7422700479762275,False,,data/grasp_success/raw/episode_000096/rgb.png,data/grasp_success/raw/episode_000096/depth.npy,data/grasp_success/raw/episode_000096/object_states.json,data/grasp_success/raw/episode_000096/candidates.json,
episode_000096,95,抓起最左边的物体,"{""confidence"": 0.6, ""intent"": ""pick"", ""language"": ""zh"", ""normalized_target_label_en"": ""left"", ""normalized_target_label_zh"": ""左边的物体"", ""raw_instruction"": ""抓起最左边的物体"", ""target_color"": null, ""target_position_hint"": ""left"", ""target_type"": null}",左边的物体,left,green_sphere,sphere,green,0.4087111121213919,0.10256645335956881,0.05,3,0.4087111121213919,0.07256645335956881,0.05,0.0,0.025,0.15,0.625,0.846577512608411,0.39703050938368367,1.0,1.0,1.0,0.736221604398419,False,,data/grasp_success/raw/episode_000096/rgb.png,data/grasp_success/raw/episode_000096/depth.npy,data/grasp_success/raw/episode_000096/object_states.json,data/grasp_success/raw/episode_000096/candidates.json,
episode_000096,95,抓起最左边的物体,"{""confidence"": 0.6, ""intent"": ""pick"", ""language"": ""zh"", ""normalized_target_label_en"": ""left"", ""normalized_target_label_zh"": ""左边的物体"", ""raw_instruction"": ""抓起最左边的物体"", ""target_color"": null, ""target_position_hint"": ""left"", ""target_type"": null}",左边的物体,left,green_sphere,sphere,green,0.4087111121213919,0.10256645335956881,0.05,10,0.37871111212139186,0.10256645335956881,0.05,0.7853981633974483,0.025,0.15,0.6249999999999997,0.8238502398811383,0.4,1.0,1.0,1.0,0.7322700479762275,False,,data/grasp_success/raw/episode_000096/rgb.png,data/grasp_success/raw/episode_000096/depth.npy,data/grasp_success/raw/episode_000096/object_states.json,data/grasp_success/raw/episode_000096/candidates.json,
episode_000096,95,抓起最左边的物体,"{""confidence"": 0.6, ""intent"": ""pick"", ""language"": ""zh"", ""normalized_target_label_en"": ""left"", ""normalized_target_label_zh"": ""左边的物体"", ""raw_instruction"": ""抓起最左边的物体"", ""target_color"": null, ""target_position_hint"": ""left"", ""target_type"": null}",左边的物体,left,green_sphere,sphere,green,0.4087111121213919,0.10256645335956881,0.05,7,0.4387111121213919,0.10256645335956881,0.05,0.0,0.025,0.15,0.6249999999999997,0.8493047853356838,0.3423828059449394,1.0,1.0,1.0,0.7258375182561245,False,,data/grasp_success/raw/episode_000096/rgb.png,data/grasp_success/raw/episode_000096/depth.npy,data/grasp_success/raw/episode_000096/object_states.json,data/grasp_success/raw/episode_000096/candidates.json,
episode_000096,95,抓起最左边的物体,"{""confidence"": 0.6, ""intent"": ""pick"", ""language"": ""zh"", ""normalized_target_label_en"": ""left"", ""normalized_target_label_zh"": ""左边的物体"", ""raw_instruction"": ""抓起最左边的物体"", ""target_color"": null, ""target_position_hint"": ""left"", ""target_type"": null}",左边的物体,left,green_sphere,sphere,green,0.4087111121213919,0.10256645335956881,0.05,0,0.37871111212139186,0.07256645335956881,0.05,0.0,0.025,0.15,0.4696699141100892,0.8338502398811383,0.44999999999999996,1.0,1.0,1.0,0.6976710222092545,False,,data/grasp_success/raw/episode_000096/rgb.png,data/grasp_success/raw/episode_000096/depth.npy,data/grasp_success/raw/episode_000096/object_states.json,data/grasp_success/raw/episode_000096/candidates.json,
episode_000096,95,抓起最左边的物体,"{""confidence"": 0.6, ""intent"": ""pick"", ""language"": ""zh"", ""normalized_target_label_en"": ""left"", ""normalized_target_label_zh"": ""左边的物体"", ""raw_instruction"": ""抓起最左边的物体"", ""target_color"": null, ""target_position_hint"": ""left"", ""target_type"": null}",左边的物体,left,green_sphere,sphere,green,0.4087111121213919,0.10256645335956881,0.05,8,0.4387111121213919,0.1325664533595688,0.05,0.0,0.025,0.15,0.4696699141100893,0.8393047853356838,0.4350804540715245,1.0,1.0,1.0,0.6957780221144685,False,,data/grasp_success/raw/episode_000096/rgb.png,data/grasp_success/raw/episode_000096/depth.npy,data/grasp_success/raw/episode_000096/object_states.json,data/grasp_success/raw/episode_000096/candidates.json,
episode_000097,96,抓起绿色球,"{""confidence"": 0.8500000000000001, ""intent"": ""pick"", ""language"": ""zh"", ""normalized_target_label_en"": ""green sphere"", ""normalized_target_label_zh"": ""绿色球"", ""raw_instruction"": ""抓起绿色球"", ""target_color"": ""green"", ""target_position_hint"": null, ""target_type"": ""sphere""}",绿色球,green sphere,green_sphere,sphere,green,0.40635595282030995,0.1151756818661267,0.05,4,0.40635595282030995,0.1151756818661267,0.05,0.0,0.025,0.15,1.0,0.8313752779481903,0.95,1.0,1.0,1.0,0.9562750555896381,True,True,data/grasp_success/raw/episode_000097/rgb.png,data/grasp_success/raw/episode_000097/depth.npy,data/grasp_success/raw/episode_000097/object_states.json,data/grasp_success/raw/episode_000097/candidates.json,
episode_000097,96,抓起绿色球,"{""confidence"": 0.8500000000000001, ""intent"": ""pick"", ""language"": ""zh"", ""normalized_target_label_en"": ""green sphere"", ""normalized_target_label_zh"": ""绿色球"", ""raw_instruction"": ""抓起绿色球"", ""target_color"": ""green"", ""target_position_hint"": null, ""target_type"": ""sphere""}",绿色球,green sphere,green_sphere,sphere,green,0.40635595282030995,0.1151756818661267,0.05,5,0.40635595282030995,0.1451756818661267,0.05,0.0,0.025,0.15,0.625,0.8213752779481903,0.44999999999999996,1.0,1.0,1.0,0.7417750555896381,False,,data/grasp_success/raw/episode_000097/rgb.png,data/grasp_success/raw/episode_000097/depth.npy,data/grasp_success/raw/episode_000097/object_states.json,data/grasp_success/raw/episode_000097/candidates.json,
episode_000097,96,抓起绿色球,"{""confidence"": 0.8500000000000001, ""intent"": ""pick"", ""language"": ""zh"", ""normalized_target_label_en"": ""green sphere"", ""normalized_target_label_zh"": ""绿色球"", ""raw_instruction"": ""抓起绿色球"", ""target_color"": ""green"", ""target_position_hint"": null, ""target_type"": ""sphere""}",绿色球,green sphere,green_sphere,sphere,green,0.40635595282030995,0.1151756818661267,0.05,1,0.37635595282031,0.1151756818661267,0.05,0.0,0.025,0.15,0.6250000000000004,0.8186480052209176,0.44999999999999996,1.0,1.0,1.0,0.7412296010441837,False,,data/grasp_success/raw/episode_000097/rgb.png,data/grasp_success/raw/episode_000097/depth.npy,data/grasp_success/raw/episode_000097/object_states.json,data/grasp_success/raw/episode_000097/candidates.json,
episode_000097,96,抓起绿色球,"{""confidence"": 0.8500000000000001, ""intent"": ""pick"", ""language"": ""zh"", ""normalized_target_label_en"": ""green sphere"", ""normalized_target_label_zh"": ""绿色球"", ""raw_instruction"": ""抓起绿色球"", ""target_color"": ""green"", ""target_position_hint"": null, ""target_type"": ""sphere""}",绿色球,green sphere,green_sphere,sphere,green,0.40635595282030995,0.1151756818661267,0.05,3,0.40635595282030995,0.0851756818661267,0.05,0.0,0.025,0.15,0.625,0.8413752779481902,0.39230237160667836,1.0,1.0,1.0,0.7342355299109737,False,,data/grasp_success/raw/episode_000097/rgb.png,data/grasp_success/raw/episode_000097/depth.npy,data/grasp_success/raw/episode_000097/object_states.json,data/grasp_success/raw/episode_000097/candidates.json,
episode_000097,96,抓起绿色球,"{""confidence"": 0.8500000000000001, ""intent"": ""pick"", ""language"": ""zh"", ""normalized_target_label_en"": ""green sphere"", ""normalized_target_label_zh"": ""绿色球"", ""raw_instruction"": ""抓起绿色球"", ""target_color"": ""green"", ""target_position_hint"": null, ""target_type"": ""sphere""}",绿色球,green sphere,green_sphere,sphere,green,0.40635595282030995,0.1151756818661267,0.05,10,0.37635595282031,0.1151756818661267,0.05,0.7853981633974483,0.025,0.15,0.6250000000000004,0.8186480052209176,0.4,1.0,1.0,1.0,0.7312296010441837,False,,data/grasp_success/raw/episode_000097/rgb.png,data/grasp_success/raw/episode_000097/depth.npy,data/grasp_success/raw/episode_000097/object_states.json,data/grasp_success/raw/episode_000097/candidates.json,
episode_000097,96,抓起绿色球,"{""confidence"": 0.8500000000000001, ""intent"": ""pick"", ""language"": ""zh"", ""normalized_target_label_en"": ""green sphere"", ""normalized_target_label_zh"": ""绿色球"", ""raw_instruction"": ""抓起绿色球"", ""target_color"": ""green"", ""target_position_hint"": null, ""target_type"": ""sphere""}",绿色球,green sphere,green_sphere,sphere,green,0.40635595282030995,0.1151756818661267,0.05,7,0.4363559528203099,0.1151756818661267,0.05,0.0,0.025,0.15,0.6250000000000004,0.844102550675463,0.37010035042863487,1.0,1.0,1.0,0.7303405802208197,False,,data/grasp_success/raw/episode_000097/rgb.png,data/grasp_success/raw/episode_000097/depth.npy,data/grasp_success/raw/episode_000097/object_states.json,data/grasp_success/raw/episode_000097/candidates.json,
episode_000097,96,抓起绿色球,"{""confidence"": 0.8500000000000001, ""intent"": ""pick"", ""language"": ""zh"", ""normalized_target_label_en"": ""green sphere"", ""normalized_target_label_zh"": ""绿色球"", ""raw_instruction"": ""抓起绿色球"", ""target_color"": ""green"", ""target_position_hint"": null, ""target_type"": ""sphere""}",绿色球,green sphere,green_sphere,sphere,green,0.40635595282030995,0.1151756818661267,0.05,8,0.4363559528203099,0.1451756818661267,0.05,0.0,0.025,0.15,0.4696699141100896,0.834102550675463,0.44999999999999996,1.0,1.0,1.0,0.6977214843681195,False,,data/grasp_success/raw/episode_000097/rgb.png,data/grasp_success/raw/episode_000097/depth.npy,data/grasp_success/raw/episode_000097/object_states.json,data/grasp_success/raw/episode_000097/candidates.json,
episode_000097,96,抓起绿色球,"{""confidence"": 0.8500000000000001, ""intent"": ""pick"", ""language"": ""zh"", ""normalized_target_label_en"": ""green sphere"", ""normalized_target_label_zh"": ""绿色球"", ""raw_instruction"": ""抓起绿色球"", ""target_color"": ""green"", ""target_position_hint"": null, ""target_type"": ""sphere""}",绿色球,green sphere,green_sphere,sphere,green,0.40635595282030995,0.1151756818661267,0.05,0,0.37635595282031,0.0851756818661267,0.05,0.0,0.025,0.15,0.4696699141100896,0.8286480052209175,0.44999999999999996,1.0,1.0,1.0,0.6966305752772104,False,,data/grasp_success/raw/episode_000097/rgb.png,data/grasp_success/raw/episode_000097/depth.npy,data/grasp_success/raw/episode_000097/object_states.json,data/grasp_success/raw/episode_000097/candidates.json,
episode_000098,97,抓起蓝色圆柱,"{""confidence"": 0.8500000000000001, ""intent"": ""pick"", ""language"": ""zh"", ""normalized_target_label_en"": ""blue cylinder"", ""normalized_target_label_zh"": ""蓝色圆柱"", ""raw_instruction"": ""抓起蓝色圆柱"", ""target_color"": ""blue"", ""target_position_hint"": null, ""target_type"": ""cylinder""}",蓝色圆柱,blue cylinder,blue_cylinder,cylinder,blue,0.5174411970253213,0.03684053984533271,0.07,4,0.5174411970253213,0.03684053984533271,0.07,0.0,0.025,0.15,1.0,0.8748255748488942,0.95,1.0,1.0,1.0,0.9649651149697789,True,True,data/grasp_success/raw/episode_000098/rgb.png,data/grasp_success/raw/episode_000098/depth.npy,data/grasp_success/raw/episode_000098/object_states.json,data/grasp_success/raw/episode_000098/candidates.json,
episode_000098,97,抓起蓝色圆柱,"{""confidence"": 0.8500000000000001, ""intent"": ""pick"", ""language"": ""zh"", ""normalized_target_label_en"": ""blue cylinder"", ""normalized_target_label_zh"": ""蓝色圆柱"", ""raw_instruction"": ""抓起蓝色圆柱"", ""target_color"": ""blue"", ""target_position_hint"": null, ""target_type"": ""cylinder""}",蓝色圆柱,blue cylinder,blue_cylinder,cylinder,blue,0.5174411970253213,0.03684053984533271,0.07,3,0.5174411970253213,0.006840539845332713,0.07,0.0,0.025,0.15,0.625,0.8848255748488942,0.44999999999999996,1.0,1.0,1.0,0.7544651149697789,False,,data/grasp_success/raw/episode_000098/rgb.png,data/grasp_success/raw/episode_000098/depth.npy,data/grasp_success/raw/episode_000098/object_states.json,data/grasp_success/raw/episode_000098/candidates.json,
episode_000098,97,抓起蓝色圆柱,"{""confidence"": 0.8500000000000001, ""intent"": ""pick"", ""language"": ""zh"", ""normalized_target_label_en"": ""blue cylinder"", ""normalized_target_label_zh"": ""蓝色圆柱"", ""raw_instruction"": ""抓起蓝色圆柱"", ""target_color"": ""blue"", ""target_position_hint"": null, ""target_type"": ""cylinder""}",蓝色圆柱,blue cylinder,blue_cylinder,cylinder,blue,0.5174411970253213,0.03684053984533271,0.07,7,0.5474411970253213,0.03684053984533271,0.07,0.0,0.025,0.15,0.6249999999999997,0.8620983021216214,0.44999999999999996,1.0,1.0,1.0,0.7499196604243242,False,,data/grasp_success/raw/episode_000098/rgb.png,data/grasp_success/raw/episode_000098/depth.npy,data/grasp_success/raw/episode_000098/object_states.json,data/grasp_success/raw/episode_000098/candidates.json,
episode_000098,97,抓起蓝色圆柱,"{""confidence"": 0.8500000000000001, ""intent"": ""pick"", ""language"": ""zh"", ""normalized_target_label_en"": ""blue cylinder"", ""normalized_target_label_zh"": ""蓝色圆柱"", ""raw_instruction"": ""抓起蓝色圆柱"", ""target_color"": ""blue"", ""target_position_hint"": null, ""target_type"": ""cylinder""}",蓝色圆柱,blue cylinder,blue_cylinder,cylinder,blue,0.5174411970253213,0.03684053984533271,0.07,5,0.5174411970253213,0.06684053984533271,0.07,0.0,0.025,0.15,0.625,0.8648255748488942,0.4055427832257331,1.0,1.0,1.0,0.7415736716149255,False,,data/grasp_success/raw/episode_000098/rgb.png,data/grasp_success/raw/episode_000098/depth.npy,data/grasp_success/raw/episode_000098/object_states.json,data/grasp_success/raw/episode_000098/candidates.json,
episode_000098,97,抓起蓝色圆柱,"{""confidence"": 0.8500000000000001, ""intent"": ""pick"", ""language"": ""zh"", ""normalized_target_label_en"": ""blue cylinder"", ""normalized_target_label_zh"": ""蓝色圆柱"", ""raw_instruction"": ""抓起蓝色圆柱"", ""target_color"": ""blue"", ""target_position_hint"": null, ""target_type"": ""cylinder""}",蓝色圆柱,blue cylinder,blue_cylinder,cylinder,blue,0.5174411970253213,0.03684053984533271,0.07,1,0.4874411970253213,0.03684053984533271,0.07,0.0,0.025,0.15,0.6249999999999997,0.8875528475761669,0.36238397217036267,1.0,1.0,1.0,0.7374873639493058,False,,data/grasp_success/raw/episode_000098/rgb.png,data/grasp_success/raw/episode_000098/depth.npy,data/grasp_success/raw/episode_000098/object_states.json,data/grasp_success/raw/episode_000098/candidates.json,
episode_000098,97,抓起蓝色圆柱,"{""confidence"": 0.8500000000000001, ""intent"": ""pick"", ""language"": ""zh"", ""normalized_target_label_en"": ""blue cylinder"", ""normalized_target_label_zh"": ""蓝色圆柱"", ""raw_instruction"": ""抓起蓝色圆柱"", ""target_color"": ""blue"", ""target_position_hint"": null, ""target_type"": ""cylinder""}",蓝色圆柱,blue cylinder,blue_cylinder,cylinder,blue,0.5174411970253213,0.03684053984533271,0.07,10,0.4874411970253213,0.03684053984533271,0.07,0.7853981633974483,0.025,0.15,0.6249999999999997,0.8875528475761669,0.31238397217036273,1.0,1.0,1.0,0.7274873639493058,False,,data/grasp_success/raw/episode_000098/rgb.png,data/grasp_success/raw/episode_000098/depth.npy,data/grasp_success/raw/episode_000098/object_states.json,data/grasp_success/raw/episode_000098/candidates.json,
episode_000098,97,抓起蓝色圆柱,"{""confidence"": 0.8500000000000001, ""intent"": ""pick"", ""language"": ""zh"", ""normalized_target_label_en"": ""blue cylinder"", ""normalized_target_label_zh"": ""蓝色圆柱"", ""raw_instruction"": ""抓起蓝色圆柱"", ""target_color"": ""blue"", ""target_position_hint"": null, ""target_type"": ""cylinder""}",蓝色圆柱,blue cylinder,blue_cylinder,cylinder,blue,0.5174411970253213,0.03684053984533271,0.07,0,0.4874411970253213,0.006840539845332713,0.07,0.0,0.025,0.15,0.4696699141100892,0.8975528475761669,0.44999999999999996,1.0,1.0,1.0,0.7104115437482602,False,,data/grasp_success/raw/episode_000098/rgb.png,data/grasp_success/raw/episode_000098/depth.npy,data/grasp_success/raw/episode_000098/object_states.json,data/grasp_success/raw/episode_000098/candidates.json,
episode_000098,97,抓起蓝色圆柱,"{""confidence"": 0.8500000000000001, ""intent"": ""pick"", ""language"": ""zh"", ""normalized_target_label_en"": ""blue cylinder"", ""normalized_target_label_zh"": ""蓝色圆柱"", ""raw_instruction"": ""抓起蓝色圆柱"", ""target_color"": ""blue"", ""target_position_hint"": null, ""target_type"": ""cylinder""}",蓝色圆柱,blue cylinder,blue_cylinder,cylinder,blue,0.5174411970253213,0.03684053984533271,0.07,6,0.5474411970253213,0.006840539845332713,0.07,0.0,0.025,0.15,0.4696699141100892,0.8720983021216214,0.44999999999999996,1.0,1.0,1.0,0.7053206346573511,False,,data/grasp_success/raw/episode_000098/rgb.png,data/grasp_success/raw/episode_000098/depth.npy,data/grasp_success/raw/episode_000098/object_states.json,data/grasp_success/raw/episode_000098/candidates.json,
episode_000099,98,抓起绿色球,"{""confidence"": 0.8500000000000001, ""intent"": ""pick"", ""language"": ""zh"", ""normalized_target_label_en"": ""green sphere"", ""normalized_target_label_zh"": ""绿色球"", ""raw_instruction"": ""抓起绿色球"", ""target_color"": ""green"", ""target_position_hint"": null, ""target_type"": ""sphere""}",绿色球,green sphere,green_sphere,sphere,green,0.39946661059288696,0.11456362766283276,0.05,4,0.39946661059288696,0.11456362766283276,0.05,0.0,0.025,0.15,1.0,0.8286565447679572,0.95,1.0,1.0,1.0,0.9557313089535915,True,True,data/grasp_success/raw/episode_000099/rgb.png,data/grasp_success/raw/episode_000099/depth.npy,data/grasp_success/raw/episode_000099/object_states.json,data/grasp_success/raw/episode_000099/candidates.json,
episode_000099,98,抓起绿色球,"{""confidence"": 0.8500000000000001, ""intent"": ""pick"", ""language"": ""zh"", ""normalized_target_label_en"": ""green sphere"", ""normalized_target_label_zh"": ""绿色球"", ""raw_instruction"": ""抓起绿色球"", ""target_color"": ""green"", ""target_position_hint"": null, ""target_type"": ""sphere""}",绿色球,green sphere,green_sphere,sphere,green,0.39946661059288696,0.11456362766283276,0.05,5,0.39946661059288696,0.14456362766283276,0.05,0.0,0.025,0.15,0.625,0.8186565447679572,0.44999999999999996,1.0,1.0,1.0,0.7412313089535915,False,,data/grasp_success/raw/episode_000099/rgb.png,data/grasp_success/raw/episode_000099/depth.npy,data/grasp_success/raw/episode_000099/object_states.json,data/grasp_success/raw/episode_000099/candidates.json,
episode_000099,98,抓起绿色球,"{""confidence"": 0.8500000000000001, ""intent"": ""pick"", ""language"": ""zh"", ""normalized_target_label_en"": ""green sphere"", ""normalized_target_label_zh"": ""绿色球"", ""raw_instruction"": ""抓起绿色球"", ""target_color"": ""green"", ""target_position_hint"": null, ""target_type"": ""sphere""}",绿色球,green sphere,green_sphere,sphere,green,0.39946661059288696,0.11456362766283276,0.05,1,0.369466610592887,0.11456362766283276,0.05,0.0,0.025,0.15,0.6250000000000004,0.8159292720406846,0.44999999999999996,1.0,1.0,1.0,0.7406858544081371,False,,data/grasp_success/raw/episode_000099/rgb.png,data/grasp_success/raw/episode_000099/depth.npy,data/grasp_success/raw/episode_000099/object_states.json,data/grasp_success/raw/episode_000099/candidates.json,
episode_000099,98,抓起绿色球,"{""confidence"": 0.8500000000000001, ""intent"": ""pick"", ""language"": ""zh"", ""normalized_target_label_en"": ""green sphere"", ""normalized_target_label_zh"": ""绿色球"", ""raw_instruction"": ""抓起绿色球"", ""target_color"": ""green"", ""target_position_hint"": null, ""target_type"": ""sphere""}",绿色球,green sphere,green_sphere,sphere,green,0.39946661059288696,0.11456362766283276,0.05,3,0.39946661059288696,0.08456362766283276,0.05,0.0,0.025,0.15,0.625,0.8386565447679573,0.4211074445714641,1.0,1.0,1.0,0.7394527978678843,False,,data/grasp_success/raw/episode_000099/rgb.png,data/grasp_success/raw/episode_000099/depth.npy,data/grasp_success/raw/episode_000099/object_states.json,data/grasp_success/raw/episode_000099/candidates.json,
episode_000099,98,抓起绿色球,"{""confidence"": 0.8500000000000001, ""intent"": ""pick"", ""language"": ""zh"", ""normalized_target_label_en"": ""green sphere"", ""normalized_target_label_zh"": ""绿色球"", ""raw_instruction"": ""抓起绿色球"", ""target_color"": ""green"", ""target_position_hint"": null, ""target_type"": ""sphere""}",绿色球,green sphere,green_sphere,sphere,green,0.39946661059288696,0.11456362766283276,0.05,7,0.42946661059288693,0.11456362766283276,0.05,0.0,0.025,0.15,0.6250000000000004,0.84138381749523,0.3961398140373922,1.0,1.0,1.0,0.7350047263065246,False,,data/grasp_success/raw/episode_000099/rgb.png,data/grasp_success/raw/episode_000099/depth.npy,data/grasp_success/raw/episode_000099/object_states.json,data/grasp_success/raw/episode_000099/candidates.json,
episode_000099,98,抓起绿色球,"{""confidence"": 0.8500000000000001, ""intent"": ""pick"", ""language"": ""zh"", ""normalized_target_label_en"": ""green sphere"", ""normalized_target_label_zh"": ""绿色球"", ""raw_instruction"": ""抓起绿色球"", ""target_color"": ""green"", ""target_position_hint"": null, ""target_type"": ""sphere""}",绿色球,green sphere,green_sphere,sphere,green,0.39946661059288696,0.11456362766283276,0.05,10,0.369466610592887,0.11456362766283276,0.05,0.7853981633974483,0.025,0.15,0.6250000000000004,0.8159292720406846,0.4,1.0,1.0,1.0,0.730685854408137,False,,data/grasp_success/raw/episode_000099/rgb.png,data/grasp_success/raw/episode_000099/depth.npy,data/grasp_success/raw/episode_000099/object_states.json,data/grasp_success/raw/episode_000099/candidates.json,
episode_000099,98,抓起绿色球,"{""confidence"": 0.8500000000000001, ""intent"": ""pick"", ""language"": ""zh"", ""normalized_target_label_en"": ""green sphere"", ""normalized_target_label_zh"": ""绿色球"", ""raw_instruction"": ""抓起绿色球"", ""target_color"": ""green"", ""target_position_hint"": null, ""target_type"": ""sphere""}",绿色球,green sphere,green_sphere,sphere,green,0.39946661059288696,0.11456362766283276,0.05,8,0.42946661059288693,0.14456362766283276,0.05,0.0,0.025,0.15,0.4696699141100896,0.83138381749523,0.44999999999999996,1.0,1.0,1.0,0.6971777377320729,False,,data/grasp_success/raw/episode_000099/rgb.png,data/grasp_success/raw/episode_000099/depth.npy,data/grasp_success/raw/episode_000099/object_states.json,data/grasp_success/raw/episode_000099/candidates.json,
episode_000099,98,抓起绿色球,"{""confidence"": 0.8500000000000001, ""intent"": ""pick"", ""language"": ""zh"", ""normalized_target_label_en"": ""green sphere"", ""normalized_target_label_zh"": ""绿色球"", ""raw_instruction"": ""抓起绿色球"", ""target_color"": ""green"", ""target_position_hint"": null, ""target_type"": ""sphere""}",绿色球,green sphere,green_sphere,sphere,green,0.39946661059288696,0.11456362766283276,0.05,0,0.369466610592887,0.08456362766283276,0.05,0.0,0.025,0.15,0.4696699141100896,0.8259292720406846,0.44999999999999996,1.0,1.0,1.0,0.6960868286411639,False,,data/grasp_success/raw/episode_000099/rgb.png,data/grasp_success/raw/episode_000099/depth.npy,data/grasp_success/raw/episode_000099/object_states.json,data/grasp_success/raw/episode_000099/candidates.json,
episode_000100,99,抓起中间的物体,"{""confidence"": 0.6, ""intent"": ""pick"", ""language"": ""zh"", ""normalized_target_label_en"": ""center"", ""normalized_target_label_zh"": ""中间的物体"", ""raw_instruction"": ""抓起中间的物体"", ""target_color"": null, ""target_position_hint"": ""center"", ""target_type"": null}",中间的物体,center,blue_cylinder,cylinder,blue,0.5135760464117323,0.024968626370019373,0.07,4,0.5135760464117323,0.024968626370019373,0.07,0.0,0.025,0.15,1.0,0.8804226402070364,0.95,1.0,1.0,1.0,0.9660845280414073,True,True,data/grasp_success/raw/episode_000100/rgb.png,data/grasp_success/raw/episode_000100/depth.npy,data/grasp_success/raw/episode_000100/object_states.json,data/grasp_success/raw/episode_000100/candidates.json,
episode_000100,99,抓起中间的物体,"{""confidence"": 0.6, ""intent"": ""pick"", ""language"": ""zh"", ""normalized_target_label_en"": ""center"", ""normalized_target_label_zh"": ""中间的物体"", ""raw_instruction"": ""抓起中间的物体"", ""target_color"": null, ""target_position_hint"": ""center"", ""target_type"": null}",中间的物体,center,blue_cylinder,cylinder,blue,0.5135760464117323,0.024968626370019373,0.07,3,0.5135760464117323,-0.005031373629980625,0.07,0.0,0.025,0.15,0.625,0.8870683911203827,0.44999999999999996,1.0,1.0,1.0,0.7549136782240766,False,,data/grasp_success/raw/episode_000100/rgb.png,data/grasp_success/raw/episode_000100/depth.npy,data/grasp_success/raw/episode_000100/object_states.json,data/grasp_success/raw/episode_000100/candidates.json,
episode_000100,99,抓起中间的物体,"{""confidence"": 0.6, ""intent"": ""pick"", ""language"": ""zh"", ""normalized_target_label_en"": ""center"", ""normalized_target_label_zh"": ""中间的物体"", ""raw_instruction"": ""抓起中间的物体"", ""target_color"": null, ""target_position_hint"": ""center"", ""target_type"": null}",中间的物体,center,blue_cylinder,cylinder,blue,0.5135760464117323,0.024968626370019373,0.07,7,0.5435760464117323,0.024968626370019373,0.07,0.0,0.025,0.15,0.6249999999999997,0.8676953674797637,0.44999999999999996,1.0,1.0,1.0,0.7510390734959527,False,,data/grasp_success/raw/episode_000100/rgb.png,data/grasp_success/raw/episode_000100/depth.npy,data/grasp_success/raw/episode_000100/object_states.json,data/grasp_success/raw/episode_000100/candidates.json,
episode_000100,99,抓起中间的物体,"{""confidence"": 0.6, ""intent"": ""pick"", ""language"": ""zh"", ""normalized_target_label_en"": ""center"", ""normalized_target_label_zh"": ""中间的物体"", ""raw_instruction"": ""抓起中间的物体"", ""target_color"": null, ""target_position_hint"": ""center"", ""target_type"": null}",中间的物体,center,blue_cylinder,cylinder,blue,0.5135760464117323,0.024968626370019373,0.07,5,0.5135760464117323,0.05496862637001937,0.07,0.0,0.025,0.15,0.625,0.8704226402070364,0.4022054143784253,1.0,1.0,1.0,0.7420256109170924,False,,data/grasp_success/raw/episode_000100/rgb.png,data/grasp_success/raw/episode_000100/depth.npy,data/grasp_success/raw/episode_000100/object_states.json,data/grasp_success/raw/episode_000100/candidates.json,
episode_000100,99,抓起中间的物体,"{""confidence"": 0.6, ""intent"": ""pick"", ""language"": ""zh"", ""normalized_target_label_en"": ""center"", ""normalized_target_label_zh"": ""中间的物体"", ""raw_instruction"": ""抓起中间的物体"", ""target_color"": null, ""target_position_hint"": ""center"", ""target_type"": null}",中间的物体,center,blue_cylinder,cylinder,blue,0.5135760464117323,0.024968626370019373,0.07,1,0.48357604641173224,0.024968626370019373,0.07,0.0,0.025,0.15,0.6249999999999997,0.8931499129343091,0.3691585772535576,1.0,1.0,1.0,0.7399616980375733,False,,data/grasp_success/raw/episode_000100/rgb.png,data/grasp_success/raw/episode_000100/depth.npy,data/grasp_success/raw/episode_000100/object_states.json,data/grasp_success/raw/episode_000100/candidates.json,
episode_000100,99,抓起中间的物体,"{""confidence"": 0.6, ""intent"": ""pick"", ""language"": ""zh"", ""normalized_target_label_en"": ""center"", ""normalized_target_label_zh"": ""中间的物体"", ""raw_instruction"": ""抓起中间的物体"", ""target_color"": null, ""target_position_hint"": ""center"", ""target_type"": null}",中间的物体,center,blue_cylinder,cylinder,blue,0.5135760464117323,0.024968626370019373,0.07,10,0.48357604641173224,0.024968626370019373,0.07,0.7853981633974483,0.025,0.15,0.6249999999999997,0.8931499129343091,0.3191585772535577,1.0,1.0,1.0,0.7299616980375733,False,,data/grasp_success/raw/episode_000100/rgb.png,data/grasp_success/raw/episode_000100/depth.npy,data/grasp_success/raw/episode_000100/object_states.json,data/grasp_success/raw/episode_000100/candidates.json,
episode_000100,99,抓起中间的物体,"{""confidence"": 0.6, ""intent"": ""pick"", ""language"": ""zh"", ""normalized_target_label_en"": ""center"", ""normalized_target_label_zh"": ""中间的物体"", ""raw_instruction"": ""抓起中间的物体"", ""target_color"": null, ""target_position_hint"": ""center"", ""target_type"": null}",中间的物体,center,blue_cylinder,cylinder,blue,0.5135760464117323,0.024968626370019373,0.07,0,0.48357604641173224,-0.005031373629980625,0.07,0.0,0.025,0.15,0.4696699141100892,0.8997956638476554,0.44999999999999996,1.0,1.0,1.0,0.7108601070025579,False,,data/grasp_success/raw/episode_000100/rgb.png,data/grasp_success/raw/episode_000100/depth.npy,data/grasp_success/raw/episode_000100/object_states.json,data/grasp_success/raw/episode_000100/candidates.json,
episode_000100,99,抓起中间的物体,"{""confidence"": 0.6, ""intent"": ""pick"", ""language"": ""zh"", ""normalized_target_label_en"": ""center"", ""normalized_target_label_zh"": ""中间的物体"", ""raw_instruction"": ""抓起中间的物体"", ""target_color"": null, ""target_position_hint"": ""center"", ""target_type"": null}",中间的物体,center,blue_cylinder,cylinder,blue,0.5135760464117323,0.024968626370019373,0.07,6,0.5435760464117323,-0.005031373629980625,0.07,0.0,0.025,0.15,0.4696699141100892,0.8743411183931099,0.44999999999999996,1.0,1.0,1.0,0.7057691979116487,False,,data/grasp_success/raw/episode_000100/rgb.png,data/grasp_success/raw/episode_000100/depth.npy,data/grasp_success/raw/episode_000100/object_states.json,data/grasp_success/raw/episode_000100/candidates.json,
